Depth 1,Depth sed [m],Age [ka BP],Age B1,"TC [%] (Element analyser, CHN)","TOC [%] (Element analyser, CHN)","TN [%] (Element analyser, CHN)","δ13C Corg [‰ PDB] (Element Analyser, Eurovector,...)","δ15N Corg [‰ PDB] (Element Analyser, Eurovector,...)",Terr [%] (δ13C Fterr (%)),"<63 µm [%] (Grain size, sieving)",Unnamed: 11,Unnamed: 12,Depth (cm),Bacon age(kyr)
3.5,0.035,3.416,3.784293407,0.76,0.46,0.08,-22.17,4.42,77.44,98.64,,,15.5,3.784293407
10.5,0.105,3.485,3.784293407,0.73,0.38,0.07,-22.39,5.1,85.4,99.55,,,15.75,3.791500146
15.5,0.155,3.535,3.784293407,1.18,0.45,0.07,-22.03,4.74,72.44,96.66,,,16.0,3.798706885
23.5,0.235,4.264,4.014909045,0.74,0.37,0.07,-22.14,4.76,76.28,99.71,,,16.25,3.805913623
33.5,0.335,4.366,4.303178591,0.91,0.43,0.08,-22.08,4.6,74.21,99.76,,,16.5,3.813120362
43.5,0.435,4.431,4.644868791,1.03,0.39,0.08,-21.99,4.98,71.12,99.8,,,16.75,3.820327101
53.5,0.535,4.5255,4.98720823,1.09,0.42,0.07,-22.1,4.91,74.85,99.69,,,17.0,3.827533839
65.5,0.655,4.6765,5.326531757,0.97,0.4,0.07,-22.16,4.64,77.2,99.67,,,17.25,3.834740578
75.5,0.755,5.464,5.587321753,1.15,0.39,0.08,-22.35,5.11,84.05,99.77,,,17.5,3.841947317
82.5,0.825,5.887,5.718593872,1.24,0.39,0.08,-21.88,5.0,67.16,99.9,,,18.0,3.856360794
93.5,0.935,6.272,5.924878631,0.92,0.38,0.07,-22.15,5.11,76.76,99.66,,,18.25,3.863567533
103.5,1.035,6.51,6.115087669,1.0,0.39,0.07,-22.49,4.57,89.01,99.73,,,18.5,3.870774271
114.5,1.145,6.7145,6.32483735,0.98,0.36,0.07,-22.54,4.98,90.87,99.7,,,18.75,3.87798101
120.5,1.205,6.794,6.436997895,0.89,0.33,0.07,-22.24,4.76,79.97,99.29,,,19.0,3.885187749
133.5,1.335,6.968,6.684234388,1.08,0.41,0.08,-22.29,5.27,81.82,99.87,,,19.25,3.892394487
145.5,1.455,7.086,6.904136908,1.25,0.39,0.07,-22.24,5.33,80.06,99.78,,,19.5,3.899601226
156.5,1.565,7.211,7.119024011,1.03,0.4,0.08,-22.19,5.1,78.39,99.43,,,19.75,3.906807965
165.5,1.655,7.3155,7.341207162,1.07,0.42,0.07,-22.16,5.31,77.05,97.62,,,20.0,3.914014703
175.5,1.755,7.453,7.589916776,0.96,0.49,0.08,-22.23,5.06,79.68,99.82,,,20.25,3.921221442
183.5,1.835,7.557,7.816844036,1.85,0.52,0.08,-22.01,5.18,71.77,99.6,,,20.5,3.928428181
194.5,1.945,7.7215,8.128869018,1.3,0.43,0.08,-22.35,5.17,83.86,99.88,,,21.0,3.942841658
204.5,2.045,7.895,8.415211426,1.68,0.45,0.09,-22.12,5.17,75.86,99.88,,,21.25,3.950048397
213.5,2.135,8.118,8.673046697,1.53,0.47,0.08,-22.19,5.33,78.13,99.25,,,21.5,3.957255135
224.5,2.245,8.526,8.957384448,1.22,0.4,0.06,-22.01,5.27,71.84,99.62,,,21.75,3.964461874
233.5,2.335,8.982,9.186046221,1.67,0.45,0.14,-21.81,5.47,64.77,99.51,,,22.0,3.971668613
244.5,2.445,9.7715,9.467092778,0.77,0.51,0.07,-21.53,5.25,54.61,99.76,,,22.25,3.978875351
254.5,2.545,10.1765,9.716422098,1.37,0.57,0.1,-21.86,5.17,66.38,99.8,,,22.5,3.98608209
264.5,2.645,10.4785,9.966565638,1.49,0.51,0.07,-21.85,5.13,66.1,99.54,,,22.75,3.993288829
273.5,2.735,10.698,10.19753,1.45,0.47,0.07,-21.8,4.98,64.44,99.59,,,23.0,4.000495567
280.5,2.805,10.799,10.37097992,1.58,0.49,0.06,-21.96,5.17,69.92,99.43,,,23.25,4.007702306
290.5,2.905,10.9635,10.6182458,1.8,0.5,0.07,-21.71,5.48,61.08,99.6,,,23.5,4.014909045
298.5,2.985,11.0725,10.81819372,1.72,0.49,0.07,-21.63,5.15,58.34,99.92,,,23.75,4.022115783
303.5,3.035,11.1445,10.94487698,1.79,0.56,0.08,-22.2,4.94,78.74,99.83,,,24.0,4.029322522
310.5,3.105,11.2315,11.12223353,1.75,0.47,0.06,-21.94,4.93,69.32,99.62,,,24.25,4.036529261
320.5,3.205,11.338,11.38476273,1.73,0.48,0.07,-21.59,5.29,56.8,99.49,,,24.5,4.043735999
330.5,3.305,11.4825,11.65478868,1.76,0.47,0.07,-21.7,5.16,60.84,99.49,,,24.75,4.050942738
337.5,3.375,11.593,11.84263706,1.75,0.46,0.07,-21.86,5.38,66.35,99.13,,,25.0,4.058149477
344.5,3.445,11.734,12.02837982,1.62,0.5,0.07,-22.09,5.26,74.53,99.35,,,25.25,4.065356215
350.5,3.505,11.8865,12.18758791,1.75,0.58,0.07,-21.75,4.94,62.62,99.13,,,25.5,4.072562954
358.5,3.585,12.119,12.39233589,1.45,0.47,0.06,-21.85,5.49,66.06,98.55,,,25.75,4.079769693
366.5,3.665,12.5825,12.58740313,1.78,0.47,0.07,-21.82,5.44,64.95,99.11,,,26.0,4.086976431
375.5,3.755,13.2835,12.79844824,1.58,0.59,0.08,-21.57,3.19,55.94,99.48,,,26.25,4.09418317
380.5,3.805,13.2955,12.83630985,1.58,0.6,0.07,-21.46,1.83,52.25,99.88,,,26.5,4.101389909
390.5,3.905,13.3365,12.91203309,1.67,0.57,0.07,-21.34,5.23,47.78,99.94,,,27.5,4.130216863
400.5,4.005,13.375,12.98757511,1.72,0.51,0.07,-21.26,4.96,44.97,99.94,,,27.75,4.137423602
410.5,4.105,13.4095,13.06296887,1.78,0.53,0.06,-21.34,5.34,47.83,99.73,,,28.0,4.144630341
420.5,4.205,13.44,13.1362744,1.81,0.58,0.07,-21.45,0.39,51.62,99.82,,,28.25,4.151837079
430.5,4.305,13.4655,13.21315591,1.8,0.56,0.06,-21.35,1.43,48.36,99.79,,,28.5,4.159043818
440.5,4.405,13.4915,13.28605448,1.79,0.57,0.06,-21.5,0.68,53.56,99.66,,,29.0,4.173457295
448.5,4.485,13.51,13.34299369,1.82,0.56,0.06,-21.42,4.98,50.87,99.43,,,29.25,4.180664034
453.5,4.535,13.525,13.3785807,1.81,0.56,0.07,-21.54,5.36,54.94,99.6,,,29.5,4.187870773
460.5,4.605,13.54,13.43088453,1.92,0.55,0.07,-21.29,5.21,46.21,99.22,,,29.75,4.195077511
470.5,4.705,13.563,13.5065713,1.52,0.55,0.05,-21.31,5.47,46.72,98.96,,,30.0,4.20228425
480.5,4.805,13.5905,13.58006946,2.05,0.6,0.07,-21.31,1.99,46.66,98.85,,,30.25,4.209490989
490.5,4.905,13.6185,13.65177694,1.69,0.51,0.06,-21.33,2.28,47.68,98.87,,,30.5,4.216697727
500.5,5.005,13.645,13.72494316,1.86,0.54,0.07,-21.25,1.69,44.6,98.95,,,30.75,4.223904466
510.5,5.105,13.675,13.79930288,1.81,0.59,0.06,-21.3,2.07,46.61,99.48,,,31.0,4.231111205
520.5,5.205,13.703,13.8742276,1.69,0.5,0.07,-21.35,2.14,48.23,96.74,,,31.25,4.238317943
528.5,5.285,13.729,13.93453718,1.38,0.59,0.05,-21.29,1.93,46.22,99.43,,,31.5,4.245524682
535.5,5.355,13.7545,13.9872767,2.35,0.6,0.09,-21.39,1.76,49.77,99.3,,,31.75,4.252731421
542.5,5.425,13.777,14.03960845,1.4,0.74,0.06,-21.22,1.79,43.41,98.67,,,32.0,4.259938159
550.5,5.505,13.802,14.09941616,1.66,0.59,0.08,-21.27,1.82,45.44,99.45,,,32.25,4.267144898
556.5,5.565,13.86,14.14551863,1.44,0.64,0.06,-21.26,1.76,45.09,99.46,,,32.5,4.274351637
564.5,5.645,14.025,14.21197534,1.72,0.59,0.07,-21.34,0.89,48.01,99.51,,,32.75,4.281558375
569.5,5.695,14.1055,14.25351079,1.23,0.6,0.07,-21.21,2.6,43.12,99.85,,,33.0,4.288765114
577.5,5.775,14.2085,14.3195766,1.5,0.53,0.06,-21.39,1.99,49.76,99.07,,,33.25,4.295971853
585.5,5.855,14.291,14.38478244,1.51,0.61,0.07,-21.23,2.57,43.84,99.51,,,33.5,4.303178591
592.5,5.925,14.3475,14.44183754,1.59,0.55,0.07,-21.22,1.81,43.63,99.49,,,33.75,4.31038533
601.5,6.015,14.4285,14.51377209,1.65,0.61,0.08,-21.15,2.79,41.24,99.43,,,34.0,4.317592069
610.5,6.105,14.4815,14.5851597,1.47,0.63,0.07,-21.17,2.46,41.94,99.82,,,34.25,4.324798807
619.5,6.195,14.5475,14.65634849,1.41,0.62,0.07,-21.13,3.05,40.21,99.19,,,34.5,4.332005546
628.5,6.285,14.633,14.72733846,1.61,0.65,0.07,-21.16,2.49,41.27,99.35,,,34.75,4.339212285
638.5,6.385,14.6975,14.80685819,1.46,0.65,0.08,-21.19,2.32,42.53,99.45,,,35.0,4.346419023
650.5,6.505,14.7685,14.90371257,1.56,0.61,0.08,-21.02,2.49,36.52,99.72,,,35.5,4.363974892
660.5,6.605,14.8355,14.98390304,1.42,0.63,0.07,-21.07,2.15,38.08,99.4,,,37.0,4.416642498
670.5,6.705,14.8965,15.06366682,1.18,0.62,0.08,-21.08,1.7,38.47,98.93,,,37.75,4.442976301
680.5,6.805,14.967,15.14537823,1.66,0.6,0.08,-21.14,2.25,40.59,97.0,,,38.25,4.46053217
690.5,6.905,15.0375,15.22868316,2.06,0.61,0.1,-21.05,2.16,37.5,99.73,,,38.5,4.469310104
700.5,7.005,15.1125,15.31093991,1.8,0.68,0.1,-21.02,2.14,36.29,99.72,,,38.75,4.478088038
710.5,7.105,15.177,15.39233906,1.63,0.64,0.1,-21.01,2.63,35.9,99.7,,,39.5,4.504421841
720.5,7.205,15.2425,15.4749608,1.62,0.62,0.1,-20.99,2.45,35.52,99.22,,,39.75,4.513199776
729.5,7.295,15.307,15.55022065,1.38,0.62,0.08,-21.16,2.33,41.33,99.51,,,40.0,4.52197771
740.5,7.405,15.3885,15.64225682,1.22,0.57,0.08,-21.19,1.89,42.5,99.58,,,40.25,4.530755644
748.5,7.485,15.4405,15.70922997,1.5,0.36,0.09,-22.19,1.58,78.12,99.63,,,40.5,4.539533579
751.5,7.515,15.4625,15.7343449,1.56,0.61,0.08,-21.01,2.78,36.23,99.55,,,40.75,4.548311513
760.5,7.605,15.525,15.80869294,1.46,0.57,0.08,-21.05,2.17,37.61,99.68,,,41.0,4.557089447
770.5,7.705,15.5725,15.89059709,1.52,0.62,0.09,-21.06,2.57,37.89,99.69,,,41.25,4.565867382
780.5,7.805,15.6465,15.9725582,1.57,0.63,0.09,-20.88,2.66,31.41,99.77,,,41.5,4.574645316
790.5,7.905,15.7205,16.05456591,1.62,0.65,0.09,-20.96,2.37,34.11,99.66,,,41.75,4.58342325
800.5,8.005,15.8025,16.13695688,1.46,0.59,0.08,-21.11,3.74,39.81,99.87,,,42.25,4.600979119
810.5,8.105,15.8815,16.21966142,1.52,0.61,0.09,-20.95,4.48,34.02,99.38,,,42.5,4.609757053
820.5,8.205,15.9715,16.30115842,1.49,0.67,0.1,-20.97,4.03,34.47,99.25,,,42.75,4.618534988
833.5,8.335,16.082,16.40582011,1.28,0.64,0.09,-20.79,3.28,28.38,99.75,,,43.0,4.627312922
843.5,8.435,16.1965,16.4857053,1.62,0.64,0.1,-20.28,2.92,9.87,99.64,,,43.25,4.636090856
853.5,8.535,16.328,16.56348602,1.5,0.65,0.1,-20.14,2.06,5.01,87.08,,,43.5,4.644868791
857.5,8.575,16.3795,16.60544018,1.17,0.63,0.11,-19.31,1.94,-24.62,97.34,,,43.75,4.653646725
860.5,8.605,16.429,16.62143648,1.69,0.6,0.09,-21.19,2.9,42.44,99.83,,,44.0,4.662424659
870.5,8.705,16.565,16.70141797,2.01,0.65,0.09,-21.0,2.66,35.64,97.43,,,44.25,4.671202594
880.5,8.805,16.653,16.77289266,1.56,0.66,0.09,-20.69,2.35,24.8,99.37,,,45.5,4.715092265
890.5,8.905,16.757,16.83740723,1.45,0.64,0.1,-20.69,2.87,24.69,99.28,,,46.75,4.758981937
898.5,8.985,16.8235,16.89025055,1.7,0.71,0.1,-20.61,3.38,21.93,98.85,,,48.5,4.820427477
910.5,9.105,16.9015,16.97189088,1.67,0.7,0.1,-20.36,3.3,12.76,99.51,,,48.75,4.829205412
920.5,9.205,16.951,17.03863068,1.65,0.69,0.11,-20.33,3.46,11.96,98.85,,,50.0,4.873095083
928.5,9.285,16.9975,17.09281771,1.68,0.77,0.11,-20.35,3.0,12.36,99.56,,,50.25,4.881873018
932.5,9.325,17.016,17.13553009,0.97,0.59,0.11,-19.05,1.96,-34.0,80.95,,,50.5,4.890650952
937.5,9.375,17.043,17.15048452,1.74,0.62,0.1,-21.21,3.32,43.34,99.74,,,50.75,4.899428886
940.5,9.405,17.0615,17.17042376,1.73,0.66,0.1,-20.98,2.58,34.88,99.76,,,51.0,4.908206821
950.5,9.505,17.11,17.23688789,1.36,0.66,0.1,-20.92,2.78,33.02,99.73,,,51.25,4.916984755
960.5,9.605,17.163,17.30168309,1.59,0.62,0.09,-20.75,2.97,26.81,99.37,,,51.75,4.934540624
970.5,9.705,17.228,17.3651128,1.55,0.68,0.1,-20.8,3.32,28.41,99.7,,,52.0,4.943318558
980.5,9.805,17.3115,17.43072556,1.5,0.6,0.09,-20.85,3.09,30.42,99.33,,,52.25,4.952096492
990.5,9.905,17.4005,17.49812445,1.62,0.63,0.09,-20.74,3.59,26.57,99.69,,,52.5,4.960874427
1000.5,10.005,17.4765,17.55883787,1.63,0.66,0.1,-20.82,3.13,29.13,98.3,,,52.75,4.969652361
1010.5,10.105,17.5225,17.61408138,1.65,0.68,0.09,-20.97,2.89,34.49,98.59,,,53.0,4.978430295
1020.5,10.205,17.5825,17.66965375,1.11,0.67,0.09,-21.31,1.09,46.76,99.43,,,53.25,4.98720823
1030.5,10.305,17.6445,17.7254952,1.65,0.69,0.09,-20.93,1.32,33.18,99.65,,,54.0,5.013542033
1040.5,10.405,17.704,17.78066411,1.68,0.66,0.09,-20.97,0.78,34.52,97.86,,,54.25,5.022319967
1048.5,10.485,17.7435,17.82435904,1.99,0.69,0.08,-20.99,1.73,35.32,95.89,,,54.5,5.031097901
1058.5,10.585,17.8055,17.87924662,1.7,0.64,0.1,-21.18,1.88,42.25,99.42,,,54.75,5.039875836
1068.5,10.685,17.848,17.93463364,1.63,0.63,0.1,-21.01,2.13,36.11,99.29,,,55.0,5.04865377
1078.5,10.785,17.893,17.98974869,1.67,0.66,0.1,-21.14,1.57,40.84,99.45,,,55.25,5.055269913
1088.5,10.885,17.948,18.04299339,1.74,0.7,0.11,-21.02,1.7,36.48,99.2,,,55.5,5.061886055
1098.5,10.985,17.984,18.09904645,1.67,0.64,0.1,-21.19,1.29,42.51,99.65,,,55.75,5.068502198
1108.5,11.085,18.025,18.15387886,1.65,0.64,0.09,-21.13,0.59,40.43,96.48,,,56.0,5.07511834
1113.5,11.135,18.0485,18.18129506,0.85,0.6,0.1,-21.19,1.83,42.52,99.34,,,56.25,5.081734483
1116.5,11.165,18.0565,18.19785163,1.29,0.66,0.1,-20.34,-1.64,12.21,87.92,,,56.5,5.088350625
1120.5,11.205,18.076,18.22006952,1.63,0.61,0.09,-21.3,1.52,46.5,97.67,,,57.0,5.10158291
1130.5,11.305,18.1155,18.27561423,1.44,0.61,0.09,-21.41,1.75,50.34,99.65,,,57.25,5.108199053
1140.5,11.405,18.1605,18.33095574,1.6,0.65,0.1,-21.11,2.03,39.65,99.48,,,57.5,5.114815196
1150.5,11.505,18.199,18.38613098,1.63,0.67,0.1,-20.97,2.78,34.64,99.08,,,58.25,5.134663623
1160.5,11.605,18.2355,18.44160297,1.7,0.62,0.1,-21.22,1.73,43.65,99.85,,,58.75,5.147895908
1170.5,11.705,18.2715,18.49731776,1.59,0.64,0.11,-21.26,1.68,45.09,99.42,,,59.0,5.154512051
1180.5,11.805,18.3205,18.55279522,1.67,0.57,0.11,-21.44,1.05,51.49,99.79,,,59.25,5.161128193
1190.5,11.905,18.368,18.6080785,1.72,0.57,0.11,-21.31,1.18,46.62,99.67,,,59.5,5.167744336
1198.5,11.985,18.4,18.65222697,1.7,0.57,0.1,-21.25,2.17,44.66,99.55,,,59.75,5.174360478
1210.5,12.105,18.452,18.71829896,1.65,0.62,0.1,-21.25,1.84,44.78,99.92,,,60.0,5.180976621
1220.5,12.205,18.504,18.77392572,1.88,0.67,0.11,-21.29,1.51,46.1,99.4,,,60.25,5.187592764
1230.5,12.305,18.559,18.83001618,1.67,0.59,0.11,-21.41,1.74,50.24,99.62,,,60.5,5.194208906
1240.5,12.405,18.6115,18.88590192,1.73,0.55,0.11,-21.24,1.66,44.31,99.22,,,60.75,5.200825049
1250.5,12.505,18.668,18.94162014,1.73,0.6,0.11,-21.2,1.25,42.98,99.7,,,61.0,5.207441191
1260.5,12.605,18.7315,18.99775802,1.74,0.6,0.11,-21.09,1.97,39.1,99.57,,,61.25,5.214057334
1270.5,12.705,18.7795,19.05423926,1.7,0.65,0.12,-21.23,1.91,43.82,99.79,,,61.5,5.220673476
1279.5,12.795,18.833,19.1065492,1.64,0.56,0.1,-21.34,2.39,47.73,98.18,,,62.0,5.233905761
1289.5,12.895,18.9035,19.16631228,1.55,0.6,0.11,-21.27,2.33,45.43,99.46,,,62.5,5.240521904
1300.5,13.005,18.995,19.23329641,1.19,0.56,0.11,-21.63,1.99,58.04,99.44,,,62.75,5.253754189
1310.5,13.105,19.0765,19.29532267,1.58,0.59,0.11,-21.3,2.23,46.37,99.17,,,63.0,5.260370331
1320.5,13.205,19.1555,19.35595773,1.46,0.62,0.11,-21.31,2.27,46.81,98.96,,,63.75,5.266986474
1330.5,13.305,19.236,19.41545453,1.3,0.58,0.11,-21.39,2.64,49.71,99.88,,,64.0,5.286834902
1340.5,13.405,19.292,19.4766905,1.24,0.55,0.1,-22.07,1.0,73.75,99.57,,,64.25,5.293451044
1348.5,13.485,19.349,19.52681763,1.53,0.65,0.11,-21.68,1.34,60.08,99.88,,,64.5,5.300067187
1351.5,13.515,19.36,19.54561531,1.59,0.69,0.12,-20.91,1.6,32.58,99.23,,,65.5,5.326531757
1360.5,13.605,19.406,19.60119963,1.6,0.68,0.1,-21.2,1.58,42.93,99.27,,,65.75,5.333147899
1370.5,13.705,19.4555,19.66238817,1.39,0.6,0.1,-21.22,1.78,43.62,99.74,,,66.25,5.346380185
1380.5,13.805,19.498,19.72497697,1.46,0.69,0.11,-21.27,2.37,45.24,97.98,,,66.5,5.352996327
1390.5,13.905,19.557,19.78871144,1.46,0.75,0.11,-21.33,2.34,47.6,99.76,,,66.75,5.35961247
1397.5,13.975,19.586,19.83303062,1.04,0.61,0.1,-21.34,1.16,47.91,94.18,,,67.0,5.366228612
1406.5,14.065,19.6315,19.88932982,1.64,0.69,0.11,-20.91,1.55,32.33,96.92,,,67.25,5.372844755
1417.5,14.175,19.6855,19.95758936,1.43,0.62,0.1,-21.2,1.75,42.88,99.64,,,67.5,5.379460897
1429.5,14.295,19.746,20.03001215,1.48,0.66,0.11,-21.08,0.94,38.63,98.48,,,67.75,5.38607704
1440.5,14.405,19.7985,20.09771714,1.43,0.69,0.11,-20.98,1.5,34.92,99.49,,,68.0,5.392693182
1450.5,14.505,19.8565,20.16046479,1.19,0.62,0.11,-21.0,1.56,35.7,88.9,,,68.25,5.399309325
1460.5,14.605,19.907,20.22319647,1.37,0.79,0.1,-20.58,0.4,20.73,90.45,,,68.5,5.405925467
1465.5,14.655,19.937,20.25455576,1.39,0.72,0.11,-21.67,1.8,59.57,98.33,,,68.75,5.41254161
1475.5,14.755,19.9835,20.31720135,1.34,0.61,0.1,-21.66,2.11,59.27,99.8,,,69.0,5.419157752
1485.5,14.855,20.048,20.37845978,1.22,0.61,0.1,-21.31,1.86,46.69,99.09,,,69.25,5.425773895
1495.5,14.955,20.107,20.43971355,0.86,0.59,0.1,-21.8,2.92,64.19,99.77,,,69.5,5.432390038
1504.5,15.045,20.1515,20.49476253,1.36,0.68,0.1,-21.39,1.97,49.82,99.28,,,69.75,5.43900618
1514.5,15.145,20.219,20.55592807,1.29,0.61,0.1,-21.32,1.98,47.18,99.33,,,70.0,5.445622323
1524.5,15.245,20.291,20.61656009,1.34,0.63,0.1,-21.26,2.13,45.07,99.62,,,70.25,5.452238465
1534.5,15.345,20.3695,20.67716403,0.91,0.54,0.09,-21.59,1.52,56.94,99.07,,,70.5,5.458854608
1544.5,15.445,20.4535,20.74005019,1.54,0.56,0.09,-21.53,1.23,54.7,99.7,,,70.75,5.46547075
1554.5,15.545,20.507,20.80305647,1.45,0.58,0.09,-21.33,2.7,47.64,98.95,,,71.0,5.472086893
1564.5,15.645,20.5995,20.86980763,1.23,0.65,0.09,-21.5,2.38,53.63,99.83,,,71.25,5.478703035
1574.5,15.745,20.6805,20.93675588,1.33,0.53,0.09,-21.44,1.4,51.6,98.88,,,71.5,5.485319178
1584.5,15.845,20.765,21.00312508,1.51,0.56,0.1,-21.32,1.56,47.19,99.78,,,72.0,5.498551463
1594.5,15.945,20.84,21.0694638,1.59,0.56,0.1,-21.18,2.52,42.29,99.3,,,72.25,5.505167606
1604.5,16.045,20.913,21.13438286,1.6,0.6,0.1,-21.19,2.8,42.52,99.71,,,72.5,5.511783748
1614.5,16.145,20.9845,21.2008483,1.6,0.6,0.1,-21.17,3.16,41.85,99.24,,,72.75,5.518399891
1624.5,16.245,21.048,21.26766009,1.6,0.58,0.09,-21.17,3.1,41.88,99.64,,,73.0,5.525016033
1634.5,16.345,21.118,21.33285076,1.53,0.56,0.09,-21.18,2.66,41.98,98.38,,,73.25,5.531632176
1644.5,16.445,21.1695,21.40049123,1.54,0.59,0.09,-21.14,1.41,40.69,98.48,,,73.5,5.538248318
1654.5,16.545,21.2325,21.46817266,1.46,0.51,0.09,-21.08,1.91,38.46,97.79,,,73.75,5.544864461
1664.5,16.645,21.281,21.53370321,1.52,0.59,0.1,-21.16,1.96,41.34,99.21,,,74.25,5.558096746
1674.5,16.745,21.3405,21.59912055,1.45,0.57,0.1,-21.28,3.07,45.75,99.3,,,74.5,5.564712888
1684.5,16.845,21.3955,21.66596632,0.77,0.42,0.09,-21.53,1.44,54.71,99.23,,,74.75,5.571329031
1694.5,16.945,21.451,21.73288726,1.63,0.55,0.1,-21.23,1.71,44.05,99.42,,,75.0,5.577945174
1704.5,17.045,21.506,21.79829252,1.41,0.55,0.1,-21.3,3.76,46.41,98.25,,,75.25,5.582633463
1715.5,17.155,21.5695,21.87021081,1.26,0.55,0.1,-21.52,1.48,54.24,99.42,,,75.5,5.587321753
1725.5,17.255,21.622,21.93674145,1.15,0.54,0.1,-21.33,1.39,47.46,99.47,,,75.75,5.592010043
1734.5,17.345,21.6765,21.99661903,1.51,0.57,0.09,-21.41,-0.87,50.25,97.5,,,76.0,5.596698333
1744.5,17.445,21.7275,22.06144664,1.37,0.55,0.09,-21.36,0.63,48.58,99.63,,,76.25,5.601386623
1754.5,17.545,21.7945,22.12618461,1.45,0.55,0.1,-21.25,5.12,44.68,99.88,,,76.5,5.606074913
1764.5,17.645,21.853,22.19411068,1.35,0.52,0.1,-21.43,1.07,51.19,99.12,,,76.75,5.610763203
1774.5,17.745,21.9175,22.26220454,1.36,0.62,0.1,-21.32,1.73,47.2,99.75,,,77.0,5.615451493
1784.5,17.845,21.9805,22.32858292,0.87,0.51,0.1,-21.5,1.83,53.52,99.44,,,77.25,5.620139783
1790.5,17.905,22.0235,22.36835577,1.1,0.6,0.1,-21.39,0.99,49.75,99.58,,,77.5,5.624828073
1802.5,18.025,22.1035,22.44630042,1.38,0.51,0.1,-20.88,1.75,31.45,98.76,,,77.75,5.629516363
1812.5,18.125,22.1815,22.51045376,1.01,0.47,0.09,-21.67,1.66,59.69,99.57,,,78.0,5.634204653
1822.5,18.225,22.26,22.57567029,0.87,0.53,0.1,-21.67,1.76,59.69,99.87,,,78.25,5.638892943
1832.5,18.325,22.361,22.64124121,1.05,0.53,0.1,-21.56,1.75,55.76,99.72,,,78.5,5.643581233
1842.5,18.425,22.44,22.70810454,1.11,0.53,0.1,-21.48,2.81,52.8,98.01,,,78.75,5.648269523
1852.5,18.525,22.4705,22.77539867,1.18,0.55,0.1,-21.47,3.05,52.62,99.44,,,79.0,5.652957813
1862.5,18.625,22.507,22.84342743,1.1,0.49,0.09,-21.48,3.32,52.89,99.15,,,79.25,5.657646103
1872.5,18.725,22.543,22.91170106,0.76,0.47,0.1,-21.56,2.75,55.89,99.8,,,79.5,5.662334393
1882.5,18.825,22.5805,22.980624,1.16,0.5,0.09,-21.31,5.14,46.96,99.73,,,79.75,5.667022683
1892.5,18.925,22.623,23.04976337,1.24,0.51,0.1,-21.24,4.87,44.16,99.01,,,80.0,5.671710973
1902.5,19.025,22.6625,23.12058126,1.17,0.51,0.09,-21.44,5.06,51.37,99.8,,,80.25,5.676399263
1912.5,19.125,22.704,23.19195866,1.51,0.5,0.09,-21.23,5.27,43.92,99.63,,,80.5,5.681087553
1922.5,19.225,22.743,23.26190952,1.48,0.51,0.09,-21.17,4.7,41.66,99.58,,,80.75,5.685775843
1932.5,19.325,22.7825,23.32746287,1.52,0.54,0.1,-21.02,5.25,36.58,97.23,,,81.0,5.690464133
1942.5,19.425,22.823,23.39576122,1.32,0.53,0.1,-20.09,4.87,3.2,99.53,,,81.25,5.695152423
1951.5,19.515,22.8535,23.45754899,0.83,0.46,0.1,-21.12,4.86,39.96,99.86,,,81.5,5.699840713
1961.5,19.615,22.8895,23.53977346,1.68,0.51,0.09,-20.31,5.15,11.16,98.78,,,82.0,5.709217292
1971.5,19.715,23.0655,23.6293056,1.43,0.54,0.09,-20.78,5.02,27.79,99.9,,,82.25,5.713905582
1980.5,19.805,23.212,23.71550046,1.42,0.54,0.09,-20.71,2.75,25.44,98.9,,,82.5,5.718593872
1990.5,19.905,23.347,23.81524341,1.48,0.56,0.09,-20.89,3.02,31.69,99.63,,,82.75,5.723282162
2000.5,20.005,23.441,23.91336006,1.07,0.49,0.09,-21.25,2.86,44.55,99.67,,,83.0,5.727970452
2010.5,20.105,23.525,24.01475498,1.61,0.58,0.09,-21.47,5.87,52.45,99.64,,,83.25,5.732658742
2020.5,20.205,23.6175,24.11836838,1.44,0.5,0.09,-21.08,7.34,38.61,99.24,,,83.5,5.737347032
2030.5,20.305,23.7005,24.21918803,1.32,0.54,0.08,-20.84,7.39,30.09,98.9,,,83.75,5.742035322
2040.5,20.405,23.798,24.32188466,1.39,0.55,0.09,-20.37,4.92,13.37,99.58,,,84.0,5.746723612
2050.5,20.505,23.897,24.42611698,1.27,0.49,0.08,-20.17,5.34,6.17,99.41,,,84.25,5.751411902
2058.5,20.585,23.996,24.50755004,1.05,0.46,0.09,-20.58,4.97,20.58,99.67,,,84.5,5.756100192
2070.5,20.705,24.2165,24.62593351,1.38,0.53,0.09,-20.46,5.03,16.33,99.4,,,84.75,5.760788482
2079.5,20.795,24.348,24.71877513,1.35,0.54,0.1,-20.58,5.23,20.83,99.58,,,85.0,5.765476772
2089.5,20.895,24.398,24.82643695,1.45,0.48,0.09,-20.46,5.21,16.32,99.84,,,85.25,5.770165062
2097.5,20.975,24.4475,24.90925032,1.4,0.49,0.09,-20.74,5.1,26.54,99.87,,,85.5,5.774853352
2107.5,21.075,24.5035,25.01675852,1.53,0.56,0.09,-21.07,5.31,38.29,99.72,,,85.75,5.779541642
2117.5,21.175,24.554,25.12236876,1.57,0.51,0.1,-20.35,5.21,12.57,99.74,,,86.0,5.784229932
2127.5,21.275,24.6175,25.23015158,1.66,0.45,0.08,-20.54,5.24,19.42,97.15,,,86.25,5.788918222
2137.5,21.375,24.6835,25.33890252,1.52,0.59,0.1,-21.18,5.59,42.01,99.82,,,86.5,5.793606512
2147.5,21.475,24.752,25.45055781,1.51,0.5,0.09,-20.21,5.39,7.58,98.83,,,86.75,5.798294802
2157.5,21.575,24.8225,25.58150649,1.43,0.54,0.09,-20.6,5.23,21.56,98.42,,,87.0,5.802983092
2167.5,21.675,24.922,25.58150649,1.31,0.55,0.1,-19.91,1.63,-3.37,93.49,,,87.25,5.807671382
2177.5,21.775,25.021,25.58150649,1.4,0.56,0.1,-20.08,5.2,3.0,99.86,,,87.5,5.812359672
2187.5,21.875,25.1205,25.58150649,0.85,0.49,0.09,-20.31,5.34,11.1,99.37,,,87.75,5.817047962
2198.5,21.985,25.23,25.58150649,1.23,0.54,0.09,-20.27,2.88,9.82,99.76,,,88.0,5.821736252
2208.5,22.085,25.329,25.58150649,1.33,0.52,0.09,-20.69,3.23,24.71,99.92,,,88.25,5.826424542
2218.5,22.185,25.4285,25.58150649,1.32,0.47,0.09,-20.21,4.63,7.34,99.72,,,88.5,5.831112832
2228.5,22.285,25.528,25.58150649,1.43,0.55,0.09,-21.37,2.79,48.91,99.9,,,88.75,5.835801121
2238.5,22.385,25.6275,25.58150649,1.4,0.55,0.09,-21.45,2.95,51.79,99.83,,,89.0,5.840489411
2248.5,22.485,25.7265,25.58150649,1.42,0.55,0.09,-21.35,3.54,48.31,99.61,,,89.25,5.845177701
2256.5,22.565,25.806,25.58150649,1.41,0.55,0.09,-21.25,5.2,44.77,99.69,,,89.5,5.849865991
2266.5,22.665,25.9055,25.58150649,1.41,0.56,0.09,-21.73,2.67,61.96,99.4,,,89.75,5.854554281
2276.5,22.765,26.005,25.58150649,1.47,0.6,0.1,-21.19,3.35,42.38,99.76,,,90.0,5.859242571
2286.5,22.865,26.1045,25.58150649,1.3,0.6,0.1,-21.48,5.63,52.79,99.61,,,90.25,5.863930861
,,,,,,,,,,,,,90.5,5.868619151
,,,,,,,,,,,,,90.75,5.873307441
,,,,,,,,,,,,,91.0,5.877995731
,,,,,,,,,,,,,91.25,5.882684021
,,,,,,,,,,,,,91.5,5.887372311
,,,,,,,,,,,,,91.75,5.892060601
,,,,,,,,,,,,,92.0,5.896748891
,,,,,,,,,,,,,92.25,5.901437181
,,,,,,,,,,,,,92.5,5.906125471
,,,,,,,,,,,,,92.75,5.910813761
,,,,,,,,,,,,,93.0,5.915502051
,,,,,,,,,,,,,93.25,5.920190341
,,,,,,,,,,,,,93.5,5.924878631
,,,,,,,,,,,,,93.75,5.929566921
,,,,,,,,,,,,,94.0,5.934255211
,,,,,,,,,,,,,94.25,5.938943501
,,,,,,,,,,,,,94.5,5.943631791
,,,,,,,,,,,,,94.75,5.948320081
,,,,,,,,,,,,,95.0,5.953008371
,,,,,,,,,,,,,95.25,5.957775409
,,,,,,,,,,,,,95.5,5.962542447
,,,,,,,,,,,,,95.75,5.967309485
,,,,,,,,,,,,,96.0,5.972076523
,,,,,,,,,,,,,96.25,5.976843562
,,,,,,,,,,,,,96.5,5.9816106
,,,,,,,,,,,,,96.75,5.986377638
,,,,,,,,,,,,,97.0,5.991144676
,,,,,,,,,,,,,97.25,5.995911714
,,,,,,,,,,,,,97.5,6.000678753
,,,,,,,,,,,,,97.75,6.005445791
,,,,,,,,,,,,,98.0,6.010212829
,,,,,,,,,,,,,98.25,6.014979867
,,,,,,,,,,,,,98.5,6.019746905
,,,,,,,,,,,,,98.75,6.024513944
,,,,,,,,,,,,,99.0,6.029280982
,,,,,,,,,,,,,99.25,6.03404802
,,,,,,,,,,,,,99.5,6.038815058
,,,,,,,,,,,,,99.75,6.043582096
,,,,,,,,,,,,,100.0,6.048349135
,,,,,,,,,,,,,100.25,6.053116173
,,,,,,,,,,,,,100.5,6.057883211
,,,,,,,,,,,,,100.75,6.062650249
,,,,,,,,,,,,,101.0,6.067417287
,,,,,,,,,,,,,101.25,6.072184326
,,,,,,,,,,,,,101.5,6.076951364
,,,,,,,,,,,,,101.75,6.081718402
,,,,,,,,,,,,,102.0,6.08648544
,,,,,,,,,,,,,102.25,6.091252478
,,,,,,,,,,,,,102.5,6.096019517
,,,,,,,,,,,,,102.75,6.100786555
,,,,,,,,,,,,,103.0,6.105553593
,,,,,,,,,,,,,103.25,6.110320631
,,,,,,,,,,,,,103.5,6.115087669
,,,,,,,,,,,,,104.0,6.124621746
,,,,,,,,,,,,,104.25,6.129388784
,,,,,,,,,,,,,104.5,6.134155822
,,,,,,,,,,,,,105.0,6.143689899
,,,,,,,,,,,,,105.25,6.148456937
,,,,,,,,,,,,,105.5,6.153223975
,,,,,,,,,,,,,105.75,6.157991013
,,,,,,,,,,,,,106.0,6.162758051
,,,,,,,,,,,,,106.25,6.16752509
,,,,,,,,,,,,,106.5,6.172292128
,,,,,,,,,,,,,106.75,6.177059166
,,,,,,,,,,,,,107.0,6.181826204
,,,,,,,,,,,,,107.25,6.186593242
,,,,,,,,,,,,,107.5,6.191360281
,,,,,,,,,,,,,107.75,6.196127319
,,,,,,,,,,,,,108.0,6.200894357
,,,,,,,,,,,,,108.25,6.205661395
,,,,,,,,,,,,,108.5,6.210428433
,,,,,,,,,,,,,108.75,6.215195472
,,,,,,,,,,,,,109.0,6.21996251
,,,,,,,,,,,,,109.25,6.224729548
,,,,,,,,,,,,,109.5,6.229496586
,,,,,,,,,,,,,109.75,6.234263624
,,,,,,,,,,,,,110.0,6.239030663
,,,,,,,,,,,,,110.25,6.243797701
,,,,,,,,,,,,,110.5,6.248564739
,,,,,,,,,,,,,110.75,6.253331777
,,,,,,,,,,,,,111.0,6.258098815
,,,,,,,,,,,,,111.25,6.262865854
,,,,,,,,,,,,,111.5,6.267632892
,,,,,,,,,,,,,111.75,6.27239993
,,,,,,,,,,,,,112.0,6.277166968
,,,,,,,,,,,,,112.25,6.281934006
,,,,,,,,,,,,,112.5,6.286701045
,,,,,,,,,,,,,112.75,6.291468083
,,,,,,,,,,,,,113.0,6.296235121
,,,,,,,,,,,,,113.25,6.301002159
,,,,,,,,,,,,,113.5,6.305769197
,,,,,,,,,,,,,113.75,6.310536236
,,,,,,,,,,,,,114.0,6.315303274
,,,,,,,,,,,,,114.25,6.320070312
,,,,,,,,,,,,,114.5,6.32483735
,,,,,,,,,,,,,114.75,6.329604388
,,,,,,,,,,,,,115.0,6.334371427
,,,,,,,,,,,,,115.25,6.339036266
,,,,,,,,,,,,,115.5,6.343701106
,,,,,,,,,,,,,115.75,6.348365945
,,,,,,,,,,,,,116.25,6.357695624
,,,,,,,,,,,,,116.5,6.362360464
,,,,,,,,,,,,,116.75,6.367025303
,,,,,,,,,,,,,117.0,6.371690143
,,,,,,,,,,,,,117.25,6.376354982
,,,,,,,,,,,,,117.75,6.385684661
,,,,,,,,,,,,,118.0,6.390349501
,,,,,,,,,,,,,118.25,6.39501434
,,,,,,,,,,,,,118.5,6.39967918
,,,,,,,,,,,,,118.75,6.404344019
,,,,,,,,,,,,,119.0,6.409008858
,,,,,,,,,,,,,119.25,6.413673698
,,,,,,,,,,,,,119.5,6.418338537
,,,,,,,,,,,,,119.75,6.423003377
,,,,,,,,,,,,,120.0,6.427668216
,,,,,,,,,,,,,120.25,6.432333056
,,,,,,,,,,,,,120.5,6.436997895
,,,,,,,,,,,,,120.75,6.441662735
,,,,,,,,,,,,,121.0,6.446327574
,,,,,,,,,,,,,121.25,6.450992414
,,,,,,,,,,,,,121.5,6.455657253
,,,,,,,,,,,,,121.75,6.460322093
,,,,,,,,,,,,,122.0,6.464986932
,,,,,,,,,,,,,122.25,6.469651772
,,,,,,,,,,,,,122.5,6.474316611
,,,,,,,,,,,,,122.75,6.478981451
,,,,,,,,,,,,,123.0,6.48364629
,,,,,,,,,,,,,123.25,6.48831113
,,,,,,,,,,,,,123.5,6.492975969
,,,,,,,,,,,,,124.0,6.502305648
,,,,,,,,,,,,,124.5,6.511635327
,,,,,,,,,,,,,124.75,6.516300167
,,,,,,,,,,,,,125.0,6.520965006
,,,,,,,,,,,,,125.25,6.525629846
,,,,,,,,,,,,,125.5,6.530294685
,,,,,,,,,,,,,125.75,6.534959525
,,,,,,,,,,,,,126.0,6.539624364
,,,,,,,,,,,,,126.5,6.548954043
,,,,,,,,,,,,,126.75,6.553618883
,,,,,,,,,,,,,127.0,6.558283722
,,,,,,,,,,,,,127.25,6.562948562
,,,,,,,,,,,,,127.5,6.567613401
,,,,,,,,,,,,,127.75,6.572278241
,,,,,,,,,,,,,128.0,6.57694308
,,,,,,,,,,,,,128.25,6.58160792
,,,,,,,,,,,,,128.5,6.586272759
,,,,,,,,,,,,,128.75,6.590937599
,,,,,,,,,,,,,129.0,6.595602438
,,,,,,,,,,,,,129.25,6.600267278
,,,,,,,,,,,,,129.5,6.604932117
,,,,,,,,,,,,,130.0,6.614261796
,,,,,,,,,,,,,130.25,6.618926635
,,,,,,,,,,,,,130.5,6.623591475
,,,,,,,,,,,,,130.75,6.628256314
,,,,,,,,,,,,,131.0,6.632921154
,,,,,,,,,,,,,131.25,6.637585993
,,,,,,,,,,,,,131.5,6.642250833
,,,,,,,,,,,,,131.75,6.646915672
,,,,,,,,,,,,,132.0,6.651580512
,,,,,,,,,,,,,132.25,6.656245351
,,,,,,,,,,,,,132.5,6.660910191
,,,,,,,,,,,,,132.75,6.66557503
,,,,,,,,,,,,,133.0,6.67023987
,,,,,,,,,,,,,133.75,6.684234388
,,,,,,,,,,,,,134.0,6.688899228
,,,,,,,,,,,,,135.25,6.712239022
,,,,,,,,,,,,,135.5,6.716919458
,,,,,,,,,,,,,135.75,6.721599895
,,,,,,,,,,,,,136.0,6.726280331
,,,,,,,,,,,,,136.5,6.735641203
,,,,,,,,,,,,,136.75,6.740321639
,,,,,,,,,,,,,137.0,6.745002076
,,,,,,,,,,,,,137.25,6.749682512
,,,,,,,,,,,,,137.5,6.754362948
,,,,,,,,,,,,,137.75,6.759043384
,,,,,,,,,,,,,138.25,6.768404257
,,,,,,,,,,,,,138.5,6.773084693
,,,,,,,,,,,,,138.75,6.777765129
,,,,,,,,,,,,,139.0,6.782445566
,,,,,,,,,,,,,139.25,6.787126002
,,,,,,,,,,,,,139.5,6.791806438
,,,,,,,,,,,,,140.0,6.801167311
,,,,,,,,,,,,,140.25,6.805847747
,,,,,,,,,,,,,140.5,6.810528183
,,,,,,,,,,,,,140.75,6.815208619
,,,,,,,,,,,,,141.0,6.819889056
,,,,,,,,,,,,,141.25,6.824569492
,,,,,,,,,,,,,141.5,6.829249928
,,,,,,,,,,,,,141.75,6.833930364
,,,,,,,,,,,,,142.25,6.843291237
,,,,,,,,,,,,,142.5,6.847971673
,,,,,,,,,,,,,143.0,6.857332546
,,,,,,,,,,,,,143.25,6.862012982
,,,,,,,,,,,,,143.5,6.866693418
,,,,,,,,,,,,,143.75,6.871373854
,,,,,,,,,,,,,144.25,6.880734727
,,,,,,,,,,,,,144.5,6.885415163
,,,,,,,,,,,,,144.75,6.890095599
,,,,,,,,,,,,,145.0,6.894776036
,,,,,,,,,,,,,145.25,6.899456472
,,,,,,,,,,,,,145.5,6.904136908
,,,,,,,,,,,,,145.75,6.908817344
,,,,,,,,,,,,,146.0,6.913497781
,,,,,,,,,,,,,146.25,6.918178217
,,,,,,,,,,,,,146.5,6.922858653
,,,,,,,,,,,,,146.75,6.927539089
,,,,,,,,,,,,,147.5,6.941580398
,,,,,,,,,,,,,148.25,6.955621707
,,,,,,,,,,,,,150.25,6.993065197
,,,,,,,,,,,,,150.5,6.997745633
,,,,,,,,,,,,,150.75,7.002426069
,,,,,,,,,,,,,151.0,7.007106505
,,,,,,,,,,,,,151.25,7.011786942
,,,,,,,,,,,,,151.5,7.016467378
,,,,,,,,,,,,,151.75,7.021147814
,,,,,,,,,,,,,152.0,7.02582825
,,,,,,,,,,,,,152.25,7.030508687
,,,,,,,,,,,,,152.5,7.035189123
,,,,,,,,,,,,,152.75,7.039869559
,,,,,,,,,,,,,153.0,7.044549995
,,,,,,,,,,,,,153.25,7.049230432
,,,,,,,,,,,,,153.5,7.053910868
,,,,,,,,,,,,,153.75,7.058591304
,,,,,,,,,,,,,154.0,7.06327174
,,,,,,,,,,,,,154.25,7.067952177
,,,,,,,,,,,,,154.5,7.072632613
,,,,,,,,,,,,,154.75,7.077313049
,,,,,,,,,,,,,155.0,7.081993485
,,,,,,,,,,,,,155.25,7.08816524
,,,,,,,,,,,,,155.5,7.094336994
,,,,,,,,,,,,,155.75,7.100508748
,,,,,,,,,,,,,156.0,7.106680502
,,,,,,,,,,,,,156.25,7.112852256
,,,,,,,,,,,,,156.5,7.119024011
,,,,,,,,,,,,,156.75,7.125195765
,,,,,,,,,,,,,157.0,7.131367519
,,,,,,,,,,,,,157.25,7.137539273
,,,,,,,,,,,,,157.5,7.143711027
,,,,,,,,,,,,,157.75,7.149882782
,,,,,,,,,,,,,158.0,7.156054536
,,,,,,,,,,,,,158.25,7.16222629
,,,,,,,,,,,,,158.5,7.168398044
,,,,,,,,,,,,,158.75,7.174569798
,,,,,,,,,,,,,159.0,7.180741553
,,,,,,,,,,,,,159.25,7.186913307
,,,,,,,,,,,,,159.5,7.193085061
,,,,,,,,,,,,,159.75,7.199256815
,,,,,,,,,,,,,160.0,7.20542857
,,,,,,,,,,,,,160.25,7.211600324
,,,,,,,,,,,,,160.5,7.217772078
,,,,,,,,,,,,,160.75,7.223943832
,,,,,,,,,,,,,161.0,7.230115586
,,,,,,,,,,,,,161.25,7.236287341
,,,,,,,,,,,,,161.5,7.242459095
,,,,,,,,,,,,,161.75,7.248630849
,,,,,,,,,,,,,162.0,7.254802603
,,,,,,,,,,,,,162.25,7.260974357
,,,,,,,,,,,,,162.5,7.267146112
,,,,,,,,,,,,,162.75,7.273317866
,,,,,,,,,,,,,163.0,7.27948962
,,,,,,,,,,,,,163.25,7.285661374
,,,,,,,,,,,,,163.5,7.291833128
,,,,,,,,,,,,,163.75,7.298004883
,,,,,,,,,,,,,164.0,7.304176637
,,,,,,,,,,,,,164.25,7.310348391
,,,,,,,,,,,,,164.5,7.316520145
,,,,,,,,,,,,,164.75,7.322691899
,,,,,,,,,,,,,165.0,7.328863654
,,,,,,,,,,,,,165.25,7.335035408
,,,,,,,,,,,,,165.5,7.341207162
,,,,,,,,,,,,,165.75,7.347378916
,,,,,,,,,,,,,166.0,7.35355067
,,,,,,,,,,,,,166.25,7.359722425
,,,,,,,,,,,,,166.5,7.365894179
,,,,,,,,,,,,,166.75,7.372065933
,,,,,,,,,,,,,167.0,7.378237687
,,,,,,,,,,,,,167.25,7.384409441
,,,,,,,,,,,,,167.5,7.390581196
,,,,,,,,,,,,,167.75,7.39675295
,,,,,,,,,,,,,168.0,7.402924704
,,,,,,,,,,,,,168.25,7.409096458
,,,,,,,,,,,,,168.5,7.415268213
,,,,,,,,,,,,,168.75,7.421439967
,,,,,,,,,,,,,169.0,7.427611721
,,,,,,,,,,,,,169.25,7.433783475
,,,,,,,,,,,,,169.5,7.439955229
,,,,,,,,,,,,,169.75,7.446126984
,,,,,,,,,,,,,170.0,7.452298738
,,,,,,,,,,,,,170.25,7.458470492
,,,,,,,,,,,,,170.5,7.464642246
,,,,,,,,,,,,,170.75,7.470814
,,,,,,,,,,,,,171.0,7.476985755
,,,,,,,,,,,,,171.25,7.483157509
,,,,,,,,,,,,,171.5,7.489329263
,,,,,,,,,,,,,171.75,7.495501017
,,,,,,,,,,,,,172.0,7.501672771
,,,,,,,,,,,,,172.25,7.507844526
,,,,,,,,,,,,,172.5,7.51401628
,,,,,,,,,,,,,172.75,7.520188034
,,,,,,,,,,,,,173.0,7.526359788
,,,,,,,,,,,,,173.25,7.532531542
,,,,,,,,,,,,,173.5,7.538703297
,,,,,,,,,,,,,173.75,7.544875051
,,,,,,,,,,,,,174.0,7.551046805
,,,,,,,,,,,,,174.25,7.557218559
,,,,,,,,,,,,,174.5,7.563390313
,,,,,,,,,,,,,174.75,7.569562068
,,,,,,,,,,,,,175.0,7.575733822
,,,,,,,,,,,,,175.25,7.582825299
,,,,,,,,,,,,,175.5,7.589916776
,,,,,,,,,,,,,175.75,7.597008253
,,,,,,,,,,,,,176.0,7.604099729
,,,,,,,,,,,,,176.25,7.611191206
,,,,,,,,,,,,,176.5,7.618282683
,,,,,,,,,,,,,176.75,7.62537416
,,,,,,,,,,,,,177.0,7.632465637
,,,,,,,,,,,,,177.25,7.639557114
,,,,,,,,,,,,,177.5,7.646648591
,,,,,,,,,,,,,177.75,7.653740068
,,,,,,,,,,,,,178.0,7.660831544
,,,,,,,,,,,,,178.25,7.667923021
,,,,,,,,,,,,,178.5,7.675014498
,,,,,,,,,,,,,178.75,7.682105975
,,,,,,,,,,,,,179.0,7.689197452
,,,,,,,,,,,,,179.25,7.696288929
,,,,,,,,,,,,,179.5,7.703380406
,,,,,,,,,,,,,179.75,7.710471883
,,,,,,,,,,,,,180.0,7.717563359
,,,,,,,,,,,,,180.25,7.724654836
,,,,,,,,,,,,,180.5,7.731746313
,,,,,,,,,,,,,180.75,7.73883779
,,,,,,,,,,,,,181.0,7.745929267
,,,,,,,,,,,,,181.25,7.753020744
,,,,,,,,,,,,,181.5,7.760112221
,,,,,,,,,,,,,181.75,7.767203698
,,,,,,,,,,,,,182.0,7.774295174
,,,,,,,,,,,,,182.25,7.781386651
,,,,,,,,,,,,,182.5,7.788478128
,,,,,,,,,,,,,182.75,7.795569605
,,,,,,,,,,,,,183.0,7.802661082
,,,,,,,,,,,,,183.25,7.809752559
,,,,,,,,,,,,,183.5,7.816844036
,,,,,,,,,,,,,183.75,7.823935513
,,,,,,,,,,,,,184.0,7.83102699
,,,,,,,,,,,,,184.25,7.838118466
,,,,,,,,,,,,,184.5,7.845209943
,,,,,,,,,,,,,184.75,7.85230142
,,,,,,,,,,,,,185.0,7.859392897
,,,,,,,,,,,,,185.25,7.866484374
,,,,,,,,,,,,,185.5,7.873575851
,,,,,,,,,,,,,185.75,7.880667328
,,,,,,,,,,,,,186.0,7.887758805
,,,,,,,,,,,,,186.25,7.894850281
,,,,,,,,,,,,,186.5,7.901941758
,,,,,,,,,,,,,186.75,7.909033235
,,,,,,,,,,,,,187.0,7.916124712
,,,,,,,,,,,,,187.25,7.923216189
,,,,,,,,,,,,,187.5,7.930307666
,,,,,,,,,,,,,187.75,7.937399143
,,,,,,,,,,,,,188.0,7.94449062
,,,,,,,,,,,,,188.25,7.951582096
,,,,,,,,,,,,,188.5,7.958673573
,,,,,,,,,,,,,188.75,7.96576505
,,,,,,,,,,,,,189.0,7.972856527
,,,,,,,,,,,,,189.25,7.979948004
,,,,,,,,,,,,,189.5,7.987039481
,,,,,,,,,,,,,189.75,7.994130958
,,,,,,,,,,,,,190.0,8.001222435
,,,,,,,,,,,,,190.25,8.008313911
,,,,,,,,,,,,,190.5,8.015405388
,,,,,,,,,,,,,190.75,8.022496865
,,,,,,,,,,,,,191.0,8.029588342
,,,,,,,,,,,,,191.25,8.036679819
,,,,,,,,,,,,,191.5,8.043771296
,,,,,,,,,,,,,191.75,8.050862773
,,,,,,,,,,,,,192.0,8.05795425
,,,,,,,,,,,,,192.25,8.065045727
,,,,,,,,,,,,,192.5,8.072137203
,,,,,,,,,,,,,192.75,8.07922868
,,,,,,,,,,,,,193.0,8.086320157
,,,,,,,,,,,,,193.25,8.093411634
,,,,,,,,,,,,,193.5,8.100503111
,,,,,,,,,,,,,193.75,8.107594588
,,,,,,,,,,,,,194.25,8.121777542
,,,,,,,,,,,,,194.5,8.128869018
,,,,,,,,,,,,,194.75,8.135960495
,,,,,,,,,,,,,195.0,8.143051972
,,,,,,,,,,,,,195.25,8.150214063
,,,,,,,,,,,,,195.5,8.157376154
,,,,,,,,,,,,,195.75,8.164538245
,,,,,,,,,,,,,196.0,8.171700336
,,,,,,,,,,,,,196.25,8.178862427
,,,,,,,,,,,,,196.5,8.186024517
,,,,,,,,,,,,,196.75,8.193186608
,,,,,,,,,,,,,197.0,8.200348699
,,,,,,,,,,,,,197.25,8.20751079
,,,,,,,,,,,,,197.75,8.221834972
,,,,,,,,,,,,,198.5,8.243321244
,,,,,,,,,,,,,198.75,8.250483335
,,,,,,,,,,,,,199.0,8.257645426
,,,,,,,,,,,,,199.25,8.264807517
,,,,,,,,,,,,,199.5,8.271969608
,,,,,,,,,,,,,199.75,8.279131699
,,,,,,,,,,,,,200.25,8.293455881
,,,,,,,,,,,,,200.75,8.307780062
,,,,,,,,,,,,,201.0,8.314942153
,,,,,,,,,,,,,201.25,8.322104244
,,,,,,,,,,,,,201.5,8.329266335
,,,,,,,,,,,,,201.75,8.336428426
,,,,,,,,,,,,,202.0,8.343590517
,,,,,,,,,,,,,202.25,8.350752608
,,,,,,,,,,,,,202.5,8.357914698
,,,,,,,,,,,,,202.75,8.365076789
,,,,,,,,,,,,,203.0,8.37223888
,,,,,,,,,,,,,203.25,8.379400971
,,,,,,,,,,,,,203.5,8.386563062
,,,,,,,,,,,,,203.75,8.393725153
,,,,,,,,,,,,,204.0,8.400887244
,,,,,,,,,,,,,204.25,8.408049335
,,,,,,,,,,,,,204.5,8.415211426
,,,,,,,,,,,,,205.0,8.429535607
,,,,,,,,,,,,,205.25,8.436697698
,,,,,,,,,,,,,205.5,8.443859789
,,,,,,,,,,,,,205.75,8.45102188
,,,,,,,,,,,,,206.0,8.458183971
,,,,,,,,,,,,,206.25,8.465346062
,,,,,,,,,,,,,206.5,8.472508153
,,,,,,,,,,,,,206.75,8.479670243
,,,,,,,,,,,,,207.0,8.486832334
,,,,,,,,,,,,,207.25,8.493994425
,,,,,,,,,,,,,207.5,8.501156516
,,,,,,,,,,,,,207.75,8.508318607
,,,,,,,,,,,,,208.0,8.515480698
,,,,,,,,,,,,,208.25,8.522642789
,,,,,,,,,,,,,208.75,8.53696697
,,,,,,,,,,,,,209.0,8.544129061
,,,,,,,,,,,,,209.25,8.551291152
,,,,,,,,,,,,,209.5,8.558453243
,,,,,,,,,,,,,209.75,8.565615334
,,,,,,,,,,,,,210.0,8.572777425
,,,,,,,,,,,,,210.25,8.579939516
,,,,,,,,,,,,,210.5,8.587101607
,,,,,,,,,,,,,210.75,8.594263697
,,,,,,,,,,,,,211.0,8.601425788
,,,,,,,,,,,,,211.25,8.608587879
,,,,,,,,,,,,,211.5,8.61574997
,,,,,,,,,,,,,211.75,8.622912061
,,,,,,,,,,,,,212.0,8.630074152
,,,,,,,,,,,,,212.25,8.637236243
,,,,,,,,,,,,,212.5,8.644398334
,,,,,,,,,,,,,212.75,8.651560424
,,,,,,,,,,,,,213.0,8.658722515
,,,,,,,,,,,,,213.25,8.665884606
,,,,,,,,,,,,,213.5,8.673046697
,,,,,,,,,,,,,213.75,8.680208788
,,,,,,,,,,,,,214.0,8.687370879
,,,,,,,,,,,,,214.25,8.69453297
,,,,,,,,,,,,,214.5,8.701695061
,,,,,,,,,,,,,214.75,8.708857151
,,,,,,,,,,,,,215.0,8.716019242
,,,,,,,,,,,,,215.25,8.722370958
,,,,,,,,,,,,,215.75,8.73507439
,,,,,,,,,,,,,216.0,8.741426106
,,,,,,,,,,,,,216.25,8.747777822
,,,,,,,,,,,,,216.5,8.754129538
,,,,,,,,,,,,,216.75,8.760481254
,,,,,,,,,,,,,217.0,8.76683297
,,,,,,,,,,,,,217.25,8.773184686
,,,,,,,,,,,,,217.5,8.779536402
,,,,,,,,,,,,,217.75,8.785888118
,,,,,,,,,,,,,218.0,8.792239833
,,,,,,,,,,,,,218.25,8.798591549
,,,,,,,,,,,,,218.5,8.804943265
,,,,,,,,,,,,,218.75,8.811294981
,,,,,,,,,,,,,219.0,8.817646697
,,,,,,,,,,,,,219.25,8.823998413
,,,,,,,,,,,,,219.5,8.830350129
,,,,,,,,,,,,,220.0,8.843053561
,,,,,,,,,,,,,220.25,8.849405277
,,,,,,,,,,,,,220.5,8.855756993
,,,,,,,,,,,,,220.75,8.862108709
,,,,,,,,,,,,,221.0,8.868460425
,,,,,,,,,,,,,221.25,8.874812141
,,,,,,,,,,,,,221.5,8.881163856
,,,,,,,,,,,,,221.75,8.887515572
,,,,,,,,,,,,,222.0,8.893867288
,,,,,,,,,,,,,222.25,8.900219004
,,,,,,,,,,,,,222.5,8.90657072
,,,,,,,,,,,,,222.75,8.912922436
,,,,,,,,,,,,,223.0,8.919274152
,,,,,,,,,,,,,223.25,8.925625868
,,,,,,,,,,,,,223.5,8.931977584
,,,,,,,,,,,,,223.75,8.9383293
,,,,,,,,,,,,,224.0,8.944681016
,,,,,,,,,,,,,224.25,8.951032732
,,,,,,,,,,,,,224.5,8.957384448
,,,,,,,,,,,,,224.75,8.963736164
,,,,,,,,,,,,,225.5,8.982791311
,,,,,,,,,,,,,225.75,8.989143027
,,,,,,,,,,,,,226.0,8.995494743
,,,,,,,,,,,,,226.25,9.001846459
,,,,,,,,,,,,,226.5,9.008198175
,,,,,,,,,,,,,226.75,9.014549891
,,,,,,,,,,,,,227.0,9.020901607
,,,,,,,,,,,,,227.25,9.027253323
,,,,,,,,,,,,,227.5,9.033605039
,,,,,,,,,,,,,228.0,9.046308471
,,,,,,,,,,,,,228.25,9.052660187
,,,,,,,,,,,,,229.25,9.07806705
,,,,,,,,,,,,,229.5,9.084418766
,,,,,,,,,,,,,230.0,9.097122198
,,,,,,,,,,,,,230.25,9.103473914
,,,,,,,,,,,,,230.5,9.10982563
,,,,,,,,,,,,,230.75,9.116177346
,,,,,,,,,,,,,231.0,9.122529062
,,,,,,,,,,,,,231.25,9.128880778
,,,,,,,,,,,,,231.5,9.135232494
,,,,,,,,,,,,,231.75,9.141584209
,,,,,,,,,,,,,232.0,9.147935925
,,,,,,,,,,,,,232.25,9.154287641
,,,,,,,,,,,,,232.5,9.160639357
,,,,,,,,,,,,,232.75,9.166991073
,,,,,,,,,,,,,233.0,9.173342789
,,,,,,,,,,,,,233.25,9.179694505
,,,,,,,,,,,,,233.5,9.186046221
,,,,,,,,,,,,,233.75,9.192397937
,,,,,,,,,,,,,234.0,9.198749653
,,,,,,,,,,,,,234.25,9.205101369
,,,,,,,,,,,,,234.5,9.211453085
,,,,,,,,,,,,,234.75,9.217804801
,,,,,,,,,,,,,235.0,9.224156517
,,,,,,,,,,,,,235.25,9.230549576
,,,,,,,,,,,,,235.5,9.236942636
,,,,,,,,,,,,,235.75,9.243335695
,,,,,,,,,,,,,236.0,9.249728755
,,,,,,,,,,,,,236.25,9.256121814
,,,,,,,,,,,,,236.5,9.262514874
,,,,,,,,,,,,,236.75,9.268907933
,,,,,,,,,,,,,237.0,9.275300993
,,,,,,,,,,,,,237.25,9.281694052
,,,,,,,,,,,,,237.5,9.288087112
,,,,,,,,,,,,,237.75,9.294480171
,,,,,,,,,,,,,238.0,9.300873231
,,,,,,,,,,,,,238.25,9.30726629
,,,,,,,,,,,,,238.5,9.31365935
,,,,,,,,,,,,,239.0,9.326445469
,,,,,,,,,,,,,239.25,9.332838528
,,,,,,,,,,,,,239.5,9.339231588
,,,,,,,,,,,,,239.75,9.345624647
,,,,,,,,,,,,,240.0,9.352017707
,,,,,,,,,,,,,240.25,9.358410766
,,,,,,,,,,,,,240.5,9.364803826
,,,,,,,,,,,,,240.75,9.371196885
,,,,,,,,,,,,,241.0,9.377589945
,,,,,,,,,,,,,241.25,9.383983004
,,,,,,,,,,,,,241.5,9.390376064
,,,,,,,,,,,,,241.75,9.396769123
,,,,,,,,,,,,,242.0,9.403162183
,,,,,,,,,,,,,242.25,9.409555242
,,,,,,,,,,,,,242.5,9.415948302
,,,,,,,,,,,,,242.75,9.422341361
,,,,,,,,,,,,,243.0,9.428734421
,,,,,,,,,,,,,243.5,9.44152054
,,,,,,,,,,,,,243.75,9.447913599
,,,,,,,,,,,,,244.0,9.454306659
,,,,,,,,,,,,,244.25,9.460699718
,,,,,,,,,,,,,244.5,9.467092778
,,,,,,,,,,,,,244.75,9.473485837
,,,,,,,,,,,,,245.0,9.479878897
,,,,,,,,,,,,,245.25,9.486271956
,,,,,,,,,,,,,245.5,9.492665016
,,,,,,,,,,,,,245.75,9.499058075
,,,,,,,,,,,,,246.0,9.505451135
,,,,,,,,,,,,,246.25,9.511844194
,,,,,,,,,,,,,246.5,9.518237254
,,,,,,,,,,,,,246.75,9.524630313
,,,,,,,,,,,,,247.0,9.531023373
,,,,,,,,,,,,,247.25,9.537416432
,,,,,,,,,,,,,247.5,9.543809492
,,,,,,,,,,,,,247.75,9.550202551
,,,,,,,,,,,,,248.0,9.556595611
,,,,,,,,,,,,,248.25,9.56298867
,,,,,,,,,,,,,248.5,9.56938173
,,,,,,,,,,,,,248.75,9.575774789
,,,,,,,,,,,,,249.0,9.582167849
,,,,,,,,,,,,,249.25,9.588560908
,,,,,,,,,,,,,249.5,9.594953968
,,,,,,,,,,,,,249.75,9.601347027
,,,,,,,,,,,,,250.0,9.607740087
,,,,,,,,,,,,,250.25,9.614133146
,,,,,,,,,,,,,250.5,9.620526206
,,,,,,,,,,,,,250.75,9.626919265
,,,,,,,,,,,,,251.25,9.639705384
,,,,,,,,,,,,,251.5,9.646098444
,,,,,,,,,,,,,251.75,9.652491503
,,,,,,,,,,,,,252.0,9.658884563
,,,,,,,,,,,,,252.25,9.665277622
,,,,,,,,,,,,,252.5,9.671670682
,,,,,,,,,,,,,252.75,9.678063741
,,,,,,,,,,,,,253.0,9.684456801
,,,,,,,,,,,,,253.25,9.69084986
,,,,,,,,,,,,,253.5,9.69724292
,,,,,,,,,,,,,253.75,9.703635979
,,,,,,,,,,,,,254.25,9.716422098
,,,,,,,,,,,,,255.0,9.735601277
,,,,,,,,,,,,,255.25,9.741843557
,,,,,,,,,,,,,255.5,9.748085837
,,,,,,,,,,,,,255.75,9.754328117
,,,,,,,,,,,,,256.25,9.766812677
,,,,,,,,,,,,,256.5,9.773054957
,,,,,,,,,,,,,256.75,9.779297237
,,,,,,,,,,,,,257.0,9.785539517
,,,,,,,,,,,,,257.25,9.791781797
,,,,,,,,,,,,,257.5,9.798024077
,,,,,,,,,,,,,257.75,9.804266357
,,,,,,,,,,,,,258.0,9.810508637
,,,,,,,,,,,,,258.5,9.822993197
,,,,,,,,,,,,,258.75,9.829235477
,,,,,,,,,,,,,259.0,9.835477757
,,,,,,,,,,,,,259.25,9.841720037
,,,,,,,,,,,,,259.75,9.854204597
,,,,,,,,,,,,,260.0,9.860446877
,,,,,,,,,,,,,260.25,9.866689157
,,,,,,,,,,,,,260.5,9.872931437
,,,,,,,,,,,,,260.75,9.879173718
,,,,,,,,,,,,,261.0,9.885415998
,,,,,,,,,,,,,261.25,9.891658278
,,,,,,,,,,,,,261.75,9.904142838
,,,,,,,,,,,,,262.0,9.910385118
,,,,,,,,,,,,,262.25,9.916627398
,,,,,,,,,,,,,262.75,9.929111958
,,,,,,,,,,,,,263.0,9.935354238
,,,,,,,,,,,,,263.25,9.941596518
,,,,,,,,,,,,,263.5,9.947838798
,,,,,,,,,,,,,263.75,9.954081078
,,,,,,,,,,,,,264.0,9.960323358
,,,,,,,,,,,,,264.25,9.966565638
,,,,,,,,,,,,,264.75,9.979050198
,,,,,,,,,,,,,265.0,9.985292478
,,,,,,,,,,,,,265.25,9.991534758
,,,,,,,,,,,,,265.5,9.997777038
,,,,,,,,,,,,,265.75,10.00401932
,,,,,,,,,,,,,266.0,10.0102616
,,,,,,,,,,,,,266.25,10.01650388
,,,,,,,,,,,,,266.5,10.02274616
,,,,,,,,,,,,,266.75,10.02898844
,,,,,,,,,,,,,267.0,10.03523072
,,,,,,,,,,,,,267.25,10.041473
,,,,,,,,,,,,,267.75,10.04771528
,,,,,,,,,,,,,268.0,10.05395756
,,,,,,,,,,,,,268.5,10.06019984
,,,,,,,,,,,,,269.0,10.08516896
,,,,,,,,,,,,,269.25,10.09141124
,,,,,,,,,,,,,269.5,10.09765352
,,,,,,,,,,,,,269.75,10.1038958
,,,,,,,,,,,,,270.0,10.11013808
,,,,,,,,,,,,,270.25,10.11638036
,,,,,,,,,,,,,270.5,10.12262264
,,,,,,,,,,,,,270.75,10.12886492
,,,,,,,,,,,,,271.0,10.1351072
,,,,,,,,,,,,,271.25,10.14134948
,,,,,,,,,,,,,271.5,10.14759176
,,,,,,,,,,,,,271.75,10.15383404
,,,,,,,,,,,,,272.0,10.16007632
,,,,,,,,,,,,,272.25,10.1663186
,,,,,,,,,,,,,272.5,10.17256088
,,,,,,,,,,,,,272.75,10.17880316
,,,,,,,,,,,,,273.0,10.18504544
,,,,,,,,,,,,,273.5,10.19753
,,,,,,,,,,,,,273.75,10.20377228
,,,,,,,,,,,,,274.0,10.21001456
,,,,,,,,,,,,,274.25,10.21625684
,,,,,,,,,,,,,274.5,10.22249912
,,,,,,,,,,,,,274.75,10.2287414
,,,,,,,,,,,,,275.0,10.23498368
,,,,,,,,,,,,,275.5,10.24734697
,,,,,,,,,,,,,275.75,10.25352862
,,,,,,,,,,,,,276.25,10.26589192
,,,,,,,,,,,,,276.5,10.27207356
,,,,,,,,,,,,,276.75,10.27825521
,,,,,,,,,,,,,277.0,10.28443686
,,,,,,,,,,,,,277.25,10.2906185
,,,,,,,,,,,,,277.5,10.29680015
,,,,,,,,,,,,,277.75,10.3029818
,,,,,,,,,,,,,278.0,10.30916344
,,,,,,,,,,,,,278.25,10.31534509
,,,,,,,,,,,,,278.75,10.32770839
,,,,,,,,,,,,,279.0,10.33389003
,,,,,,,,,,,,,279.25,10.34007168
,,,,,,,,,,,,,279.5,10.34625333
,,,,,,,,,,,,,279.75,10.35243497
,,,,,,,,,,,,,280.0,10.35861662
,,,,,,,,,,,,,280.25,10.36479827
,,,,,,,,,,,,,280.5,10.37097992
,,,,,,,,,,,,,280.75,10.37716156
,,,,,,,,,,,,,281.0,10.38334321
,,,,,,,,,,,,,281.25,10.38952486
,,,,,,,,,,,,,281.5,10.3957065
,,,,,,,,,,,,,281.75,10.40188815
,,,,,,,,,,,,,282.0,10.4080698
,,,,,,,,,,,,,282.25,10.41425145
,,,,,,,,,,,,,282.5,10.42043309
,,,,,,,,,,,,,282.75,10.42661474
,,,,,,,,,,,,,283.0,10.43279639
,,,,,,,,,,,,,283.5,10.44515968
,,,,,,,,,,,,,283.75,10.45134133
,,,,,,,,,,,,,284.0,10.45752297
,,,,,,,,,,,,,284.25,10.46370462
,,,,,,,,,,,,,284.5,10.46988627
,,,,,,,,,,,,,284.75,10.47606792
,,,,,,,,,,,,,285.0,10.48224956
,,,,,,,,,,,,,285.25,10.48843121
,,,,,,,,,,,,,285.5,10.49461286
,,,,,,,,,,,,,285.75,10.5007945
,,,,,,,,,,,,,286.0,10.50697615
,,,,,,,,,,,,,286.25,10.5131578
,,,,,,,,,,,,,286.5,10.51933945
,,,,,,,,,,,,,286.75,10.52552109
,,,,,,,,,,,,,287.0,10.53170274
,,,,,,,,,,,,,287.25,10.53788439
,,,,,,,,,,,,,287.5,10.54406603
,,,,,,,,,,,,,287.75,10.55024768
,,,,,,,,,,,,,288.0,10.55642933
,,,,,,,,,,,,,288.25,10.56261097
,,,,,,,,,,,,,288.5,10.56879262
,,,,,,,,,,,,,288.75,10.57497427
,,,,,,,,,,,,,289.0,10.58115592
,,,,,,,,,,,,,289.25,10.58733756
,,,,,,,,,,,,,289.75,10.59970086
,,,,,,,,,,,,,290.0,10.6058825
,,,,,,,,,,,,,290.25,10.61206415
,,,,,,,,,,,,,290.5,10.6182458
,,,,,,,,,,,,,290.75,10.62442745
,,,,,,,,,,,,,291.0,10.63060909
,,,,,,,,,,,,,291.25,10.63679074
,,,,,,,,,,,,,291.5,10.64297239
,,,,,,,,,,,,,291.75,10.64915403
,,,,,,,,,,,,,292.0,10.65533568
,,,,,,,,,,,,,292.25,10.66151733
,,,,,,,,,,,,,292.5,10.66769898
,,,,,,,,,,,,,292.75,10.67388062
,,,,,,,,,,,,,293.0,10.68006227
,,,,,,,,,,,,,293.25,10.68624392
,,,,,,,,,,,,,293.5,10.69242556
,,,,,,,,,,,,,293.75,10.69860721
,,,,,,,,,,,,,294.0,10.70478886
,,,,,,,,,,,,,294.25,10.7109705
,,,,,,,,,,,,,294.5,10.71715215
,,,,,,,,,,,,,294.75,10.7233338
,,,,,,,,,,,,,295.0,10.72951545
,,,,,,,,,,,,,295.25,10.73584961
,,,,,,,,,,,,,295.5,10.74218377
,,,,,,,,,,,,,295.75,10.74851793
,,,,,,,,,,,,,296.0,10.7548521
,,,,,,,,,,,,,296.25,10.76118626
,,,,,,,,,,,,,296.75,10.77385459
,,,,,,,,,,,,,297.0,10.78018875
,,,,,,,,,,,,,297.25,10.78652291
,,,,,,,,,,,,,297.5,10.79285707
,,,,,,,,,,,,,297.75,10.79919124
,,,,,,,,,,,,,298.0,10.8055254
,,,,,,,,,,,,,298.25,10.81185956
,,,,,,,,,,,,,298.5,10.81819372
,,,,,,,,,,,,,298.75,10.82452789
,,,,,,,,,,,,,300.25,10.86253286
,,,,,,,,,,,,,300.5,10.86886703
,,,,,,,,,,,,,300.75,10.87520119
,,,,,,,,,,,,,301.0,10.88153535
,,,,,,,,,,,,,301.25,10.88786951
,,,,,,,,,,,,,301.5,10.89420368
,,,,,,,,,,,,,301.75,10.90053784
,,,,,,,,,,,,,302.0,10.906872
,,,,,,,,,,,,,302.25,10.91320616
,,,,,,,,,,,,,302.5,10.91954033
,,,,,,,,,,,,,302.75,10.92587449
,,,,,,,,,,,,,303.0,10.93220865
,,,,,,,,,,,,,303.25,10.93854282
,,,,,,,,,,,,,303.5,10.94487698
,,,,,,,,,,,,,303.75,10.95121114
,,,,,,,,,,,,,304.0,10.9575453
,,,,,,,,,,,,,304.25,10.96387947
,,,,,,,,,,,,,304.5,10.97021363
,,,,,,,,,,,,,304.75,10.97654779
,,,,,,,,,,,,,305.0,10.98288195
,,,,,,,,,,,,,305.25,10.98921612
,,,,,,,,,,,,,305.5,10.99555028
,,,,,,,,,,,,,305.75,11.00188444
,,,,,,,,,,,,,306.0,11.00821861
,,,,,,,,,,,,,306.25,11.01455277
,,,,,,,,,,,,,306.5,11.02088693
,,,,,,,,,,,,,306.75,11.02722109
,,,,,,,,,,,,,307.0,11.03355526
,,,,,,,,,,,,,307.25,11.03988942
,,,,,,,,,,,,,307.5,11.04622358
,,,,,,,,,,,,,307.75,11.05255774
,,,,,,,,,,,,,308.0,11.05889191
,,,,,,,,,,,,,308.25,11.06522607
,,,,,,,,,,,,,308.5,11.07156023
,,,,,,,,,,,,,308.75,11.0778944
,,,,,,,,,,,,,309.0,11.08422856
,,,,,,,,,,,,,309.25,11.09056272
,,,,,,,,,,,,,309.5,11.09689688
,,,,,,,,,,,,,309.75,11.10323105
,,,,,,,,,,,,,310.0,11.10956521
,,,,,,,,,,,,,310.25,11.11589937
,,,,,,,,,,,,,310.5,11.12223353
,,,,,,,,,,,,,310.75,11.1285677
,,,,,,,,,,,,,311.0,11.13490186
,,,,,,,,,,,,,311.25,11.14123602
,,,,,,,,,,,,,311.5,11.14757019
,,,,,,,,,,,,,311.75,11.15390435
,,,,,,,,,,,,,312.0,11.16023851
,,,,,,,,,,,,,312.25,11.16657267
,,,,,,,,,,,,,312.5,11.17290684
,,,,,,,,,,,,,312.75,11.179241
,,,,,,,,,,,,,313.0,11.18557516
,,,,,,,,,,,,,313.25,11.19190932
,,,,,,,,,,,,,313.5,11.19824349
,,,,,,,,,,,,,313.75,11.20457765
,,,,,,,,,,,,,314.0,11.21091181
,,,,,,,,,,,,,314.25,11.21724598
,,,,,,,,,,,,,314.5,11.22358014
,,,,,,,,,,,,,314.75,11.2299143
,,,,,,,,,,,,,315.0,11.23624846
,,,,,,,,,,,,,315.25,11.24299911
,,,,,,,,,,,,,315.5,11.24974976
,,,,,,,,,,,,,315.75,11.25650041
,,,,,,,,,,,,,316.0,11.26325106
,,,,,,,,,,,,,316.25,11.27000171
,,,,,,,,,,,,,316.5,11.27675236
,,,,,,,,,,,,,316.75,11.283503
,,,,,,,,,,,,,317.0,11.29025365
,,,,,,,,,,,,,317.25,11.2970043
,,,,,,,,,,,,,317.5,11.30375495
,,,,,,,,,,,,,317.75,11.3105056
,,,,,,,,,,,,,318.0,11.31725625
,,,,,,,,,,,,,318.25,11.3240069
,,,,,,,,,,,,,318.5,11.33075754
,,,,,,,,,,,,,318.75,11.33750819
,,,,,,,,,,,,,319.0,11.34425884
,,,,,,,,,,,,,319.25,11.35100949
,,,,,,,,,,,,,319.5,11.35776014
,,,,,,,,,,,,,319.75,11.36451079
,,,,,,,,,,,,,320.0,11.37126144
,,,,,,,,,,,,,320.25,11.37801209
,,,,,,,,,,,,,320.5,11.38476273
,,,,,,,,,,,,,320.75,11.39151338
,,,,,,,,,,,,,321.0,11.39826403
,,,,,,,,,,,,,321.25,11.40501468
,,,,,,,,,,,,,321.5,11.41176533
,,,,,,,,,,,,,321.75,11.41851598
,,,,,,,,,,,,,322.0,11.42526663
,,,,,,,,,,,,,322.25,11.43201727
,,,,,,,,,,,,,322.5,11.43876792
,,,,,,,,,,,,,322.75,11.44551857
,,,,,,,,,,,,,323.0,11.45226922
,,,,,,,,,,,,,323.25,11.45901987
,,,,,,,,,,,,,323.5,11.46577052
,,,,,,,,,,,,,323.75,11.47252117
,,,,,,,,,,,,,324.0,11.47927181
,,,,,,,,,,,,,324.25,11.48602246
,,,,,,,,,,,,,324.5,11.49277311
,,,,,,,,,,,,,324.75,11.49952376
,,,,,,,,,,,,,325.0,11.50627441
,,,,,,,,,,,,,325.25,11.51302506
,,,,,,,,,,,,,325.5,11.51977571
,,,,,,,,,,,,,325.75,11.52652636
,,,,,,,,,,,,,326.0,11.533277
,,,,,,,,,,,,,326.25,11.54002765
,,,,,,,,,,,,,326.5,11.5467783
,,,,,,,,,,,,,326.75,11.55352895
,,,,,,,,,,,,,327.0,11.5602796
,,,,,,,,,,,,,327.25,11.56703025
,,,,,,,,,,,,,327.5,11.5737809
,,,,,,,,,,,,,327.75,11.58053154
,,,,,,,,,,,,,328.0,11.58728219
,,,,,,,,,,,,,328.25,11.59403284
,,,,,,,,,,,,,328.5,11.60078349
,,,,,,,,,,,,,328.75,11.60753414
,,,,,,,,,,,,,329.0,11.61428479
,,,,,,,,,,,,,329.25,11.62103544
,,,,,,,,,,,,,329.5,11.62778608
,,,,,,,,,,,,,329.75,11.63453673
,,,,,,,,,,,,,330.0,11.64128738
,,,,,,,,,,,,,330.25,11.64803803
,,,,,,,,,,,,,330.5,11.65478868
,,,,,,,,,,,,,330.75,11.66153933
,,,,,,,,,,,,,331.0,11.66828998
,,,,,,,,,,,,,331.25,11.67504063
,,,,,,,,,,,,,331.5,11.68179127
,,,,,,,,,,,,,331.75,11.68854192
,,,,,,,,,,,,,332.0,11.69529257
,,,,,,,,,,,,,332.25,11.70204322
,,,,,,,,,,,,,332.5,11.70879387
,,,,,,,,,,,,,332.75,11.71554452
,,,,,,,,,,,,,333.0,11.72229517
,,,,,,,,,,,,,333.25,11.72904581
,,,,,,,,,,,,,333.5,11.73579646
,,,,,,,,,,,,,333.75,11.74254711
,,,,,,,,,,,,,334.0,11.74929776
,,,,,,,,,,,,,334.25,11.75604841
,,,,,,,,,,,,,334.5,11.76279906
,,,,,,,,,,,,,334.75,11.76954971
,,,,,,,,,,,,,335.0,11.77630035
,,,,,,,,,,,,,335.25,11.78293403
,,,,,,,,,,,,,335.5,11.7895677
,,,,,,,,,,,,,335.75,11.79620137
,,,,,,,,,,,,,336.0,11.80283504
,,,,,,,,,,,,,336.25,11.80946871
,,,,,,,,,,,,,336.5,11.81610238
,,,,,,,,,,,,,336.75,11.82273605
,,,,,,,,,,,,,337.0,11.82936972
,,,,,,,,,,,,,337.25,11.83600339
,,,,,,,,,,,,,337.5,11.84263706
,,,,,,,,,,,,,337.75,11.84927073
,,,,,,,,,,,,,338.0,11.8559044
,,,,,,,,,,,,,338.25,11.86253807
,,,,,,,,,,,,,338.5,11.86917174
,,,,,,,,,,,,,338.75,11.87580541
,,,,,,,,,,,,,339.0,11.88243908
,,,,,,,,,,,,,339.25,11.88907275
,,,,,,,,,,,,,339.5,11.89570642
,,,,,,,,,,,,,339.75,11.90234009
,,,,,,,,,,,,,340.0,11.90897376
,,,,,,,,,,,,,340.25,11.91560743
,,,,,,,,,,,,,340.5,11.9222411
,,,,,,,,,,,,,340.75,11.92887477
,,,,,,,,,,,,,341.0,11.93550844
,,,,,,,,,,,,,341.25,11.94214211
,,,,,,,,,,,,,341.5,11.94877578
,,,,,,,,,,,,,341.75,11.95540945
,,,,,,,,,,,,,342.0,11.96204312
,,,,,,,,,,,,,342.25,11.96867679
,,,,,,,,,,,,,342.5,11.97531046
,,,,,,,,,,,,,342.75,11.98194413
,,,,,,,,,,,,,343.0,11.9885778
,,,,,,,,,,,,,343.25,11.99521147
,,,,,,,,,,,,,343.5,12.00184514
,,,,,,,,,,,,,343.75,12.00847881
,,,,,,,,,,,,,344.0,12.01511248
,,,,,,,,,,,,,344.25,12.02174615
,,,,,,,,,,,,,344.5,12.02837982
,,,,,,,,,,,,,344.75,12.03501349
,,,,,,,,,,,,,345.0,12.04164716
,,,,,,,,,,,,,345.25,12.04828083
,,,,,,,,,,,,,345.5,12.0549145
,,,,,,,,,,,,,345.75,12.06154817
,,,,,,,,,,,,,346.0,12.06818184
,,,,,,,,,,,,,346.25,12.07481551
,,,,,,,,,,,,,346.5,12.08144918
,,,,,,,,,,,,,346.75,12.08808286
,,,,,,,,,,,,,347.0,12.09471653
,,,,,,,,,,,,,347.25,12.1013502
,,,,,,,,,,,,,347.5,12.10798387
,,,,,,,,,,,,,347.75,12.11461754
,,,,,,,,,,,,,348.0,12.12125121
,,,,,,,,,,,,,348.25,12.12788488
,,,,,,,,,,,,,348.5,12.13451855
,,,,,,,,,,,,,348.75,12.14115222
,,,,,,,,,,,,,349.0,12.14778589
,,,,,,,,,,,,,349.25,12.15441956
,,,,,,,,,,,,,349.5,12.16105323
,,,,,,,,,,,,,349.75,12.1676869
,,,,,,,,,,,,,350.0,12.17432057
,,,,,,,,,,,,,350.25,12.18095424
,,,,,,,,,,,,,350.5,12.18758791
,,,,,,,,,,,,,350.75,12.19422158
,,,,,,,,,,,,,351.0,12.20085525
,,,,,,,,,,,,,351.25,12.20748892
,,,,,,,,,,,,,351.5,12.21412259
,,,,,,,,,,,,,351.75,12.22075626
,,,,,,,,,,,,,352.0,12.22738993
,,,,,,,,,,,,,352.25,12.2340236
,,,,,,,,,,,,,352.5,12.24065727
,,,,,,,,,,,,,352.75,12.24729094
,,,,,,,,,,,,,353.0,12.25392461
,,,,,,,,,,,,,353.25,12.26055828
,,,,,,,,,,,,,353.5,12.26719195
,,,,,,,,,,,,,353.75,12.27382562
,,,,,,,,,,,,,354.0,12.28045929
,,,,,,,,,,,,,354.25,12.28709296
,,,,,,,,,,,,,354.5,12.29372663
,,,,,,,,,,,,,354.75,12.3003603
,,,,,,,,,,,,,355.0,12.30699397
,,,,,,,,,,,,,355.25,12.31308982
,,,,,,,,,,,,,355.5,12.31918567
,,,,,,,,,,,,,355.75,12.32528153
,,,,,,,,,,,,,356.0,12.33137738
,,,,,,,,,,,,,356.25,12.33747323
,,,,,,,,,,,,,356.5,12.34356908
,,,,,,,,,,,,,356.75,12.34966493
,,,,,,,,,,,,,357.0,12.35576078
,,,,,,,,,,,,,357.25,12.36185663
,,,,,,,,,,,,,357.5,12.36795249
,,,,,,,,,,,,,357.75,12.37404834
,,,,,,,,,,,,,358.0,12.38014419
,,,,,,,,,,,,,358.25,12.38624004
,,,,,,,,,,,,,358.5,12.39233589
,,,,,,,,,,,,,358.75,12.39843174
,,,,,,,,,,,,,359.0,12.40452759
,,,,,,,,,,,,,359.25,12.41062344
,,,,,,,,,,,,,359.5,12.4167193
,,,,,,,,,,,,,359.75,12.42281515
,,,,,,,,,,,,,360.0,12.428911
,,,,,,,,,,,,,360.25,12.43500685
,,,,,,,,,,,,,360.5,12.4411027
,,,,,,,,,,,,,360.75,12.44719855
,,,,,,,,,,,,,361.0,12.4532944
,,,,,,,,,,,,,361.25,12.45939025
,,,,,,,,,,,,,362.25,12.48377366
,,,,,,,,,,,,,362.5,12.48986951
,,,,,,,,,,,,,362.75,12.49596536
,,,,,,,,,,,,,363.0,12.50206121
,,,,,,,,,,,,,363.25,12.50815706
,,,,,,,,,,,,,363.5,12.51425292
,,,,,,,,,,,,,363.75,12.52034877
,,,,,,,,,,,,,364.0,12.52644462
,,,,,,,,,,,,,364.25,12.53254047
,,,,,,,,,,,,,364.5,12.53863632
,,,,,,,,,,,,,364.75,12.54473217
,,,,,,,,,,,,,365.0,12.55082802
,,,,,,,,,,,,,365.25,12.55692388
,,,,,,,,,,,,,365.5,12.56301973
,,,,,,,,,,,,,365.75,12.56911558
,,,,,,,,,,,,,366.0,12.57521143
,,,,,,,,,,,,,366.25,12.58130728
,,,,,,,,,,,,,366.5,12.58740313
,,,,,,,,,,,,,366.75,12.59349898
,,,,,,,,,,,,,367.0,12.59959483
,,,,,,,,,,,,,367.25,12.60569069
,,,,,,,,,,,,,367.5,12.61178654
,,,,,,,,,,,,,367.75,12.61788239
,,,,,,,,,,,,,368.0,12.62397824
,,,,,,,,,,,,,368.25,12.63007409
,,,,,,,,,,,,,368.5,12.63616994
,,,,,,,,,,,,,368.75,12.64226579
,,,,,,,,,,,,,369.0,12.64836164
,,,,,,,,,,,,,369.25,12.6544575
,,,,,,,,,,,,,369.5,12.66055335
,,,,,,,,,,,,,369.75,12.6666492
,,,,,,,,,,,,,370.0,12.67274505
,,,,,,,,,,,,,370.25,12.6788409
,,,,,,,,,,,,,370.5,12.68493675
,,,,,,,,,,,,,370.75,12.6910326
,,,,,,,,,,,,,371.0,12.69712845
,,,,,,,,,,,,,371.25,12.70322431
,,,,,,,,,,,,,371.5,12.70932016
,,,,,,,,,,,,,371.75,12.71541601
,,,,,,,,,,,,,372.0,12.72151186
,,,,,,,,,,,,,372.25,12.72760771
,,,,,,,,,,,,,372.5,12.73370356
,,,,,,,,,,,,,372.75,12.73979941
,,,,,,,,,,,,,373.0,12.74589527
,,,,,,,,,,,,,373.25,12.75199112
,,,,,,,,,,,,,373.5,12.75808697
,,,,,,,,,,,,,373.75,12.76418282
,,,,,,,,,,,,,374.0,12.77027867
,,,,,,,,,,,,,374.25,12.77637452
,,,,,,,,,,,,,374.5,12.78247037
,,,,,,,,,,,,,374.75,12.78856622
,,,,,,,,,,,,,375.0,12.79466208
,,,,,,,,,,,,,375.25,12.79655516
,,,,,,,,,,,,,375.5,12.79844824
,,,,,,,,,,,,,375.75,12.80034132
,,,,,,,,,,,,,376.0,12.8022344
,,,,,,,,,,,,,376.25,12.80412748
,,,,,,,,,,,,,376.5,12.80602056
,,,,,,,,,,,,,376.75,12.80791364
,,,,,,,,,,,,,377.0,12.80980672
,,,,,,,,,,,,,377.25,12.8116998
,,,,,,,,,,,,,377.5,12.81359288
,,,,,,,,,,,,,377.75,12.81548596
,,,,,,,,,,,,,378.0,12.81737905
,,,,,,,,,,,,,378.25,12.81927213
,,,,,,,,,,,,,378.5,12.82116521
,,,,,,,,,,,,,378.75,12.82305829
,,,,,,,,,,,,,379.0,12.82495137
,,,,,,,,,,,,,379.25,12.82684445
,,,,,,,,,,,,,379.5,12.82873753
,,,,,,,,,,,,,379.75,12.83063061
,,,,,,,,,,,,,380.0,12.83252369
,,,,,,,,,,,,,380.25,12.83441677
,,,,,,,,,,,,,380.5,12.83630985
,,,,,,,,,,,,,380.75,12.83820293
,,,,,,,,,,,,,381.0,12.84009602
,,,,,,,,,,,,,381.25,12.8419891
,,,,,,,,,,,,,381.5,12.84388218
,,,,,,,,,,,,,381.75,12.84577526
,,,,,,,,,,,,,382.0,12.84766834
,,,,,,,,,,,,,382.25,12.84956142
,,,,,,,,,,,,,382.5,12.8514545
,,,,,,,,,,,,,382.75,12.85334758
,,,,,,,,,,,,,383.0,12.85524066
,,,,,,,,,,,,,383.25,12.85713374
,,,,,,,,,,,,,383.5,12.85902682
,,,,,,,,,,,,,383.75,12.8609199
,,,,,,,,,,,,,384.0,12.86281298
,,,,,,,,,,,,,384.25,12.86470607
,,,,,,,,,,,,,384.5,12.86659915
,,,,,,,,,,,,,384.75,12.86849223
,,,,,,,,,,,,,385.0,12.87038531
,,,,,,,,,,,,,385.25,12.87227839
,,,,,,,,,,,,,385.5,12.87417147
,,,,,,,,,,,,,385.75,12.87606455
,,,,,,,,,,,,,386.0,12.87795763
,,,,,,,,,,,,,386.25,12.87985071
,,,,,,,,,,,,,386.5,12.88174379
,,,,,,,,,,,,,386.75,12.88363687
,,,,,,,,,,,,,387.0,12.88552995
,,,,,,,,,,,,,387.25,12.88742304
,,,,,,,,,,,,,387.5,12.88931612
,,,,,,,,,,,,,387.75,12.8912092
,,,,,,,,,,,,,388.0,12.89310228
,,,,,,,,,,,,,388.25,12.89499536
,,,,,,,,,,,,,388.5,12.89688844
,,,,,,,,,,,,,388.75,12.89878152
,,,,,,,,,,,,,389.0,12.9006746
,,,,,,,,,,,,,389.25,12.90256768
,,,,,,,,,,,,,389.5,12.90446076
,,,,,,,,,,,,,389.75,12.90635384
,,,,,,,,,,,,,390.0,12.90824692
,,,,,,,,,,,,,390.25,12.91014001
,,,,,,,,,,,,,390.5,12.91203309
,,,,,,,,,,,,,390.75,12.91392617
,,,,,,,,,,,,,391.0,12.91581925
,,,,,,,,,,,,,391.25,12.91771233
,,,,,,,,,,,,,391.5,12.91960541
,,,,,,,,,,,,,391.75,12.92149849
,,,,,,,,,,,,,392.0,12.92339157
,,,,,,,,,,,,,392.25,12.92528465
,,,,,,,,,,,,,392.5,12.92717773
,,,,,,,,,,,,,392.75,12.92907081
,,,,,,,,,,,,,393.0,12.93096389
,,,,,,,,,,,,,393.25,12.93285698
,,,,,,,,,,,,,393.5,12.93475006
,,,,,,,,,,,,,393.75,12.93664314
,,,,,,,,,,,,,394.0,12.93853622
,,,,,,,,,,,,,394.25,12.9404293
,,,,,,,,,,,,,394.5,12.94232238
,,,,,,,,,,,,,394.75,12.94421546
,,,,,,,,,,,,,395.0,12.94610854
,,,,,,,,,,,,,395.25,12.94799338
,,,,,,,,,,,,,395.5,12.94987823
,,,,,,,,,,,,,395.75,12.95176307
,,,,,,,,,,,,,396.0,12.95364792
,,,,,,,,,,,,,396.25,12.95553276
,,,,,,,,,,,,,396.5,12.95741761
,,,,,,,,,,,,,396.75,12.95930245
,,,,,,,,,,,,,397.0,12.96118729
,,,,,,,,,,,,,397.25,12.96307214
,,,,,,,,,,,,,397.5,12.96495698
,,,,,,,,,,,,,397.75,12.96684183
,,,,,,,,,,,,,398.0,12.96872667
,,,,,,,,,,,,,398.25,12.97061151
,,,,,,,,,,,,,398.5,12.97249636
,,,,,,,,,,,,,398.75,12.9743812
,,,,,,,,,,,,,399.0,12.97626605
,,,,,,,,,,,,,399.25,12.97815089
,,,,,,,,,,,,,399.5,12.98003573
,,,,,,,,,,,,,399.75,12.98192058
,,,,,,,,,,,,,400.0,12.98380542
,,,,,,,,,,,,,400.25,12.98569027
,,,,,,,,,,,,,400.5,12.98757511
,,,,,,,,,,,,,400.75,12.98945995
,,,,,,,,,,,,,401.0,12.9913448
,,,,,,,,,,,,,401.25,12.99322964
,,,,,,,,,,,,,401.5,12.99511449
,,,,,,,,,,,,,401.75,12.99699933
,,,,,,,,,,,,,402.0,12.99888418
,,,,,,,,,,,,,402.25,13.00076902
,,,,,,,,,,,,,402.5,13.00265386
,,,,,,,,,,,,,402.75,13.00453871
,,,,,,,,,,,,,403.0,13.00642355
,,,,,,,,,,,,,403.25,13.0083084
,,,,,,,,,,,,,403.5,13.01019324
,,,,,,,,,,,,,403.75,13.01207808
,,,,,,,,,,,,,404.0,13.01396293
,,,,,,,,,,,,,404.25,13.01584777
,,,,,,,,,,,,,404.5,13.01773262
,,,,,,,,,,,,,404.75,13.01961746
,,,,,,,,,,,,,405.0,13.0215023
,,,,,,,,,,,,,405.25,13.02338715
,,,,,,,,,,,,,405.5,13.02527199
,,,,,,,,,,,,,405.75,13.02715684
,,,,,,,,,,,,,406.0,13.02904168
,,,,,,,,,,,,,406.25,13.03092652
,,,,,,,,,,,,,406.5,13.03281137
,,,,,,,,,,,,,406.75,13.03469621
,,,,,,,,,,,,,407.0,13.03658106
,,,,,,,,,,,,,407.25,13.0384659
,,,,,,,,,,,,,407.5,13.04035075
,,,,,,,,,,,,,407.75,13.04223559
,,,,,,,,,,,,,408.0,13.04412043
,,,,,,,,,,,,,408.25,13.04600528
,,,,,,,,,,,,,408.5,13.04789012
,,,,,,,,,,,,,408.75,13.04977497
,,,,,,,,,,,,,409.0,13.05165981
,,,,,,,,,,,,,409.25,13.05354465
,,,,,,,,,,,,,409.5,13.0554295
,,,,,,,,,,,,,409.75,13.05731434
,,,,,,,,,,,,,410.0,13.05919919
,,,,,,,,,,,,,410.25,13.06108403
,,,,,,,,,,,,,410.5,13.06296887
,,,,,,,,,,,,,410.75,13.06485372
,,,,,,,,,,,,,411.0,13.06673856
,,,,,,,,,,,,,411.25,13.06862341
,,,,,,,,,,,,,411.5,13.07050825
,,,,,,,,,,,,,411.75,13.07239309
,,,,,,,,,,,,,412.0,13.07427794
,,,,,,,,,,,,,412.25,13.07616278
,,,,,,,,,,,,,412.5,13.07804763
,,,,,,,,,,,,,412.75,13.07993247
,,,,,,,,,,,,,413.0,13.08181732
,,,,,,,,,,,,,413.25,13.08370216
,,,,,,,,,,,,,413.5,13.085587
,,,,,,,,,,,,,413.75,13.08747185
,,,,,,,,,,,,,414.0,13.08935669
,,,,,,,,,,,,,414.25,13.09124154
,,,,,,,,,,,,,414.5,13.09312638
,,,,,,,,,,,,,414.75,13.09501122
,,,,,,,,,,,,,415.0,13.09689607
,,,,,,,,,,,,,415.25,13.09877123
,,,,,,,,,,,,,415.5,13.10064639
,,,,,,,,,,,,,415.75,13.10252154
,,,,,,,,,,,,,416.0,13.1043967
,,,,,,,,,,,,,416.25,13.10627186
,,,,,,,,,,,,,416.5,13.10814702
,,,,,,,,,,,,,416.75,13.11002218
,,,,,,,,,,,,,417.0,13.11189734
,,,,,,,,,,,,,417.25,13.1137725
,,,,,,,,,,,,,417.5,13.11564766
,,,,,,,,,,,,,417.75,13.11752281
,,,,,,,,,,,,,418.0,13.11939797
,,,,,,,,,,,,,418.25,13.12127313
,,,,,,,,,,,,,418.5,13.12314829
,,,,,,,,,,,,,418.75,13.12502345
,,,,,,,,,,,,,419.0,13.12689861
,,,,,,,,,,,,,419.25,13.12877377
,,,,,,,,,,,,,419.5,13.13064893
,,,,,,,,,,,,,419.75,13.13252408
,,,,,,,,,,,,,420.0,13.13439924
,,,,,,,,,,,,,420.25,13.1362744
,,,,,,,,,,,,,420.75,13.14002472
,,,,,,,,,,,,,421.0,13.14189988
,,,,,,,,,,,,,421.25,13.14377504
,,,,,,,,,,,,,421.5,13.1456502
,,,,,,,,,,,,,421.75,13.14752535
,,,,,,,,,,,,,422.0,13.14940051
,,,,,,,,,,,,,422.25,13.15127567
,,,,,,,,,,,,,422.5,13.15315083
,,,,,,,,,,,,,422.75,13.15502599
,,,,,,,,,,,,,423.25,13.15877631
,,,,,,,,,,,,,423.5,13.16065147
,,,,,,,,,,,,,423.75,13.16252662
,,,,,,,,,,,,,424.0,13.16440178
,,,,,,,,,,,,,424.25,13.16627694
,,,,,,,,,,,,,424.5,13.1681521
,,,,,,,,,,,,,424.75,13.17002726
,,,,,,,,,,,,,425.0,13.17190242
,,,,,,,,,,,,,425.25,13.17377758
,,,,,,,,,,,,,425.5,13.17565274
,,,,,,,,,,,,,425.75,13.1775279
,,,,,,,,,,,,,426.0,13.17940305
,,,,,,,,,,,,,426.25,13.18127821
,,,,,,,,,,,,,426.5,13.18315337
,,,,,,,,,,,,,426.75,13.18502853
,,,,,,,,,,,,,427.0,13.18690369
,,,,,,,,,,,,,427.25,13.18877885
,,,,,,,,,,,,,427.5,13.19065401
,,,,,,,,,,,,,427.75,13.19252917
,,,,,,,,,,,,,428.0,13.19440432
,,,,,,,,,,,,,428.25,13.19627948
,,,,,,,,,,,,,428.5,13.19815464
,,,,,,,,,,,,,428.75,13.2000298
,,,,,,,,,,,,,429.0,13.20190496
,,,,,,,,,,,,,429.25,13.20378012
,,,,,,,,,,,,,429.5,13.20565528
,,,,,,,,,,,,,429.75,13.20753044
,,,,,,,,,,,,,430.0,13.20940559
,,,,,,,,,,,,,430.25,13.21128075
,,,,,,,,,,,,,430.5,13.21315591
,,,,,,,,,,,,,430.75,13.21503107
,,,,,,,,,,,,,431.0,13.21690623
,,,,,,,,,,,,,431.25,13.21878139
,,,,,,,,,,,,,431.5,13.22065655
,,,,,,,,,,,,,431.75,13.22253171
,,,,,,,,,,,,,432.0,13.22440686
,,,,,,,,,,,,,432.25,13.22628202
,,,,,,,,,,,,,432.5,13.22815718
,,,,,,,,,,,,,432.75,13.23003234
,,,,,,,,,,,,,433.0,13.2319075
,,,,,,,,,,,,,433.25,13.23378266
,,,,,,,,,,,,,433.5,13.23565782
,,,,,,,,,,,,,433.75,13.23753298
,,,,,,,,,,,,,434.0,13.23940813
,,,,,,,,,,,,,434.25,13.24128329
,,,,,,,,,,,,,434.5,13.24315845
,,,,,,,,,,,,,434.75,13.24503361
,,,,,,,,,,,,,435.0,13.24690877
,,,,,,,,,,,,,435.25,13.24868812
,,,,,,,,,,,,,435.5,13.25046747
,,,,,,,,,,,,,435.75,13.25224682
,,,,,,,,,,,,,436.0,13.25402617
,,,,,,,,,,,,,436.25,13.25580552
,,,,,,,,,,,,,436.5,13.25758487
,,,,,,,,,,,,,436.75,13.25936422
,,,,,,,,,,,,,437.0,13.26114357
,,,,,,,,,,,,,437.25,13.26292292
,,,,,,,,,,,,,437.5,13.26470227
,,,,,,,,,,,,,437.75,13.26648162
,,,,,,,,,,,,,438.0,13.26826097
,,,,,,,,,,,,,438.25,13.27004033
,,,,,,,,,,,,,438.5,13.27181968
,,,,,,,,,,,,,438.75,13.27359903
,,,,,,,,,,,,,439.0,13.27537838
,,,,,,,,,,,,,439.25,13.27715773
,,,,,,,,,,,,,439.5,13.27893708
,,,,,,,,,,,,,439.75,13.28071643
,,,,,,,,,,,,,440.0,13.28249578
,,,,,,,,,,,,,440.25,13.28427513
,,,,,,,,,,,,,440.5,13.28605448
,,,,,,,,,,,,,440.75,13.28783383
,,,,,,,,,,,,,441.0,13.28961318
,,,,,,,,,,,,,441.25,13.29139253
,,,,,,,,,,,,,441.5,13.29317188
,,,,,,,,,,,,,441.75,13.29495123
,,,,,,,,,,,,,442.0,13.29673058
,,,,,,,,,,,,,442.25,13.29850993
,,,,,,,,,,,,,442.5,13.30028928
,,,,,,,,,,,,,442.75,13.30206863
,,,,,,,,,,,,,443.0,13.30384798
,,,,,,,,,,,,,443.25,13.30562733
,,,,,,,,,,,,,443.5,13.30740668
,,,,,,,,,,,,,443.75,13.30918603
,,,,,,,,,,,,,444.0,13.31096538
,,,,,,,,,,,,,444.25,13.31274473
,,,,,,,,,,,,,444.5,13.31452409
,,,,,,,,,,,,,445.0,13.31808279
,,,,,,,,,,,,,445.25,13.31986214
,,,,,,,,,,,,,445.5,13.32164149
,,,,,,,,,,,,,445.75,13.32342084
,,,,,,,,,,,,,446.0,13.32520019
,,,,,,,,,,,,,446.25,13.32697954
,,,,,,,,,,,,,446.5,13.32875889
,,,,,,,,,,,,,446.75,13.33053824
,,,,,,,,,,,,,447.0,13.33231759
,,,,,,,,,,,,,447.25,13.33409694
,,,,,,,,,,,,,447.5,13.33587629
,,,,,,,,,,,,,447.75,13.33765564
,,,,,,,,,,,,,448.0,13.33943499
,,,,,,,,,,,,,448.25,13.34121434
,,,,,,,,,,,,,448.5,13.34299369
,,,,,,,,,,,,,448.75,13.34477304
,,,,,,,,,,,,,449.0,13.34655239
,,,,,,,,,,,,,450.2,13.35544914
,,,,,,,,,,,,,450.45,13.35722849
,,,,,,,,,,,,,450.7,13.35900785
,,,,,,,,,,,,,450.95,13.3607872
,,,,,,,,,,,,,451.2,13.36256655
,,,,,,,,,,,,,451.45,13.3643459
,,,,,,,,,,,,,451.7,13.36612525
,,,,,,,,,,,,,451.95,13.3679046
,,,,,,,,,,,,,452.2,13.36968395
,,,,,,,,,,,,,452.45,13.3714633
,,,,,,,,,,,,,452.7,13.37324265
,,,,,,,,,,,,,452.95,13.375022
,,,,,,,,,,,,,453.2,13.37680135
,,,,,,,,,,,,,453.45,13.3785807
,,,,,,,,,,,,,453.7,13.38036005
,,,,,,,,,,,,,453.95,13.3821394
,,,,,,,,,,,,,454.2,13.38391875
,,,,,,,,,,,,,454.45,13.3856981
,,,,,,,,,,,,,454.7,13.38747745
,,,,,,,,,,,,,454.95,13.3892568
,,,,,,,,,,,,,455.2,13.39114897
,,,,,,,,,,,,,455.45,13.39304114
,,,,,,,,,,,,,455.7,13.39493331
,,,,,,,,,,,,,455.95,13.39682548
,,,,,,,,,,,,,456.2,13.39871765
,,,,,,,,,,,,,456.45,13.40060982
,,,,,,,,,,,,,456.7,13.40250199
,,,,,,,,,,,,,456.95,13.40439416
,,,,,,,,,,,,,457.2,13.40628633
,,,,,,,,,,,,,457.45,13.4081785
,,,,,,,,,,,,,457.7,13.41007066
,,,,,,,,,,,,,457.95,13.41196283
,,,,,,,,,,,,,458.2,13.413855
,,,,,,,,,,,,,458.45,13.41574717
,,,,,,,,,,,,,458.7,13.41763934
,,,,,,,,,,,,,458.95,13.41953151
,,,,,,,,,,,,,459.2,13.42142368
,,,,,,,,,,,,,459.45,13.42331585
,,,,,,,,,,,,,459.7,13.42520802
,,,,,,,,,,,,,459.95,13.42710019
,,,,,,,,,,,,,460.2,13.42899236
,,,,,,,,,,,,,460.45,13.43088453
,,,,,,,,,,,,,460.7,13.4327767
,,,,,,,,,,,,,460.95,13.43466887
,,,,,,,,,,,,,461.2,13.43656103
,,,,,,,,,,,,,461.45,13.4384532
,,,,,,,,,,,,,461.7,13.44034537
,,,,,,,,,,,,,461.95,13.44223754
,,,,,,,,,,,,,462.2,13.44412971
,,,,,,,,,,,,,462.45,13.44602188
,,,,,,,,,,,,,462.7,13.44791405
,,,,,,,,,,,,,462.95,13.44980622
,,,,,,,,,,,,,463.2,13.45169839
,,,,,,,,,,,,,463.45,13.45359056
,,,,,,,,,,,,,463.7,13.45548273
,,,,,,,,,,,,,463.95,13.4573749
,,,,,,,,,,,,,464.2,13.45926707
,,,,,,,,,,,,,464.45,13.46115924
,,,,,,,,,,,,,464.7,13.4630514
,,,,,,,,,,,,,464.95,13.46494357
,,,,,,,,,,,,,465.2,13.46683574
,,,,,,,,,,,,,465.45,13.46872791
,,,,,,,,,,,,,465.7,13.47062008
,,,,,,,,,,,,,465.95,13.47251225
,,,,,,,,,,,,,466.2,13.47440442
,,,,,,,,,,,,,466.45,13.47629659
,,,,,,,,,,,,,466.7,13.47818876
,,,,,,,,,,,,,466.95,13.48008093
,,,,,,,,,,,,,467.2,13.4819731
,,,,,,,,,,,,,467.45,13.48386527
,,,,,,,,,,,,,467.7,13.48575744
,,,,,,,,,,,,,467.95,13.48764961
,,,,,,,,,,,,,468.2,13.48954178
,,,,,,,,,,,,,468.45,13.49143394
,,,,,,,,,,,,,468.7,13.49332611
,,,,,,,,,,,,,468.95,13.49521828
,,,,,,,,,,,,,469.2,13.49711045
,,,,,,,,,,,,,469.45,13.49900262
,,,,,,,,,,,,,469.7,13.50089479
,,,,,,,,,,,,,469.95,13.50278696
,,,,,,,,,,,,,470.2,13.50467913
,,,,,,,,,,,,,470.45,13.5065713
,,,,,,,,,,,,,470.7,13.50846347
,,,,,,,,,,,,,470.95,13.51035564
,,,,,,,,,,,,,471.2,13.51224781
,,,,,,,,,,,,,471.45,13.51413998
,,,,,,,,,,,,,471.7,13.51603215
,,,,,,,,,,,,,471.95,13.51792431
,,,,,,,,,,,,,472.2,13.51981648
,,,,,,,,,,,,,472.45,13.52170865
,,,,,,,,,,,,,472.7,13.52360082
,,,,,,,,,,,,,472.95,13.52549299
,,,,,,,,,,,,,473.2,13.52738516
,,,,,,,,,,,,,473.45,13.52927733
,,,,,,,,,,,,,473.7,13.5311695
,,,,,,,,,,,,,473.95,13.53306167
,,,,,,,,,,,,,474.2,13.53495384
,,,,,,,,,,,,,474.45,13.53684601
,,,,,,,,,,,,,474.7,13.53873818
,,,,,,,,,,,,,474.95,13.54063035
,,,,,,,,,,,,,475.2,13.54242303
,,,,,,,,,,,,,475.45,13.54421572
,,,,,,,,,,,,,475.7,13.54600841
,,,,,,,,,,,,,475.95,13.54780109
,,,,,,,,,,,,,476.2,13.54959378
,,,,,,,,,,,,,476.45,13.55138647
,,,,,,,,,,,,,476.7,13.55317916
,,,,,,,,,,,,,476.95,13.55497184
,,,,,,,,,,,,,477.2,13.55676453
,,,,,,,,,,,,,477.45,13.55855722
,,,,,,,,,,,,,477.7,13.5603499
,,,,,,,,,,,,,477.95,13.56214259
,,,,,,,,,,,,,478.2,13.56393528
,,,,,,,,,,,,,478.45,13.56572796
,,,,,,,,,,,,,478.7,13.56752065
,,,,,,,,,,,,,478.95,13.56931334
,,,,,,,,,,,,,479.2,13.57110603
,,,,,,,,,,,,,479.45,13.57289871
,,,,,,,,,,,,,479.7,13.5746914
,,,,,,,,,,,,,479.95,13.57648409
,,,,,,,,,,,,,480.2,13.57827677
,,,,,,,,,,,,,480.45,13.58006946
,,,,,,,,,,,,,480.7,13.58186215
,,,,,,,,,,,,,480.95,13.58365484
,,,,,,,,,,,,,481.2,13.58544752
,,,,,,,,,,,,,481.45,13.58724021
,,,,,,,,,,,,,481.7,13.5890329
,,,,,,,,,,,,,481.95,13.59082558
,,,,,,,,,,,,,482.2,13.59261827
,,,,,,,,,,,,,482.45,13.59441096
,,,,,,,,,,,,,482.7,13.59620364
,,,,,,,,,,,,,482.95,13.59799633
,,,,,,,,,,,,,483.2,13.59978902
,,,,,,,,,,,,,483.45,13.60158171
,,,,,,,,,,,,,483.7,13.60337439
,,,,,,,,,,,,,483.95,13.60516708
,,,,,,,,,,,,,484.2,13.60695977
,,,,,,,,,,,,,484.45,13.60875245
,,,,,,,,,,,,,484.7,13.61054514
,,,,,,,,,,,,,484.95,13.61233783
,,,,,,,,,,,,,485.2,13.61413052
,,,,,,,,,,,,,485.45,13.6159232
,,,,,,,,,,,,,485.7,13.61771589
,,,,,,,,,,,,,485.95,13.61950858
,,,,,,,,,,,,,486.2,13.62130126
,,,,,,,,,,,,,486.45,13.62309395
,,,,,,,,,,,,,486.7,13.62488664
,,,,,,,,,,,,,486.95,13.62667932
,,,,,,,,,,,,,487.2,13.62847201
,,,,,,,,,,,,,487.45,13.6302647
,,,,,,,,,,,,,487.7,13.63205739
,,,,,,,,,,,,,487.95,13.63385007
,,,,,,,,,,,,,488.2,13.63564276
,,,,,,,,,,,,,488.45,13.63743545
,,,,,,,,,,,,,488.7,13.63922813
,,,,,,,,,,,,,488.95,13.64102082
,,,,,,,,,,,,,489.2,13.64281351
,,,,,,,,,,,,,489.45,13.6446062
,,,,,,,,,,,,,489.7,13.64639888
,,,,,,,,,,,,,489.95,13.64819157
,,,,,,,,,,,,,490.2,13.64998426
,,,,,,,,,,,,,490.45,13.65177694
,,,,,,,,,,,,,490.7,13.65356963
,,,,,,,,,,,,,491.45,13.65894769
,,,,,,,,,,,,,491.7,13.66074038
,,,,,,,,,,,,,491.95,13.66253307
,,,,,,,,,,,,,492.2,13.66432575
,,,,,,,,,,,,,492.45,13.66611844
,,,,,,,,,,,,,492.7,13.66791113
,,,,,,,,,,,,,492.95,13.66970381
,,,,,,,,,,,,,493.2,13.6714965
,,,,,,,,,,,,,493.45,13.67328919
,,,,,,,,,,,,,493.7,13.67508187
,,,,,,,,,,,,,494.2,13.67866725
,,,,,,,,,,,,,494.7,13.68225262
,,,,,,,,,,,,,494.95,13.68404531
,,,,,,,,,,,,,495.2,13.6859043
,,,,,,,,,,,,,495.95,13.69148128
,,,,,,,,,,,,,496.2,13.69334028
,,,,,,,,,,,,,496.45,13.69519927
,,,,,,,,,,,,,496.7,13.69705826
,,,,,,,,,,,,,496.95,13.69891725
,,,,,,,,,,,,,497.2,13.70077625
,,,,,,,,,,,,,497.45,13.70263524
,,,,,,,,,,,,,497.7,13.70449423
,,,,,,,,,,,,,498.2,13.70821222
,,,,,,,,,,,,,498.45,13.71007121
,,,,,,,,,,,,,498.7,13.71193021
,,,,,,,,,,,,,498.95,13.7137892
,,,,,,,,,,,,,499.2,13.71564819
,,,,,,,,,,,,,499.45,13.71750719
,,,,,,,,,,,,,499.7,13.71936618
,,,,,,,,,,,,,499.95,13.72122517
,,,,,,,,,,,,,500.2,13.72308416
,,,,,,,,,,,,,500.45,13.72494316
,,,,,,,,,,,,,500.7,13.72680215
,,,,,,,,,,,,,500.95,13.72866114
,,,,,,,,,,,,,501.2,13.73052014
,,,,,,,,,,,,,501.45,13.73237913
,,,,,,,,,,,,,501.7,13.73423812
,,,,,,,,,,,,,501.95,13.73609712
,,,,,,,,,,,,,502.2,13.73795611
,,,,,,,,,,,,,502.7,13.7416741
,,,,,,,,,,,,,502.95,13.74353309
,,,,,,,,,,,,,503.2,13.74539208
,,,,,,,,,,,,,503.45,13.74725107
,,,,,,,,,,,,,503.7,13.74911007
,,,,,,,,,,,,,503.95,13.75096906
,,,,,,,,,,,,,504.2,13.75282805
,,,,,,,,,,,,,504.45,13.75468705
,,,,,,,,,,,,,504.7,13.75654604
,,,,,,,,,,,,,504.95,13.75840503
,,,,,,,,,,,,,505.2,13.76026403
,,,,,,,,,,,,,505.45,13.76212302
,,,,,,,,,,,,,505.7,13.76398201
,,,,,,,,,,,,,505.95,13.76584101
,,,,,,,,,,,,,506.2,13.7677
,,,,,,,,,,,,,506.45,13.76955899
,,,,,,,,,,,,,506.7,13.77141798
,,,,,,,,,,,,,506.95,13.77327698
,,,,,,,,,,,,,507.2,13.77513597
,,,,,,,,,,,,,507.45,13.77699496
,,,,,,,,,,,,,507.7,13.77885396
,,,,,,,,,,,,,507.95,13.78071295
,,,,,,,,,,,,,508.2,13.78257194
,,,,,,,,,,,,,508.45,13.78443094
,,,,,,,,,,,,,508.7,13.78628993
,,,,,,,,,,,,,508.95,13.78814892
,,,,,,,,,,,,,509.2,13.79000792
,,,,,,,,,,,,,509.45,13.79186691
,,,,,,,,,,,,,509.7,13.7937259
,,,,,,,,,,,,,509.95,13.79558489
,,,,,,,,,,,,,510.2,13.79744389
,,,,,,,,,,,,,510.45,13.79930288
,,,,,,,,,,,,,510.7,13.80116187
,,,,,,,,,,,,,510.95,13.80302087
,,,,,,,,,,,,,511.2,13.80487986
,,,,,,,,,,,,,511.45,13.80673885
,,,,,,,,,,,,,511.7,13.80859785
,,,,,,,,,,,,,511.95,13.81045684
,,,,,,,,,,,,,512.2,13.81231583
,,,,,,,,,,,,,512.45,13.81417483
,,,,,,,,,,,,,512.7,13.81603382
,,,,,,,,,,,,,512.95,13.81789281
,,,,,,,,,,,,,513.2,13.8197518
,,,,,,,,,,,,,513.45,13.8216108
,,,,,,,,,,,,,513.7,13.82346979
,,,,,,,,,,,,,513.95,13.82532878
,,,,,,,,,,,,,514.2,13.82718778
,,,,,,,,,,,,,514.45,13.82904677
,,,,,,,,,,,,,514.7,13.83090576
,,,,,,,,,,,,,514.95,13.83276476
,,,,,,,,,,,,,515.2,13.83464943
,,,,,,,,,,,,,515.45,13.8365341
,,,,,,,,,,,,,515.7,13.83841878
,,,,,,,,,,,,,515.95,13.84030345
,,,,,,,,,,,,,516.2,13.84218813
,,,,,,,,,,,,,516.45,13.8440728
,,,,,,,,,,,,,516.7,13.84595748
,,,,,,,,,,,,,516.95,13.84784215
,,,,,,,,,,,,,517.2,13.84972683
,,,,,,,,,,,,,517.45,13.8516115
,,,,,,,,,,,,,517.7,13.85349618
,,,,,,,,,,,,,517.95,13.85538085
,,,,,,,,,,,,,518.2,13.85726552
,,,,,,,,,,,,,518.45,13.8591502
,,,,,,,,,,,,,518.7,13.86103487
,,,,,,,,,,,,,518.95,13.86291955
,,,,,,,,,,,,,519.2,13.86480422
,,,,,,,,,,,,,519.45,13.8666889
,,,,,,,,,,,,,519.7,13.86857357
,,,,,,,,,,,,,519.95,13.87045825
,,,,,,,,,,,,,520.2,13.87234292
,,,,,,,,,,,,,520.45,13.8742276
,,,,,,,,,,,,,520.7,13.87611227
,,,,,,,,,,,,,520.95,13.87799694
,,,,,,,,,,,,,521.2,13.87988162
,,,,,,,,,,,,,521.45,13.88176629
,,,,,,,,,,,,,521.7,13.88365097
,,,,,,,,,,,,,521.95,13.88553564
,,,,,,,,,,,,,522.2,13.88742032
,,,,,,,,,,,,,522.45,13.88930499
,,,,,,,,,,,,,522.7,13.89118967
,,,,,,,,,,,,,522.95,13.89307434
,,,,,,,,,,,,,523.2,13.89495902
,,,,,,,,,,,,,523.45,13.89684369
,,,,,,,,,,,,,523.7,13.89872836
,,,,,,,,,,,,,523.95,13.90061304
,,,,,,,,,,,,,524.2,13.90249771
,,,,,,,,,,,,,524.45,13.90438239
,,,,,,,,,,,,,524.7,13.90626706
,,,,,,,,,,,,,524.95,13.90815174
,,,,,,,,,,,,,525.2,13.91003641
,,,,,,,,,,,,,525.45,13.91192109
,,,,,,,,,,,,,525.7,13.91380576
,,,,,,,,,,,,,525.95,13.91569044
,,,,,,,,,,,,,526.2,13.91757511
,,,,,,,,,,,,,526.45,13.91945978
,,,,,,,,,,,,,526.7,13.92134446
,,,,,,,,,,,,,526.95,13.92322913
,,,,,,,,,,,,,527.2,13.92511381
,,,,,,,,,,,,,527.45,13.92699848
,,,,,,,,,,,,,527.7,13.92888316
,,,,,,,,,,,,,527.95,13.93076783
,,,,,,,,,,,,,528.2,13.93265251
,,,,,,,,,,,,,528.45,13.93453718
,,,,,,,,,,,,,528.7,13.93642186
,,,,,,,,,,,,,528.95,13.93830653
,,,,,,,,,,,,,529.2,13.9401912
,,,,,,,,,,,,,529.45,13.94207588
,,,,,,,,,,,,,529.7,13.94396055
,,,,,,,,,,,,,529.95,13.94584523
,,,,,,,,,,,,,530.2,13.9477299
,,,,,,,,,,,,,530.45,13.94961458
,,,,,,,,,,,,,530.7,13.95149925
,,,,,,,,,,,,,530.95,13.95338393
,,,,,,,,,,,,,531.2,13.9552686
,,,,,,,,,,,,,531.45,13.95715328
,,,,,,,,,,,,,531.7,13.95903795
,,,,,,,,,,,,,531.95,13.96092262
,,,,,,,,,,,,,532.2,13.9628073
,,,,,,,,,,,,,532.45,13.96469197
,,,,,,,,,,,,,532.7,13.96657665
,,,,,,,,,,,,,532.95,13.96846132
,,,,,,,,,,,,,533.95,13.97600002
,,,,,,,,,,,,,534.45,13.97976937
,,,,,,,,,,,,,534.7,13.98165404
,,,,,,,,,,,,,534.95,13.98353872
,,,,,,,,,,,,,535.2,13.98540771
,,,,,,,,,,,,,535.45,13.9872767
,,,,,,,,,,,,,535.7,13.98914569
,,,,,,,,,,,,,535.95,13.99101468
,,,,,,,,,,,,,536.2,13.99288367
,,,,,,,,,,,,,536.45,13.99475266
,,,,,,,,,,,,,536.7,13.99662166
,,,,,,,,,,,,,536.95,13.99849065
,,,,,,,,,,,,,537.2,14.00035964
,,,,,,,,,,,,,537.45,14.00222863
,,,,,,,,,,,,,537.7,14.00409762
,,,,,,,,,,,,,537.95,14.00596661
,,,,,,,,,,,,,538.2,14.0078356
,,,,,,,,,,,,,538.45,14.00970459
,,,,,,,,,,,,,538.7,14.01157358
,,,,,,,,,,,,,538.95,14.01344257
,,,,,,,,,,,,,539.2,14.01531156
,,,,,,,,,,,,,539.45,14.01718056
,,,,,,,,,,,,,539.7,14.01904955
,,,,,,,,,,,,,540.2,14.02278753
,,,,,,,,,,,,,540.45,14.02465652
,,,,,,,,,,,,,540.7,14.02652551
,,,,,,,,,,,,,540.95,14.0283945
,,,,,,,,,,,,,541.2,14.03026349
,,,,,,,,,,,,,541.7,14.03400147
,,,,,,,,,,,,,542.2,14.03773946
,,,,,,,,,,,,,542.45,14.03960845
,,,,,,,,,,,,,542.7,14.04147744
,,,,,,,,,,,,,542.95,14.04334643
,,,,,,,,,,,,,543.45,14.04708441
,,,,,,,,,,,,,543.7,14.0489534
,,,,,,,,,,,,,543.95,14.05082239
,,,,,,,,,,,,,544.2,14.05269138
,,,,,,,,,,,,,544.45,14.05456037
,,,,,,,,,,,,,544.7,14.05642937
,,,,,,,,,,,,,544.95,14.05829836
,,,,,,,,,,,,,545.2,14.06016735
,,,,,,,,,,,,,545.45,14.06203634
,,,,,,,,,,,,,545.7,14.06390533
,,,,,,,,,,,,,545.95,14.06577432
,,,,,,,,,,,,,546.2,14.06764331
,,,,,,,,,,,,,546.45,14.0695123
,,,,,,,,,,,,,546.95,14.07325028
,,,,,,,,,,,,,547.2,14.07511927
,,,,,,,,,,,,,547.45,14.07698827
,,,,,,,,,,,,,547.7,14.07885726
,,,,,,,,,,,,,547.95,14.08072625
,,,,,,,,,,,,,548.2,14.08259524
,,,,,,,,,,,,,548.45,14.08446423
,,,,,,,,,,,,,548.7,14.08633322
,,,,,,,,,,,,,548.95,14.08820221
,,,,,,,,,,,,,549.2,14.0900712
,,,,,,,,,,,,,549.45,14.09194019
,,,,,,,,,,,,,549.7,14.09380918
,,,,,,,,,,,,,549.95,14.09567817
,,,,,,,,,,,,,550.2,14.09754717
,,,,,,,,,,,,,550.45,14.09941616
,,,,,,,,,,,,,550.7,14.10128515
,,,,,,,,,,,,,550.95,14.10315414
,,,,,,,,,,,,,551.2,14.10502313
,,,,,,,,,,,,,551.45,14.10689212
,,,,,,,,,,,,,551.7,14.10876111
,,,,,,,,,,,,,551.95,14.1106301
,,,,,,,,,,,,,552.2,14.11249909
,,,,,,,,,,,,,552.45,14.11436808
,,,,,,,,,,,,,552.7,14.11623707
,,,,,,,,,,,,,552.95,14.11810607
,,,,,,,,,,,,,553.2,14.11997506
,,,,,,,,,,,,,553.45,14.12184405
,,,,,,,,,,,,,553.7,14.12371304
,,,,,,,,,,,,,553.95,14.12558203
,,,,,,,,,,,,,554.2,14.12745102
,,,,,,,,,,,,,554.45,14.12932001
,,,,,,,,,,,,,554.7,14.131189
,,,,,,,,,,,,,554.95,14.13305799
,,,,,,,,,,,,,555.2,14.13513477
,,,,,,,,,,,,,555.45,14.13721154
,,,,,,,,,,,,,555.7,14.13928831
,,,,,,,,,,,,,555.95,14.14136508
,,,,,,,,,,,,,556.2,14.14344185
,,,,,,,,,,,,,556.45,14.14551863
,,,,,,,,,,,,,556.7,14.1475954
,,,,,,,,,,,,,556.95,14.14967217
,,,,,,,,,,,,,557.2,14.15174894
,,,,,,,,,,,,,557.45,14.15382572
,,,,,,,,,,,,,557.7,14.15590249
,,,,,,,,,,,,,557.95,14.15797926
,,,,,,,,,,,,,558.2,14.16005603
,,,,,,,,,,,,,558.45,14.16213281
,,,,,,,,,,,,,558.7,14.16420958
,,,,,,,,,,,,,558.95,14.16628635
,,,,,,,,,,,,,559.2,14.16836312
,,,,,,,,,,,,,559.45,14.17043989
,,,,,,,,,,,,,559.7,14.17251667
,,,,,,,,,,,,,559.95,14.17459344
,,,,,,,,,,,,,560.2,14.17667021
,,,,,,,,,,,,,560.45,14.17874698
,,,,,,,,,,,,,560.7,14.18082376
,,,,,,,,,,,,,560.95,14.18290053
,,,,,,,,,,,,,561.2,14.1849773
,,,,,,,,,,,,,561.45,14.18705407
,,,,,,,,,,,,,561.7,14.18913085
,,,,,,,,,,,,,561.95,14.19120762
,,,,,,,,,,,,,562.2,14.19328439
,,,,,,,,,,,,,562.45,14.19536116
,,,,,,,,,,,,,562.7,14.19743794
,,,,,,,,,,,,,562.95,14.19951471
,,,,,,,,,,,,,563.2,14.20159148
,,,,,,,,,,,,,563.45,14.20366825
,,,,,,,,,,,,,563.7,14.20574502
,,,,,,,,,,,,,563.95,14.2078218
,,,,,,,,,,,,,564.2,14.20989857
,,,,,,,,,,,,,564.45,14.21197534
,,,,,,,,,,,,,564.7,14.21405211
,,,,,,,,,,,,,564.95,14.21612889
,,,,,,,,,,,,,565.2,14.21820566
,,,,,,,,,,,,,565.45,14.22028243
,,,,,,,,,,,,,565.7,14.2223592
,,,,,,,,,,,,,565.95,14.22443598
,,,,,,,,,,,,,566.2,14.22651275
,,,,,,,,,,,,,566.45,14.22858952
,,,,,,,,,,,,,566.7,14.23066629
,,,,,,,,,,,,,566.95,14.23274306
,,,,,,,,,,,,,567.2,14.23481984
,,,,,,,,,,,,,567.45,14.23689661
,,,,,,,,,,,,,567.7,14.23897338
,,,,,,,,,,,,,567.95,14.24105015
,,,,,,,,,,,,,568.2,14.24312693
,,,,,,,,,,,,,568.45,14.2452037
,,,,,,,,,,,,,568.7,14.24728047
,,,,,,,,,,,,,568.95,14.24935724
,,,,,,,,,,,,,569.2,14.25143402
,,,,,,,,,,,,,569.45,14.25351079
,,,,,,,,,,,,,569.7,14.25558756
,,,,,,,,,,,,,569.95,14.25766433
,,,,,,,,,,,,,570.2,14.2597411
,,,,,,,,,,,,,570.45,14.26181788
,,,,,,,,,,,,,570.7,14.26389465
,,,,,,,,,,,,,570.95,14.26597142
,,,,,,,,,,,,,571.2,14.26804819
,,,,,,,,,,,,,571.45,14.27012497
,,,,,,,,,,,,,571.7,14.27220174
,,,,,,,,,,,,,571.95,14.27427851
,,,,,,,,,,,,,572.2,14.27635528
,,,,,,,,,,,,,572.45,14.27843206
,,,,,,,,,,,,,572.7,14.28050883
,,,,,,,,,,,,,572.95,14.2825856
,,,,,,,,,,,,,573.2,14.28466237
,,,,,,,,,,,,,573.45,14.28673914
,,,,,,,,,,,,,573.7,14.28881592
,,,,,,,,,,,,,573.95,14.29089269
,,,,,,,,,,,,,574.2,14.29296946
,,,,,,,,,,,,,574.45,14.29504623
,,,,,,,,,,,,,574.7,14.29712301
,,,,,,,,,,,,,574.95,14.29919978
,,,,,,,,,,,,,575.2,14.30123746
,,,,,,,,,,,,,575.45,14.30327514
,,,,,,,,,,,,,575.7,14.30531283
,,,,,,,,,,,,,575.95,14.30735051
,,,,,,,,,,,,,576.2,14.30938819
,,,,,,,,,,,,,576.45,14.31142587
,,,,,,,,,,,,,576.7,14.31346355
,,,,,,,,,,,,,576.95,14.31550124
,,,,,,,,,,,,,577.2,14.31753892
,,,,,,,,,,,,,577.45,14.3195766
,,,,,,,,,,,,,577.7,14.32161428
,,,,,,,,,,,,,577.95,14.32365197
,,,,,,,,,,,,,578.2,14.32568965
,,,,,,,,,,,,,578.45,14.32772733
,,,,,,,,,,,,,578.7,14.32976501
,,,,,,,,,,,,,578.95,14.3318027
,,,,,,,,,,,,,579.2,14.33384038
,,,,,,,,,,,,,579.45,14.33587806
,,,,,,,,,,,,,579.7,14.33791574
,,,,,,,,,,,,,579.95,14.33995343
,,,,,,,,,,,,,580.2,14.34199111
,,,,,,,,,,,,,580.45,14.34402879
,,,,,,,,,,,,,580.7,14.34606647
,,,,,,,,,,,,,580.95,14.34810415
,,,,,,,,,,,,,582.2,14.35014184
,,,,,,,,,,,,,582.45,14.35217952
,,,,,,,,,,,,,582.7,14.3542172
,,,,,,,,,,,,,582.95,14.36440561
,,,,,,,,,,,,,583.2,14.3664433
,,,,,,,,,,,,,583.45,14.36848098
,,,,,,,,,,,,,583.7,14.37051866
,,,,,,,,,,,,,583.95,14.37255634
,,,,,,,,,,,,,584.2,14.37459403
,,,,,,,,,,,,,584.45,14.37663171
,,,,,,,,,,,,,584.7,14.37866939
,,,,,,,,,,,,,584.95,14.38070707
,,,,,,,,,,,,,585.2,14.38274475
,,,,,,,,,,,,,585.45,14.38478244
,,,,,,,,,,,,,585.7,14.38682012
,,,,,,,,,,,,,585.95,14.3888578
,,,,,,,,,,,,,586.2,14.39089548
,,,,,,,,,,,,,586.45,14.39293317
,,,,,,,,,,,,,586.7,14.39497085
,,,,,,,,,,,,,586.95,14.39700853
,,,,,,,,,,,,,587.2,14.39904621
,,,,,,,,,,,,,587.45,14.4010839
,,,,,,,,,,,,,587.7,14.40312158
,,,,,,,,,,,,,587.95,14.40515926
,,,,,,,,,,,,,588.2,14.40719694
,,,,,,,,,,,,,588.45,14.40923463
,,,,,,,,,,,,,588.7,14.41127231
,,,,,,,,,,,,,588.95,14.41330999
,,,,,,,,,,,,,589.2,14.41534767
,,,,,,,,,,,,,589.45,14.41738535
,,,,,,,,,,,,,589.7,14.41942304
,,,,,,,,,,,,,589.95,14.42146072
,,,,,,,,,,,,,590.2,14.4234984
,,,,,,,,,,,,,590.45,14.42553608
,,,,,,,,,,,,,590.7,14.42757377
,,,,,,,,,,,,,590.95,14.42961145
,,,,,,,,,,,,,591.2,14.43164913
,,,,,,,,,,,,,591.45,14.43368681
,,,,,,,,,,,,,591.7,14.4357245
,,,,,,,,,,,,,591.95,14.43776218
,,,,,,,,,,,,,592.2,14.43979986
,,,,,,,,,,,,,592.45,14.44183754
,,,,,,,,,,,,,592.7,14.44387523
,,,,,,,,,,,,,592.95,14.44591291
,,,,,,,,,,,,,593.2,14.44795059
,,,,,,,,,,,,,593.45,14.44998827
,,,,,,,,,,,,,593.7,14.45202595
,,,,,,,,,,,,,593.95,14.45406364
,,,,,,,,,,,,,594.2,14.45610132
,,,,,,,,,,,,,594.45,14.458139
,,,,,,,,,,,,,594.7,14.46017668
,,,,,,,,,,,,,594.95,14.46221437
,,,,,,,,,,,,,595.2,14.46419736
,,,,,,,,,,,,,595.95,14.47014632
,,,,,,,,,,,,,596.2,14.47212931
,,,,,,,,,,,,,596.45,14.4741123
,,,,,,,,,,,,,596.7,14.47609529
,,,,,,,,,,,,,597.2,14.48006127
,,,,,,,,,,,,,597.45,14.48204426
,,,,,,,,,,,,,597.7,14.48402725
,,,,,,,,,,,,,597.95,14.48601024
,,,,,,,,,,,,,598.2,14.48799323
,,,,,,,,,,,,,598.45,14.48997621
,,,,,,,,,,,,,598.7,14.4919592
,,,,,,,,,,,,,598.95,14.49394219
,,,,,,,,,,,,,599.2,14.49592518
,,,,,,,,,,,,,599.45,14.49790817
,,,,,,,,,,,,,600.05,14.50187415
,,,,,,,,,,,,,600.3,14.50385714
,,,,,,,,,,,,,600.55,14.50584013
,,,,,,,,,,,,,600.8,14.50782312
,,,,,,,,,,,,,601.05,14.50980611
,,,,,,,,,,,,,601.3,14.5117891
,,,,,,,,,,,,,601.55,14.51377209
,,,,,,,,,,,,,601.8,14.51575507
,,,,,,,,,,,,,602.05,14.51773806
,,,,,,,,,,,,,602.3,14.51972105
,,,,,,,,,,,,,602.55,14.52170404
,,,,,,,,,,,,,602.8,14.52368703
,,,,,,,,,,,,,603.05,14.52567002
,,,,,,,,,,,,,603.3,14.52765301
,,,,,,,,,,,,,603.55,14.529636
,,,,,,,,,,,,,603.8,14.53161899
,,,,,,,,,,,,,604.05,14.53360198
,,,,,,,,,,,,,604.3,14.53558497
,,,,,,,,,,,,,605.3,14.54351692
,,,,,,,,,,,,,605.55,14.54549991
,,,,,,,,,,,,,605.8,14.5474829
,,,,,,,,,,,,,606.05,14.54946589
,,,,,,,,,,,,,606.3,14.55144888
,,,,,,,,,,,,,606.55,14.55343187
,,,,,,,,,,,,,606.8,14.55541486
,,,,,,,,,,,,,607.05,14.55739785
,,,,,,,,,,,,,607.3,14.55938084
,,,,,,,,,,,,,607.55,14.56136383
,,,,,,,,,,,,,607.8,14.56334681
,,,,,,,,,,,,,608.05,14.5653298
,,,,,,,,,,,,,608.3,14.56731279
,,,,,,,,,,,,,608.55,14.56929578
,,,,,,,,,,,,,608.8,14.57127877
,,,,,,,,,,,,,609.05,14.57326176
,,,,,,,,,,,,,609.3,14.57524475
,,,,,,,,,,,,,609.55,14.57722774
,,,,,,,,,,,,,609.8,14.57921073
,,,,,,,,,,,,,610.05,14.58119372
,,,,,,,,,,,,,610.3,14.58317671
,,,,,,,,,,,,,610.55,14.5851597
,,,,,,,,,,,,,610.8,14.58714268
,,,,,,,,,,,,,611.05,14.58912567
,,,,,,,,,,,,,611.3,14.59110866
,,,,,,,,,,,,,611.55,14.59309165
,,,,,,,,,,,,,611.8,14.59507464
,,,,,,,,,,,,,612.05,14.59705763
,,,,,,,,,,,,,612.3,14.59904062
,,,,,,,,,,,,,612.55,14.60102361
,,,,,,,,,,,,,612.8,14.6030066
,,,,,,,,,,,,,613.05,14.60498959
,,,,,,,,,,,,,613.3,14.60697258
,,,,,,,,,,,,,613.55,14.60895557
,,,,,,,,,,,,,613.8,14.61093856
,,,,,,,,,,,,,614.05,14.61292154
,,,,,,,,,,,,,614.3,14.61490453
,,,,,,,,,,,,,614.55,14.61688752
,,,,,,,,,,,,,614.8,14.61887051
,,,,,,,,,,,,,615.05,14.6208535
,,,,,,,,,,,,,615.3,14.62282544
,,,,,,,,,,,,,615.55,14.62479739
,,,,,,,,,,,,,615.8,14.62676933
,,,,,,,,,,,,,616.05,14.62874128
,,,,,,,,,,,,,616.3,14.63071322
,,,,,,,,,,,,,616.55,14.63268516
,,,,,,,,,,,,,616.8,14.63465711
,,,,,,,,,,,,,617.05,14.63662905
,,,,,,,,,,,,,617.3,14.63860099
,,,,,,,,,,,,,617.55,14.64057294
,,,,,,,,,,,,,617.8,14.64254488
,,,,,,,,,,,,,618.05,14.64451683
,,,,,,,,,,,,,618.3,14.64648877
,,,,,,,,,,,,,618.55,14.64846071
,,,,,,,,,,,,,618.8,14.65043266
,,,,,,,,,,,,,619.05,14.6524046
,,,,,,,,,,,,,619.3,14.65437654
,,,,,,,,,,,,,619.55,14.65634849
,,,,,,,,,,,,,619.8,14.65832043
,,,,,,,,,,,,,620.05,14.66029238
,,,,,,,,,,,,,620.3,14.66226432
,,,,,,,,,,,,,620.55,14.66423626
,,,,,,,,,,,,,620.8,14.66620821
,,,,,,,,,,,,,621.05,14.66818015
,,,,,,,,,,,,,621.3,14.67015209
,,,,,,,,,,,,,622.05,14.67606793
,,,,,,,,,,,,,622.3,14.67803987
,,,,,,,,,,,,,622.55,14.68001181
,,,,,,,,,,,,,622.8,14.68198376
,,,,,,,,,,,,,623.05,14.6839557
,,,,,,,,,,,,,623.3,14.68592764
,,,,,,,,,,,,,623.55,14.68789959
,,,,,,,,,,,,,623.8,14.68987153
,,,,,,,,,,,,,624.05,14.69184348
,,,,,,,,,,,,,624.3,14.69381542
,,,,,,,,,,,,,624.55,14.69578736
,,,,,,,,,,,,,624.8,14.69775931
,,,,,,,,,,,,,625.05,14.69973125
,,,,,,,,,,,,,625.3,14.70170319
,,,,,,,,,,,,,625.55,14.70367514
,,,,,,,,,,,,,625.8,14.70564708
,,,,,,,,,,,,,626.05,14.70761903
,,,,,,,,,,,,,626.3,14.70959097
,,,,,,,,,,,,,626.55,14.71156291
,,,,,,,,,,,,,626.8,14.71353486
,,,,,,,,,,,,,627.05,14.7155068
,,,,,,,,,,,,,627.3,14.71747874
,,,,,,,,,,,,,627.55,14.71945069
,,,,,,,,,,,,,627.8,14.72142263
,,,,,,,,,,,,,628.05,14.72339457
,,,,,,,,,,,,,628.3,14.72536652
,,,,,,,,,,,,,628.55,14.72733846
,,,,,,,,,,,,,628.8,14.72931041
,,,,,,,,,,,,,629.05,14.73128235
,,,,,,,,,,,,,629.3,14.73325429
,,,,,,,,,,,,,629.55,14.73522624
,,,,,,,,,,,,,629.8,14.73719818
,,,,,,,,,,,,,630.05,14.73917012
,,,,,,,,,,,,,630.3,14.74114207
,,,,,,,,,,,,,630.55,14.74311401
,,,,,,,,,,,,,630.8,14.74508596
,,,,,,,,,,,,,631.05,14.7470579
,,,,,,,,,,,,,631.3,14.74902984
,,,,,,,,,,,,,631.55,14.75100179
,,,,,,,,,,,,,631.8,14.75297373
,,,,,,,,,,,,,632.05,14.75494567
,,,,,,,,,,,,,632.3,14.75691762
,,,,,,,,,,,,,632.55,14.75888956
,,,,,,,,,,,,,632.8,14.76086151
,,,,,,,,,,,,,633.05,14.76283345
,,,,,,,,,,,,,633.3,14.76480539
,,,,,,,,,,,,,633.55,14.76677734
,,,,,,,,,,,,,633.8,14.76874928
,,,,,,,,,,,,,634.05,14.77072122
,,,,,,,,,,,,,634.3,14.77269317
,,,,,,,,,,,,,634.55,14.77466511
,,,,,,,,,,,,,634.8,14.77663706
,,,,,,,,,,,,,635.05,14.778609
,,,,,,,,,,,,,635.3,14.7806268
,,,,,,,,,,,,,635.55,14.7826446
,,,,,,,,,,,,,635.8,14.7846624
,,,,,,,,,,,,,636.05,14.7866802
,,,,,,,,,,,,,636.3,14.788698
,,,,,,,,,,,,,636.55,14.7907158
,,,,,,,,,,,,,636.8,14.7927336
,,,,,,,,,,,,,637.05,14.7947514
,,,,,,,,,,,,,637.3,14.79676919
,,,,,,,,,,,,,637.55,14.79878699
,,,,,,,,,,,,,637.8,14.80080479
,,,,,,,,,,,,,638.05,14.80282259
,,,,,,,,,,,,,638.55,14.80685819
,,,,,,,,,,,,,639.55,14.81492939
,,,,,,,,,,,,,639.8,14.81694719
,,,,,,,,,,,,,640.55,14.82300059
,,,,,,,,,,,,,640.8,14.82501839
,,,,,,,,,,,,,644.3,14.85326758
,,,,,,,,,,,,,644.55,14.85528538
,,,,,,,,,,,,,644.8,14.85730318
,,,,,,,,,,,,,645.05,14.85932098
,,,,,,,,,,,,,645.3,14.86133878
,,,,,,,,,,,,,645.55,14.86335658
,,,,,,,,,,,,,645.8,14.86537438
,,,,,,,,,,,,,646.05,14.86739218
,,,,,,,,,,,,,646.3,14.86940998
,,,,,,,,,,,,,646.55,14.87142777
,,,,,,,,,,,,,646.8,14.87344557
,,,,,,,,,,,,,647.05,14.87546337
,,,,,,,,,,,,,647.3,14.87748117
,,,,,,,,,,,,,647.55,14.87949897
,,,,,,,,,,,,,647.8,14.88151677
,,,,,,,,,,,,,648.05,14.88353457
,,,,,,,,,,,,,648.3,14.88555237
,,,,,,,,,,,,,648.55,14.88757017
,,,,,,,,,,,,,648.8,14.88958797
,,,,,,,,,,,,,649.05,14.89160577
,,,,,,,,,,,,,649.3,14.89362357
,,,,,,,,,,,,,649.55,14.89564137
,,,,,,,,,,,,,649.8,14.89765917
,,,,,,,,,,,,,650.05,14.89967697
,,,,,,,,,,,,,650.3,14.90169477
,,,,,,,,,,,,,650.55,14.90371257
,,,,,,,,,,,,,650.8,14.90573037
,,,,,,,,,,,,,651.05,14.90774817
,,,,,,,,,,,,,651.3,14.90976596
,,,,,,,,,,,,,651.55,14.91178376
,,,,,,,,,,,,,651.8,14.91380156
,,,,,,,,,,,,,652.05,14.91581936
,,,,,,,,,,,,,652.3,14.91783716
,,,,,,,,,,,,,652.55,14.91985496
,,,,,,,,,,,,,652.8,14.92187276
,,,,,,,,,,,,,653.05,14.92389056
,,,,,,,,,,,,,653.3,14.92590836
,,,,,,,,,,,,,653.55,14.92792616
,,,,,,,,,,,,,653.8,14.92994396
,,,,,,,,,,,,,654.05,14.93196176
,,,,,,,,,,,,,654.3,14.93397956
,,,,,,,,,,,,,654.55,14.93599736
,,,,,,,,,,,,,654.8,14.93801516
,,,,,,,,,,,,,655.05,14.94003296
,,,,,,,,,,,,,655.3,14.94202705
,,,,,,,,,,,,,655.55,14.94402115
,,,,,,,,,,,,,655.8,14.94601524
,,,,,,,,,,,,,656.05,14.94800933
,,,,,,,,,,,,,656.3,14.95000343
,,,,,,,,,,,,,656.55,14.95199752
,,,,,,,,,,,,,656.8,14.95399162
,,,,,,,,,,,,,657.05,14.95598571
,,,,,,,,,,,,,657.3,14.95797981
,,,,,,,,,,,,,657.55,14.9599739
,,,,,,,,,,,,,657.8,14.961968
,,,,,,,,,,,,,658.05,14.96396209
,,,,,,,,,,,,,658.3,14.96595619
,,,,,,,,,,,,,658.55,14.96795028
,,,,,,,,,,,,,658.8,14.96994437
,,,,,,,,,,,,,659.05,14.97193847
,,,,,,,,,,,,,659.3,14.97393256
,,,,,,,,,,,,,659.55,14.97592666
,,,,,,,,,,,,,659.8,14.97792075
,,,,,,,,,,,,,660.3,14.98190894
,,,,,,,,,,,,,660.55,14.98390304
,,,,,,,,,,,,,660.8,14.98589713
,,,,,,,,,,,,,661.05,14.98789122
,,,,,,,,,,,,,661.3,14.98988532
,,,,,,,,,,,,,661.55,14.99187941
,,,,,,,,,,,,,661.8,14.99387351
,,,,,,,,,,,,,662.05,14.9958676
,,,,,,,,,,,,,662.3,14.9978617
,,,,,,,,,,,,,662.55,14.99985579
,,,,,,,,,,,,,662.8,15.00184989
,,,,,,,,,,,,,663.05,15.00384398
,,,,,,,,,,,,,663.3,15.00583807
,,,,,,,,,,,,,663.55,15.00783217
,,,,,,,,,,,,,663.8,15.00982626
,,,,,,,,,,,,,664.05,15.01182036
,,,,,,,,,,,,,664.3,15.01381445
,,,,,,,,,,,,,664.55,15.01580855
,,,,,,,,,,,,,664.8,15.01780264
,,,,,,,,,,,,,665.05,15.01979674
,,,,,,,,,,,,,665.3,15.02179083
,,,,,,,,,,,,,665.55,15.02378493
,,,,,,,,,,,,,665.8,15.02577902
,,,,,,,,,,,,,666.05,15.02777311
,,,,,,,,,,,,,666.3,15.02976721
,,,,,,,,,,,,,666.55,15.0317613
,,,,,,,,,,,,,666.8,15.0337554
,,,,,,,,,,,,,667.05,15.03574949
,,,,,,,,,,,,,667.3,15.03774359
,,,,,,,,,,,,,667.55,15.03973768
,,,,,,,,,,,,,667.8,15.04173178
,,,,,,,,,,,,,668.05,15.04372587
,,,,,,,,,,,,,668.3,15.04571996
,,,,,,,,,,,,,668.55,15.04771406
,,,,,,,,,,,,,668.8,15.04970815
,,,,,,,,,,,,,669.05,15.05170225
,,,,,,,,,,,,,669.3,15.05369634
,,,,,,,,,,,,,669.55,15.05569044
,,,,,,,,,,,,,669.8,15.05768453
,,,,,,,,,,,,,670.05,15.05967863
,,,,,,,,,,,,,670.3,15.06167272
,,,,,,,,,,,,,670.55,15.06366682
,,,,,,,,,,,,,670.8,15.06566091
,,,,,,,,,,,,,671.05,15.067655
,,,,,,,,,,,,,671.3,15.0696491
,,,,,,,,,,,,,671.55,15.07164319
,,,,,,,,,,,,,671.8,15.07363729
,,,,,,,,,,,,,672.05,15.07563138
,,,,,,,,,,,,,672.3,15.07762548
,,,,,,,,,,,,,672.55,15.07961957
,,,,,,,,,,,,,672.8,15.08161367
,,,,,,,,,,,,,673.05,15.08360776
,,,,,,,,,,,,,673.3,15.08560185
,,,,,,,,,,,,,673.55,15.08759595
,,,,,,,,,,,,,673.8,15.08959004
,,,,,,,,,,,,,674.05,15.09158414
,,,,,,,,,,,,,674.3,15.09357823
,,,,,,,,,,,,,674.55,15.09557233
,,,,,,,,,,,,,674.8,15.09756642
,,,,,,,,,,,,,675.05,15.09956052
,,,,,,,,,,,,,675.3,15.10164314
,,,,,,,,,,,,,675.55,15.10372576
,,,,,,,,,,,,,675.8,15.10580839
,,,,,,,,,,,,,676.05,15.10789101
,,,,,,,,,,,,,676.3,15.10997363
,,,,,,,,,,,,,676.55,15.11205626
,,,,,,,,,,,,,676.8,15.11413888
,,,,,,,,,,,,,677.05,15.1162215
,,,,,,,,,,,,,677.3,15.11830413
,,,,,,,,,,,,,677.55,15.12038675
,,,,,,,,,,,,,677.8,15.12246937
,,,,,,,,,,,,,678.05,15.124552
,,,,,,,,,,,,,678.3,15.12663462
,,,,,,,,,,,,,678.55,15.12871724
,,,,,,,,,,,,,678.8,15.13079987
,,,,,,,,,,,,,679.05,15.13288249
,,,,,,,,,,,,,679.3,15.13496511
,,,,,,,,,,,,,679.55,15.13704774
,,,,,,,,,,,,,679.8,15.13913036
,,,,,,,,,,,,,680.05,15.14121298
,,,,,,,,,,,,,680.3,15.14329561
,,,,,,,,,,,,,680.55,15.14537823
,,,,,,,,,,,,,680.8,15.14746085
,,,,,,,,,,,,,681.05,15.14954348
,,,,,,,,,,,,,681.3,15.1516261
,,,,,,,,,,,,,681.55,15.15370872
,,,,,,,,,,,,,681.8,15.15579135
,,,,,,,,,,,,,682.05,15.15787397
,,,,,,,,,,,,,682.3,15.15995659
,,,,,,,,,,,,,682.55,15.16203922
,,,,,,,,,,,,,682.8,15.16412184
,,,,,,,,,,,,,683.05,15.16620446
,,,,,,,,,,,,,683.3,15.16828709
,,,,,,,,,,,,,683.55,15.17036971
,,,,,,,,,,,,,683.8,15.17245233
,,,,,,,,,,,,,684.05,15.17453496
,,,,,,,,,,,,,684.3,15.17661758
,,,,,,,,,,,,,684.8,15.18078283
,,,,,,,,,,,,,685.05,15.18286545
,,,,,,,,,,,,,685.3,15.18494807
,,,,,,,,,,,,,685.55,15.1870307
,,,,,,,,,,,,,685.8,15.18911332
,,,,,,,,,,,,,686.3,15.19327857
,,,,,,,,,,,,,686.55,15.19536119
,,,,,,,,,,,,,686.8,15.19744381
,,,,,,,,,,,,,687.05,15.19952644
,,,,,,,,,,,,,687.3,15.20160906
,,,,,,,,,,,,,687.55,15.20369168
,,,,,,,,,,,,,687.8,15.20577431
,,,,,,,,,,,,,688.05,15.20785693
,,,,,,,,,,,,,688.3,15.20993955
,,,,,,,,,,,,,688.55,15.21202218
,,,,,,,,,,,,,688.8,15.2141048
,,,,,,,,,,,,,689.05,15.21618742
,,,,,,,,,,,,,689.3,15.21827005
,,,,,,,,,,,,,689.55,15.22035267
,,,,,,,,,,,,,690.3,15.22660054
,,,,,,,,,,,,,690.55,15.22868316
,,,,,,,,,,,,,690.8,15.23076579
,,,,,,,,,,,,,691.05,15.23284841
,,,,,,,,,,,,,691.55,15.23701366
,,,,,,,,,,,,,692.05,15.2411789
,,,,,,,,,,,,,692.3,15.24326153
,,,,,,,,,,,,,692.55,15.24534415
,,,,,,,,,,,,,692.8,15.24742677
,,,,,,,,,,,,,693.05,15.2495094
,,,,,,,,,,,,,693.55,15.25367464
,,,,,,,,,,,,,693.8,15.25575727
,,,,,,,,,,,,,694.05,15.25783989
,,,,,,,,,,,,,694.55,15.26200514
,,,,,,,,,,,,,694.8,15.26408776
,,,,,,,,,,,,,695.05,15.26617038
,,,,,,,,,,,,,695.3,15.26820536
,,,,,,,,,,,,,695.55,15.27024034
,,,,,,,,,,,,,695.8,15.27227532
,,,,,,,,,,,,,696.05,15.2743103
,,,,,,,,,,,,,696.3,15.27634528
,,,,,,,,,,,,,696.55,15.27838026
,,,,,,,,,,,,,696.8,15.28041523
,,,,,,,,,,,,,697.05,15.28245021
,,,,,,,,,,,,,697.3,15.28448519
,,,,,,,,,,,,,697.55,15.28652017
,,,,,,,,,,,,,698.05,15.29059013
,,,,,,,,,,,,,698.3,15.29262511
,,,,,,,,,,,,,698.55,15.29466008
,,,,,,,,,,,,,699.05,15.29873004
,,,,,,,,,,,,,699.3,15.30076502
,,,,,,,,,,,,,699.55,15.3028
,,,,,,,,,,,,,699.8,15.30483498
,,,,,,,,,,,,,700.05,15.30686996
,,,,,,,,,,,,,700.3,15.30890493
,,,,,,,,,,,,,700.55,15.31093991
,,,,,,,,,,,,,700.8,15.31297489
,,,,,,,,,,,,,701.05,15.31500987
,,,,,,,,,,,,,701.3,15.31704485
,,,,,,,,,,,,,701.55,15.31907983
,,,,,,,,,,,,,701.8,15.32111481
,,,,,,,,,,,,,702.05,15.32314978
,,,,,,,,,,,,,702.3,15.32518476
,,,,,,,,,,,,,702.55,15.32721974
,,,,,,,,,,,,,702.8,15.32925472
,,,,,,,,,,,,,703.05,15.3312897
,,,,,,,,,,,,,703.3,15.33332468
,,,,,,,,,,,,,703.55,15.33535966
,,,,,,,,,,,,,703.8,15.33739463
,,,,,,,,,,,,,704.05,15.33942961
,,,,,,,,,,,,,704.3,15.34146459
,,,,,,,,,,,,,704.55,15.34349957
,,,,,,,,,,,,,704.8,15.34553455
,,,,,,,,,,,,,705.05,15.34756953
,,,,,,,,,,,,,705.3,15.34960451
,,,,,,,,,,,,,705.55,15.35163948
,,,,,,,,,,,,,705.8,15.35367446
,,,,,,,,,,,,,706.05,15.35570944
,,,,,,,,,,,,,706.3,15.35774442
,,,,,,,,,,,,,706.55,15.3597794
,,,,,,,,,,,,,706.8,15.36181438
,,,,,,,,,,,,,707.05,15.36384936
,,,,,,,,,,,,,707.3,15.36588433
,,,,,,,,,,,,,707.55,15.36791931
,,,,,,,,,,,,,707.8,15.36995429
,,,,,,,,,,,,,708.05,15.37198927
,,,,,,,,,,,,,708.3,15.37402425
,,,,,,,,,,,,,708.55,15.37605923
,,,,,,,,,,,,,708.8,15.37809421
,,,,,,,,,,,,,709.05,15.38012918
,,,,,,,,,,,,,709.3,15.38216416
,,,,,,,,,,,,,709.55,15.38419914
,,,,,,,,,,,,,709.8,15.38623412
,,,,,,,,,,,,,710.05,15.3882691
,,,,,,,,,,,,,710.3,15.39030408
,,,,,,,,,,,,,710.55,15.39233906
,,,,,,,,,,,,,710.8,15.39437403
,,,,,,,,,,,,,711.05,15.39640901
,,,,,,,,,,,,,711.3,15.39844399
,,,,,,,,,,,,,711.55,15.40047897
,,,,,,,,,,,,,711.8,15.40251395
,,,,,,,,,,,,,712.05,15.40454893
,,,,,,,,,,,,,712.3,15.40658391
,,,,,,,,,,,,,712.55,15.40861888
,,,,,,,,,,,,,712.8,15.41065386
,,,,,,,,,,,,,713.05,15.41268884
,,,,,,,,,,,,,713.3,15.41472382
,,,,,,,,,,,,,713.55,15.4167588
,,,,,,,,,,,,,713.8,15.41879378
,,,,,,,,,,,,,714.05,15.42082876
,,,,,,,,,,,,,714.55,15.42489871
,,,,,,,,,,,,,714.8,15.42693369
,,,,,,,,,,,,,715.05,15.42896867
,,,,,,,,,,,,,715.3,15.43105922
,,,,,,,,,,,,,715.55,15.43314977
,,,,,,,,,,,,,715.8,15.43524032
,,,,,,,,,,,,,716.05,15.43733088
,,,,,,,,,,,,,716.3,15.43942143
,,,,,,,,,,,,,716.55,15.44151198
,,,,,,,,,,,,,716.8,15.44360253
,,,,,,,,,,,,,717.05,15.44569308
,,,,,,,,,,,,,717.3,15.44778363
,,,,,,,,,,,,,717.55,15.44987418
,,,,,,,,,,,,,717.8,15.45196473
,,,,,,,,,,,,,718.05,15.45405529
,,,,,,,,,,,,,718.3,15.45614584
,,,,,,,,,,,,,718.55,15.45823639
,,,,,,,,,,,,,718.8,15.46032694
,,,,,,,,,,,,,719.05,15.46241749
,,,,,,,,,,,,,719.3,15.46450804
,,,,,,,,,,,,,719.55,15.46659859
,,,,,,,,,,,,,719.8,15.46868915
,,,,,,,,,,,,,720.05,15.4707797
,,,,,,,,,,,,,720.3,15.47287025
,,,,,,,,,,,,,720.55,15.4749608
,,,,,,,,,,,,,720.8,15.47705135
,,,,,,,,,,,,,721.05,15.4791419
,,,,,,,,,,,,,721.3,15.48123245
,,,,,,,,,,,,,721.55,15.483323
,,,,,,,,,,,,,721.8,15.48541356
,,,,,,,,,,,,,722.05,15.48750411
,,,,,,,,,,,,,722.3,15.48959466
,,,,,,,,,,,,,722.55,15.49168521
,,,,,,,,,,,,,723.8,15.50213797
,,,,,,,,,,,,,724.05,15.50422852
,,,,,,,,,,,,,724.3,15.50631907
,,,,,,,,,,,,,724.55,15.50840962
,,,,,,,,,,,,,724.8,15.51050017
,,,,,,,,,,,,,725.05,15.51259072
,,,,,,,,,,,,,725.3,15.51468127
,,,,,,,,,,,,,725.55,15.51677183
,,,,,,,,,,,,,725.8,15.51886238
,,,,,,,,,,,,,726.05,15.52095293
,,,,,,,,,,,,,726.3,15.52304348
,,,,,,,,,,,,,726.55,15.52513403
,,,,,,,,,,,,,726.8,15.52722458
,,,,,,,,,,,,,727.05,15.52931513
,,,,,,,,,,,,,727.3,15.53140569
,,,,,,,,,,,,,727.55,15.53349624
,,,,,,,,,,,,,727.8,15.53558679
,,,,,,,,,,,,,728.05,15.53767734
,,,,,,,,,,,,,728.3,15.53976789
,,,,,,,,,,,,,728.55,15.54185844
,,,,,,,,,,,,,728.8,15.54394899
,,,,,,,,,,,,,729.05,15.54603954
,,,,,,,,,,,,,729.3,15.5481301
,,,,,,,,,,,,,729.55,15.55022065
,,,,,,,,,,,,,729.8,15.5523112
,,,,,,,,,,,,,730.3,15.5564923
,,,,,,,,,,,,,730.55,15.55858285
,,,,,,,,,,,,,730.8,15.5606734
,,,,,,,,,,,,,731.05,15.56276396
,,,,,,,,,,,,,731.3,15.56485451
,,,,,,,,,,,,,731.55,15.56694506
,,,,,,,,,,,,,731.8,15.56903561
,,,,,,,,,,,,,732.05,15.57112616
,,,,,,,,,,,,,732.3,15.57321671
,,,,,,,,,,,,,732.55,15.57530726
,,,,,,,,,,,,,732.8,15.57739782
,,,,,,,,,,,,,733.05,15.57948837
,,,,,,,,,,,,,733.3,15.58157892
,,,,,,,,,,,,,733.55,15.58366947
,,,,,,,,,,,,,733.8,15.58576002
,,,,,,,,,,,,,734.05,15.58785057
,,,,,,,,,,,,,734.3,15.58994112
,,,,,,,,,,,,,734.55,15.59203167
,,,,,,,,,,,,,734.8,15.59412223
,,,,,,,,,,,,,735.05,15.59621278
,,,,,,,,,,,,,735.3,15.59830569
,,,,,,,,,,,,,735.55,15.6003986
,,,,,,,,,,,,,735.8,15.60249151
,,,,,,,,,,,,,736.05,15.60458442
,,,,,,,,,,,,,736.3,15.60667733
,,,,,,,,,,,,,736.55,15.60877024
,,,,,,,,,,,,,736.8,15.61086315
,,,,,,,,,,,,,737.05,15.61295606
,,,,,,,,,,,,,737.3,15.61504898
,,,,,,,,,,,,,737.55,15.61714189
,,,,,,,,,,,,,737.8,15.6192348
,,,,,,,,,,,,,738.05,15.62132771
,,,,,,,,,,,,,738.3,15.62342062
,,,,,,,,,,,,,738.55,15.62551353
,,,,,,,,,,,,,738.8,15.62760644
,,,,,,,,,,,,,739.05,15.62969935
,,,,,,,,,,,,,739.3,15.63179226
,,,,,,,,,,,,,739.8,15.63597809
,,,,,,,,,,,,,740.05,15.638071
,,,,,,,,,,,,,740.3,15.64016391
,,,,,,,,,,,,,740.55,15.64225682
,,,,,,,,,,,,,740.8,15.64434973
,,,,,,,,,,,,,741.05,15.64644264
,,,,,,,,,,,,,741.3,15.64853555
,,,,,,,,,,,,,741.55,15.65062846
,,,,,,,,,,,,,741.8,15.65272137
,,,,,,,,,,,,,742.05,15.65481428
,,,,,,,,,,,,,742.3,15.6569072
,,,,,,,,,,,,,742.55,15.65900011
,,,,,,,,,,,,,742.8,15.66109302
,,,,,,,,,,,,,743.05,15.66318593
,,,,,,,,,,,,,743.3,15.66527884
,,,,,,,,,,,,,743.55,15.66737175
,,,,,,,,,,,,,743.8,15.66946466
,,,,,,,,,,,,,744.05,15.67155757
,,,,,,,,,,,,,744.3,15.67365048
,,,,,,,,,,,,,744.55,15.67574339
,,,,,,,,,,,,,744.8,15.6778363
,,,,,,,,,,,,,745.8,15.68620795
,,,,,,,,,,,,,746.05,15.68830086
,,,,,,,,,,,,,746.3,15.69039377
,,,,,,,,,,,,,746.55,15.69248668
,,,,,,,,,,,,,746.8,15.69457959
,,,,,,,,,,,,,747.05,15.6966725
,,,,,,,,,,,,,747.3,15.69876541
,,,,,,,,,,,,,747.55,15.70085833
,,,,,,,,,,,,,747.8,15.70295124
,,,,,,,,,,,,,748.05,15.70504415
,,,,,,,,,,,,,748.3,15.70713706
,,,,,,,,,,,,,748.55,15.70922997
,,,,,,,,,,,,,748.8,15.71132288
,,,,,,,,,,,,,749.05,15.71341579
,,,,,,,,,,,,,749.3,15.7155087
,,,,,,,,,,,,,750.25,15.72388035
,,,,,,,,,,,,,750.5,15.72597326
,,,,,,,,,,,,,750.75,15.72806617
,,,,,,,,,,,,,751.0,15.73015908
,,,,,,,,,,,,,751.25,15.73225199
,,,,,,,,,,,,,751.5,15.7343449
,,,,,,,,,,,,,751.75,15.73643781
,,,,,,,,,,,,,752.0,15.73853072
,,,,,,,,,,,,,752.25,15.74062363
,,,,,,,,,,,,,752.5,15.74271655
,,,,,,,,,,,,,752.75,15.74480946
,,,,,,,,,,,,,753.0,15.74690237
,,,,,,,,,,,,,753.25,15.74899528
,,,,,,,,,,,,,753.5,15.75108819
,,,,,,,,,,,,,753.75,15.7531811
,,,,,,,,,,,,,754.0,15.75527401
,,,,,,,,,,,,,754.25,15.75736692
,,,,,,,,,,,,,754.5,15.75945983
,,,,,,,,,,,,,754.75,15.76155274
,,,,,,,,,,,,,755.0,15.76364565
,,,,,,,,,,,,,755.25,15.76569326
,,,,,,,,,,,,,755.5,15.76774086
,,,,,,,,,,,,,755.75,15.76978847
,,,,,,,,,,,,,756.0,15.77183607
,,,,,,,,,,,,,756.25,15.77388367
,,,,,,,,,,,,,756.5,15.77593128
,,,,,,,,,,,,,756.75,15.77797888
,,,,,,,,,,,,,757.0,15.78002649
,,,,,,,,,,,,,757.25,15.78207409
,,,,,,,,,,,,,757.5,15.78412169
,,,,,,,,,,,,,757.75,15.7861693
,,,,,,,,,,,,,758.0,15.7882169
,,,,,,,,,,,,,758.25,15.7902645
,,,,,,,,,,,,,758.5,15.79231211
,,,,,,,,,,,,,758.75,15.79435971
,,,,,,,,,,,,,759.0,15.79640732
,,,,,,,,,,,,,759.25,15.79845492
,,,,,,,,,,,,,759.5,15.80050252
,,,,,,,,,,,,,759.75,15.80255013
,,,,,,,,,,,,,760.0,15.80459773
,,,,,,,,,,,,,760.25,15.80664534
,,,,,,,,,,,,,760.5,15.80869294
,,,,,,,,,,,,,760.75,15.81074054
,,,,,,,,,,,,,761.0,15.81278815
,,,,,,,,,,,,,761.25,15.81483575
,,,,,,,,,,,,,761.5,15.81688335
,,,,,,,,,,,,,761.75,15.81893096
,,,,,,,,,,,,,762.0,15.82097856
,,,,,,,,,,,,,762.25,15.82302617
,,,,,,,,,,,,,762.5,15.82507377
,,,,,,,,,,,,,762.75,15.82712137
,,,,,,,,,,,,,763.0,15.82916898
,,,,,,,,,,,,,763.25,15.83121658
,,,,,,,,,,,,,763.5,15.83326418
,,,,,,,,,,,,,763.75,15.83531179
,,,,,,,,,,,,,764.0,15.83735939
,,,,,,,,,,,,,764.25,15.839407
,,,,,,,,,,,,,764.5,15.8414546
,,,,,,,,,,,,,764.75,15.8435022
,,,,,,,,,,,,,765.0,15.84554981
,,,,,,,,,,,,,765.25,15.84759741
,,,,,,,,,,,,,765.5,15.84964502
,,,,,,,,,,,,,765.75,15.85169262
,,,,,,,,,,,,,766.0,15.85374022
,,,,,,,,,,,,,766.25,15.85578783
,,,,,,,,,,,,,766.5,15.85783543
,,,,,,,,,,,,,766.75,15.85988303
,,,,,,,,,,,,,767.0,15.86193064
,,,,,,,,,,,,,767.25,15.86397824
,,,,,,,,,,,,,767.5,15.86602585
,,,,,,,,,,,,,767.75,15.86807345
,,,,,,,,,,,,,768.0,15.87012105
,,,,,,,,,,,,,768.25,15.87216866
,,,,,,,,,,,,,768.5,15.87421626
,,,,,,,,,,,,,768.75,15.87626387
,,,,,,,,,,,,,769.0,15.87831147
,,,,,,,,,,,,,769.5,15.88240668
,,,,,,,,,,,,,769.75,15.88445428
,,,,,,,,,,,,,770.0,15.88650188
,,,,,,,,,,,,,770.25,15.88854949
,,,,,,,,,,,,,770.5,15.89059709
,,,,,,,,,,,,,770.75,15.8926447
,,,,,,,,,,,,,771.0,15.8946923
,,,,,,,,,,,,,771.25,15.8967399
,,,,,,,,,,,,,771.5,15.89878751
,,,,,,,,,,,,,771.75,15.90083511
,,,,,,,,,,,,,772.0,15.90288271
,,,,,,,,,,,,,772.25,15.90493032
,,,,,,,,,,,,,772.5,15.90697792
,,,,,,,,,,,,,772.75,15.90902553
,,,,,,,,,,,,,773.0,15.91107313
,,,,,,,,,,,,,773.25,15.91312073
,,,,,,,,,,,,,773.5,15.91516834
,,,,,,,,,,,,,773.75,15.91721594
,,,,,,,,,,,,,774.0,15.91926355
,,,,,,,,,,,,,774.25,15.92131115
,,,,,,,,,,,,,774.5,15.92335875
,,,,,,,,,,,,,774.75,15.92540636
,,,,,,,,,,,,,775.0,15.92745396
,,,,,,,,,,,,,775.25,15.92950415
,,,,,,,,,,,,,775.5,15.93155435
,,,,,,,,,,,,,775.75,15.93360454
,,,,,,,,,,,,,776.0,15.93565473
,,,,,,,,,,,,,776.25,15.93770492
,,,,,,,,,,,,,776.5,15.93975512
,,,,,,,,,,,,,776.75,15.94180531
,,,,,,,,,,,,,777.0,15.9438555
,,,,,,,,,,,,,777.25,15.94590569
,,,,,,,,,,,,,777.5,15.94795589
,,,,,,,,,,,,,777.75,15.95000608
,,,,,,,,,,,,,778.0,15.95205627
,,,,,,,,,,,,,778.25,15.95410647
,,,,,,,,,,,,,778.5,15.95615666
,,,,,,,,,,,,,778.75,15.95820685
,,,,,,,,,,,,,779.0,15.96025704
,,,,,,,,,,,,,779.25,15.96230724
,,,,,,,,,,,,,779.5,15.96435743
,,,,,,,,,,,,,779.75,15.96640762
,,,,,,,,,,,,,780.0,15.96845781
,,,,,,,,,,,,,780.25,15.97050801
,,,,,,,,,,,,,780.5,15.9725582
,,,,,,,,,,,,,780.75,15.97460839
,,,,,,,,,,,,,781.0,15.97665858
,,,,,,,,,,,,,781.25,15.97870878
,,,,,,,,,,,,,781.5,15.98075897
,,,,,,,,,,,,,781.75,15.98280916
,,,,,,,,,,,,,782.0,15.98485936
,,,,,,,,,,,,,782.25,15.98690955
,,,,,,,,,,,,,782.5,15.98895974
,,,,,,,,,,,,,782.75,15.99100993
,,,,,,,,,,,,,783.0,15.99306013
,,,,,,,,,,,,,783.25,15.99511032
,,,,,,,,,,,,,783.5,15.99716051
,,,,,,,,,,,,,783.75,15.9992107
,,,,,,,,,,,,,784.0,16.0012609
,,,,,,,,,,,,,784.25,16.00331109
,,,,,,,,,,,,,784.5,16.00536128
,,,,,,,,,,,,,784.75,16.00741148
,,,,,,,,,,,,,785.0,16.00946167
,,,,,,,,,,,,,785.25,16.01151186
,,,,,,,,,,,,,785.5,16.01356205
,,,,,,,,,,,,,785.75,16.01561225
,,,,,,,,,,,,,786.0,16.01766244
,,,,,,,,,,,,,786.25,16.01971263
,,,,,,,,,,,,,786.5,16.02176282
,,,,,,,,,,,,,786.75,16.02381302
,,,,,,,,,,,,,787.0,16.02586321
,,,,,,,,,,,,,787.25,16.0279134
,,,,,,,,,,,,,787.5,16.02996359
,,,,,,,,,,,,,787.75,16.03201379
,,,,,,,,,,,,,788.0,16.03406398
,,,,,,,,,,,,,788.25,16.03611417
,,,,,,,,,,,,,788.5,16.03816437
,,,,,,,,,,,,,788.75,16.04021456
,,,,,,,,,,,,,789.0,16.04226475
,,,,,,,,,,,,,789.25,16.04431494
,,,,,,,,,,,,,789.5,16.04636514
,,,,,,,,,,,,,789.75,16.04841533
,,,,,,,,,,,,,790.0,16.05046552
,,,,,,,,,,,,,790.25,16.05251571
,,,,,,,,,,,,,790.5,16.05456591
,,,,,,,,,,,,,790.75,16.0566161
,,,,,,,,,,,,,791.0,16.05866629
,,,,,,,,,,,,,791.25,16.06071648
,,,,,,,,,,,,,791.5,16.06276668
,,,,,,,,,,,,,791.75,16.06481687
,,,,,,,,,,,,,792.0,16.06686706
,,,,,,,,,,,,,792.25,16.06891726
,,,,,,,,,,,,,792.5,16.07096745
,,,,,,,,,,,,,792.75,16.07301764
,,,,,,,,,,,,,793.0,16.07506783
,,,,,,,,,,,,,793.25,16.07711803
,,,,,,,,,,,,,793.5,16.07916822
,,,,,,,,,,,,,793.75,16.08121841
,,,,,,,,,,,,,794.0,16.0832686
,,,,,,,,,,,,,794.25,16.0853188
,,,,,,,,,,,,,794.5,16.08736899
,,,,,,,,,,,,,794.75,16.08941918
,,,,,,,,,,,,,795.0,16.09146938
,,,,,,,,,,,,,795.25,16.09353699
,,,,,,,,,,,,,795.5,16.0956046
,,,,,,,,,,,,,795.75,16.09767222
,,,,,,,,,,,,,796.0,16.09973983
,,,,,,,,,,,,,796.25,16.10180744
,,,,,,,,,,,,,796.5,16.10387506
,,,,,,,,,,,,,796.75,16.10594267
,,,,,,,,,,,,,797.0,16.10801028
,,,,,,,,,,,,,797.25,16.1100779
,,,,,,,,,,,,,797.5,16.11214551
,,,,,,,,,,,,,797.75,16.11421313
,,,,,,,,,,,,,798.0,16.11628074
,,,,,,,,,,,,,798.25,16.11834835
,,,,,,,,,,,,,798.5,16.12041597
,,,,,,,,,,,,,798.75,16.12248358
,,,,,,,,,,,,,799.0,16.12455119
,,,,,,,,,,,,,799.25,16.12661881
,,,,,,,,,,,,,799.5,16.12868642
,,,,,,,,,,,,,799.75,16.13075403
,,,,,,,,,,,,,800.0,16.13282165
,,,,,,,,,,,,,800.25,16.13488926
,,,,,,,,,,,,,800.5,16.13695688
,,,,,,,,,,,,,800.75,16.13902449
,,,,,,,,,,,,,801.0,16.1410921
,,,,,,,,,,,,,801.25,16.14315972
,,,,,,,,,,,,,801.5,16.14522733
,,,,,,,,,,,,,801.75,16.14729494
,,,,,,,,,,,,,802.0,16.14936256
,,,,,,,,,,,,,802.25,16.15143017
,,,,,,,,,,,,,802.5,16.15349778
,,,,,,,,,,,,,802.75,16.1555654
,,,,,,,,,,,,,803.0,16.15763301
,,,,,,,,,,,,,803.25,16.15970063
,,,,,,,,,,,,,803.5,16.16176824
,,,,,,,,,,,,,803.75,16.16383585
,,,,,,,,,,,,,804.0,16.16590347
,,,,,,,,,,,,,804.25,16.16797108
,,,,,,,,,,,,,804.5,16.17003869
,,,,,,,,,,,,,804.75,16.17210631
,,,,,,,,,,,,,805.0,16.17417392
,,,,,,,,,,,,,805.25,16.17624153
,,,,,,,,,,,,,805.75,16.18037676
,,,,,,,,,,,,,806.0,16.18244438
,,,,,,,,,,,,,806.25,16.18451199
,,,,,,,,,,,,,806.5,16.1865796
,,,,,,,,,,,,,806.75,16.18864722
,,,,,,,,,,,,,807.0,16.19071483
,,,,,,,,,,,,,807.25,16.19278244
,,,,,,,,,,,,,807.5,16.19485006
,,,,,,,,,,,,,807.75,16.19691767
,,,,,,,,,,,,,808.25,16.2010529
,,,,,,,,,,,,,808.5,16.20312051
,,,,,,,,,,,,,808.75,16.20518813
,,,,,,,,,,,,,809.0,16.20725574
,,,,,,,,,,,,,809.25,16.20932335
,,,,,,,,,,,,,809.5,16.21139097
,,,,,,,,,,,,,809.75,16.21345858
,,,,,,,,,,,,,810.0,16.21552619
,,,,,,,,,,,,,810.25,16.21759381
,,,,,,,,,,,,,810.5,16.21966142
,,,,,,,,,,,,,810.75,16.22172904
,,,,,,,,,,,,,811.0,16.22379665
,,,,,,,,,,,,,811.25,16.22586426
,,,,,,,,,,,,,811.5,16.22793188
,,,,,,,,,,,,,811.75,16.22999949
,,,,,,,,,,,,,812.0,16.2320671
,,,,,,,,,,,,,812.25,16.23413472
,,,,,,,,,,,,,812.5,16.23620233
,,,,,,,,,,,,,812.75,16.23826994
,,,,,,,,,,,,,813.0,16.24033756
,,,,,,,,,,,,,813.25,16.24240517
,,,,,,,,,,,,,813.5,16.24447279
,,,,,,,,,,,,,813.75,16.2465404
,,,,,,,,,,,,,814.0,16.24860801
,,,,,,,,,,,,,814.25,16.25067563
,,,,,,,,,,,,,814.5,16.25274324
,,,,,,,,,,,,,814.75,16.25481085
,,,,,,,,,,,,,815.0,16.25687847
,,,,,,,,,,,,,815.25,16.25889119
,,,,,,,,,,,,,815.5,16.26090392
,,,,,,,,,,,,,815.75,16.26291664
,,,,,,,,,,,,,816.0,16.26492937
,,,,,,,,,,,,,816.25,16.26694209
,,,,,,,,,,,,,816.5,16.26895482
,,,,,,,,,,,,,816.75,16.27096754
,,,,,,,,,,,,,817.0,16.27298027
,,,,,,,,,,,,,817.25,16.27499299
,,,,,,,,,,,,,817.5,16.27700572
,,,,,,,,,,,,,817.75,16.27901844
,,,,,,,,,,,,,818.0,16.28103117
,,,,,,,,,,,,,818.25,16.28304389
,,,,,,,,,,,,,818.5,16.28505662
,,,,,,,,,,,,,818.75,16.28706934
,,,,,,,,,,,,,819.0,16.28908207
,,,,,,,,,,,,,819.25,16.29109479
,,,,,,,,,,,,,819.5,16.29310752
,,,,,,,,,,,,,819.75,16.29512024
,,,,,,,,,,,,,820.0,16.29713297
,,,,,,,,,,,,,820.25,16.29914569
,,,,,,,,,,,,,820.5,16.30115842
,,,,,,,,,,,,,820.75,16.30317114
,,,,,,,,,,,,,821.0,16.30518387
,,,,,,,,,,,,,821.25,16.30719659
,,,,,,,,,,,,,821.5,16.30920931
,,,,,,,,,,,,,821.75,16.31122204
,,,,,,,,,,,,,822.0,16.31323476
,,,,,,,,,,,,,822.25,16.31524749
,,,,,,,,,,,,,822.5,16.31726021
,,,,,,,,,,,,,822.75,16.31927294
,,,,,,,,,,,,,823.0,16.32128566
,,,,,,,,,,,,,823.25,16.32329839
,,,,,,,,,,,,,823.5,16.32531111
,,,,,,,,,,,,,823.75,16.32732384
,,,,,,,,,,,,,824.0,16.32933656
,,,,,,,,,,,,,824.25,16.33134929
,,,,,,,,,,,,,824.5,16.33336201
,,,,,,,,,,,,,824.75,16.33537474
,,,,,,,,,,,,,825.0,16.33738746
,,,,,,,,,,,,,825.25,16.33940019
,,,,,,,,,,,,,825.5,16.34141291
,,,,,,,,,,,,,825.75,16.34342564
,,,,,,,,,,,,,826.0,16.34543836
,,,,,,,,,,,,,826.25,16.34745109
,,,,,,,,,,,,,826.5,16.34946381
,,,,,,,,,,,,,826.75,16.35147654
,,,,,,,,,,,,,827.0,16.35348926
,,,,,,,,,,,,,827.25,16.35550199
,,,,,,,,,,,,,827.5,16.35751471
,,,,,,,,,,,,,827.75,16.35952744
,,,,,,,,,,,,,828.0,16.36154016
,,,,,,,,,,,,,828.25,16.36355289
,,,,,,,,,,,,,828.5,16.36556561
,,,,,,,,,,,,,828.75,16.36757834
,,,,,,,,,,,,,829.0,16.36959106
,,,,,,,,,,,,,829.25,16.37160379
,,,,,,,,,,,,,829.5,16.37361651
,,,,,,,,,,,,,829.75,16.37562924
,,,,,,,,,,,,,830.0,16.37764196
,,,,,,,,,,,,,830.25,16.37965469
,,,,,,,,,,,,,830.5,16.38166741
,,,,,,,,,,,,,830.75,16.38368014
,,,,,,,,,,,,,831.0,16.38569286
,,,,,,,,,,,,,831.25,16.38770559
,,,,,,,,,,,,,831.5,16.38971831
,,,,,,,,,,,,,831.75,16.39173104
,,,,,,,,,,,,,832.0,16.39374376
,,,,,,,,,,,,,832.25,16.39575649
,,,,,,,,,,,,,832.5,16.39776921
,,,,,,,,,,,,,832.75,16.39978194
,,,,,,,,,,,,,833.0,16.40179466
,,,,,,,,,,,,,833.25,16.40380739
,,,,,,,,,,,,,833.5,16.40582011
,,,,,,,,,,,,,833.75,16.40783284
,,,,,,,,,,,,,834.0,16.40984556
,,,,,,,,,,,,,834.25,16.41185828
,,,,,,,,,,,,,834.5,16.41387101
,,,,,,,,,,,,,834.75,16.41588373
,,,,,,,,,,,,,835.0,16.41789646
,,,,,,,,,,,,,835.25,16.41989084
,,,,,,,,,,,,,835.5,16.42188521
,,,,,,,,,,,,,835.75,16.42387959
,,,,,,,,,,,,,836.0,16.42587397
,,,,,,,,,,,,,836.25,16.42786835
,,,,,,,,,,,,,836.5,16.42986272
,,,,,,,,,,,,,836.75,16.4318571
,,,,,,,,,,,,,837.0,16.43385148
,,,,,,,,,,,,,837.25,16.43584586
,,,,,,,,,,,,,837.5,16.43784024
,,,,,,,,,,,,,837.75,16.43983461
,,,,,,,,,,,,,838.0,16.44182899
,,,,,,,,,,,,,838.25,16.44382337
,,,,,,,,,,,,,838.5,16.44581775
,,,,,,,,,,,,,838.75,16.44781212
,,,,,,,,,,,,,839.0,16.4498065
,,,,,,,,,,,,,839.25,16.45180088
,,,,,,,,,,,,,839.5,16.45379526
,,,,,,,,,,,,,839.75,16.45578963
,,,,,,,,,,,,,840.0,16.45778401
,,,,,,,,,,,,,840.25,16.45977839
,,,,,,,,,,,,,840.5,16.46177277
,,,,,,,,,,,,,840.75,16.46376714
,,,,,,,,,,,,,841.0,16.46576152
,,,,,,,,,,,,,841.25,16.4677559
,,,,,,,,,,,,,841.5,16.46975028
,,,,,,,,,,,,,841.75,16.47174465
,,,,,,,,,,,,,842.0,16.47373903
,,,,,,,,,,,,,842.25,16.47573341
,,,,,,,,,,,,,842.5,16.47772779
,,,,,,,,,,,,,842.75,16.47972216
,,,,,,,,,,,,,843.0,16.48171654
,,,,,,,,,,,,,843.25,16.48371092
,,,,,,,,,,,,,843.5,16.4857053
,,,,,,,,,,,,,843.75,16.48769967
,,,,,,,,,,,,,844.0,16.48969405
,,,,,,,,,,,,,844.25,16.49168843
,,,,,,,,,,,,,844.5,16.49368281
,,,,,,,,,,,,,844.75,16.49567718
,,,,,,,,,,,,,845.0,16.49767156
,,,,,,,,,,,,,845.25,16.49966594
,,,,,,,,,,,,,845.5,16.50166032
,,,,,,,,,,,,,845.75,16.50365469
,,,,,,,,,,,,,846.0,16.50564907
,,,,,,,,,,,,,846.25,16.50764345
,,,,,,,,,,,,,846.5,16.50963783
,,,,,,,,,,,,,846.75,16.5116322
,,,,,,,,,,,,,847.0,16.51362658
,,,,,,,,,,,,,847.5,16.51761534
,,,,,,,,,,,,,848.0,16.52160409
,,,,,,,,,,,,,848.25,16.52359847
,,,,,,,,,,,,,848.5,16.52559285
,,,,,,,,,,,,,848.75,16.52758722
,,,,,,,,,,,,,849.0,16.5295816
,,,,,,,,,,,,,849.25,16.53157598
,,,,,,,,,,,,,849.5,16.53357036
,,,,,,,,,,,,,849.75,16.53556474
,,,,,,,,,,,,,850.0,16.53755911
,,,,,,,,,,,,,850.25,16.53955349
,,,,,,,,,,,,,850.5,16.54154787
,,,,,,,,,,,,,850.75,16.54354225
,,,,,,,,,,,,,851.0,16.54553662
,,,,,,,,,,,,,851.25,16.547531
,,,,,,,,,,,,,852.0,16.55351413
,,,,,,,,,,,,,852.25,16.55550851
,,,,,,,,,,,,,853.25,16.56348602
,,,,,,,,,,,,,854.0,16.56946915
,,,,,,,,,,,,,854.25,16.57146353
,,,,,,,,,,,,,854.5,16.57345791
,,,,,,,,,,,,,858.5,16.60544018
,,,,,,,,,,,,,858.75,16.60743972
,,,,,,,,,,,,,859.0,16.60943926
,,,,,,,,,,,,,859.25,16.6114388
,,,,,,,,,,,,,859.5,16.61343833
,,,,,,,,,,,,,859.75,16.61543787
,,,,,,,,,,,,,860.0,16.61743741
,,,,,,,,,,,,,860.25,16.61943695
,,,,,,,,,,,,,860.5,16.62143648
,,,,,,,,,,,,,860.75,16.62343602
,,,,,,,,,,,,,861.0,16.62543556
,,,,,,,,,,,,,861.25,16.62743509
,,,,,,,,,,,,,861.5,16.62943463
,,,,,,,,,,,,,861.75,16.63143417
,,,,,,,,,,,,,862.0,16.63343371
,,,,,,,,,,,,,862.25,16.63543324
,,,,,,,,,,,,,862.5,16.63743278
,,,,,,,,,,,,,862.75,16.63943232
,,,,,,,,,,,,,863.0,16.64143185
,,,,,,,,,,,,,863.25,16.64343139
,,,,,,,,,,,,,863.5,16.64543093
,,,,,,,,,,,,,863.75,16.64743047
,,,,,,,,,,,,,864.0,16.64943
,,,,,,,,,,,,,864.25,16.65142954
,,,,,,,,,,,,,864.5,16.65342908
,,,,,,,,,,,,,864.75,16.65542862
,,,,,,,,,,,,,865.0,16.65742815
,,,,,,,,,,,,,865.25,16.65942769
,,,,,,,,,,,,,865.5,16.66142723
,,,,,,,,,,,,,865.75,16.66342676
,,,,,,,,,,,,,866.0,16.6654263
,,,,,,,,,,,,,866.25,16.66742584
,,,,,,,,,,,,,866.5,16.66942538
,,,,,,,,,,,,,866.75,16.67142491
,,,,,,,,,,,,,867.0,16.67342445
,,,,,,,,,,,,,867.25,16.67542399
,,,,,,,,,,,,,867.5,16.67742352
,,,,,,,,,,,,,867.75,16.67942306
,,,,,,,,,,,,,868.0,16.6814226
,,,,,,,,,,,,,868.25,16.68342214
,,,,,,,,,,,,,868.5,16.68542167
,,,,,,,,,,,,,868.75,16.68742121
,,,,,,,,,,,,,869.0,16.68942075
,,,,,,,,,,,,,869.25,16.69142029
,,,,,,,,,,,,,869.5,16.69341982
,,,,,,,,,,,,,869.75,16.69541936
,,,,,,,,,,,,,870.0,16.6974189
,,,,,,,,,,,,,870.25,16.69941843
,,,,,,,,,,,,,870.5,16.70141797
,,,,,,,,,,,,,871.0,16.70541705
,,,,,,,,,,,,,871.25,16.70741658
,,,,,,,,,,,,,871.5,16.70941612
,,,,,,,,,,,,,871.75,16.71141566
,,,,,,,,,,,,,872.0,16.71341519
,,,,,,,,,,,,,872.25,16.71541473
,,,,,,,,,,,,,872.5,16.71741427
,,,,,,,,,,,,,872.75,16.71941381
,,,,,,,,,,,,,873.0,16.72141334
,,,,,,,,,,,,,873.5,16.72341288
,,,,,,,,,,,,,874.0,16.72941149
,,,,,,,,,,,,,875.25,16.73902251
,,,,,,,,,,,,,875.5,16.74063537
,,,,,,,,,,,,,875.75,16.74224823
,,,,,,,,,,,,,876.0,16.7438611
,,,,,,,,,,,,,876.25,16.74547396
,,,,,,,,,,,,,876.5,16.74708683
,,,,,,,,,,,,,876.75,16.74869969
,,,,,,,,,,,,,877.0,16.75031256
,,,,,,,,,,,,,877.25,16.75192542
,,,,,,,,,,,,,877.5,16.75353829
,,,,,,,,,,,,,877.75,16.75515115
,,,,,,,,,,,,,878.0,16.75676401
,,,,,,,,,,,,,878.25,16.75837688
,,,,,,,,,,,,,878.5,16.75998974
,,,,,,,,,,,,,878.75,16.76160261
,,,,,,,,,,,,,879.0,16.76321547
,,,,,,,,,,,,,879.25,16.76482834
,,,,,,,,,,,,,879.5,16.7664412
,,,,,,,,,,,,,879.75,16.76805406
,,,,,,,,,,,,,880.0,16.76966693
,,,,,,,,,,,,,880.25,16.77127979
,,,,,,,,,,,,,880.5,16.77289266
,,,,,,,,,,,,,880.75,16.77450552
,,,,,,,,,,,,,881.0,16.77611839
,,,,,,,,,,,,,881.25,16.77773125
,,,,,,,,,,,,,881.5,16.77934412
,,,,,,,,,,,,,881.75,16.78095698
,,,,,,,,,,,,,882.0,16.78256984
,,,,,,,,,,,,,882.25,16.78418271
,,,,,,,,,,,,,882.5,16.78579557
,,,,,,,,,,,,,882.75,16.78740844
,,,,,,,,,,,,,883.0,16.7890213
,,,,,,,,,,,,,883.25,16.79063417
,,,,,,,,,,,,,883.5,16.79224703
,,,,,,,,,,,,,883.75,16.7938599
,,,,,,,,,,,,,884.0,16.79547276
,,,,,,,,,,,,,884.25,16.79708562
,,,,,,,,,,,,,884.5,16.79869849
,,,,,,,,,,,,,884.75,16.80031135
,,,,,,,,,,,,,885.0,16.80192422
,,,,,,,,,,,,,885.25,16.80353708
,,,,,,,,,,,,,885.5,16.80514995
,,,,,,,,,,,,,885.75,16.80676281
,,,,,,,,,,,,,886.0,16.80837567
,,,,,,,,,,,,,886.25,16.80998854
,,,,,,,,,,,,,886.5,16.8116014
,,,,,,,,,,,,,886.75,16.81321427
,,,,,,,,,,,,,887.0,16.81482713
,,,,,,,,,,,,,887.25,16.81644
,,,,,,,,,,,,,887.5,16.81805286
,,,,,,,,,,,,,887.75,16.81966573
,,,,,,,,,,,,,888.0,16.82127859
,,,,,,,,,,,,,888.25,16.82289145
,,,,,,,,,,,,,888.5,16.82450432
,,,,,,,,,,,,,888.75,16.82611718
,,,,,,,,,,,,,889.0,16.82773005
,,,,,,,,,,,,,889.25,16.82934291
,,,,,,,,,,,,,889.5,16.83095578
,,,,,,,,,,,,,889.75,16.83256864
,,,,,,,,,,,,,890.0,16.83418151
,,,,,,,,,,,,,890.25,16.83579437
,,,,,,,,,,,,,890.5,16.83740723
,,,,,,,,,,,,,890.75,16.8390201
,,,,,,,,,,,,,891.0,16.84063296
,,,,,,,,,,,,,891.25,16.84224583
,,,,,,,,,,,,,891.5,16.84385869
,,,,,,,,,,,,,892.0,16.84708442
,,,,,,,,,,,,,892.25,16.84869728
,,,,,,,,,,,,,892.5,16.85031015
,,,,,,,,,,,,,892.75,16.85192301
,,,,,,,,,,,,,893.0,16.85353588
,,,,,,,,,,,,,893.25,16.85514874
,,,,,,,,,,,,,893.5,16.85676161
,,,,,,,,,,,,,893.75,16.85837447
,,,,,,,,,,,,,894.0,16.85998734
,,,,,,,,,,,,,894.25,16.8616002
,,,,,,,,,,,,,894.5,16.86321306
,,,,,,,,,,,,,894.75,16.86482593
,,,,,,,,,,,,,895.0,16.86643879
,,,,,,,,,,,,,895.25,16.86813963
,,,,,,,,,,,,,895.5,16.86984047
,,,,,,,,,,,,,895.75,16.87154131
,,,,,,,,,,,,,896.0,16.87324215
,,,,,,,,,,,,,896.25,16.87494299
,,,,,,,,,,,,,896.5,16.87664383
,,,,,,,,,,,,,896.75,16.87834467
,,,,,,,,,,,,,897.0,16.88004551
,,,,,,,,,,,,,897.25,16.88174635
,,,,,,,,,,,,,897.5,16.88344719
,,,,,,,,,,,,,897.75,16.88514803
,,,,,,,,,,,,,898.0,16.88684887
,,,,,,,,,,,,,898.25,16.88854971
,,,,,,,,,,,,,898.5,16.89025055
,,,,,,,,,,,,,898.75,16.89195139
,,,,,,,,,,,,,900.15,16.90215643
,,,,,,,,,,,,,900.4,16.90385727
,,,,,,,,,,,,,900.65,16.90555812
,,,,,,,,,,,,,900.9,16.90725896
,,,,,,,,,,,,,901.15,16.9089598
,,,,,,,,,,,,,901.4,16.91066064
,,,,,,,,,,,,,901.65,16.91236148
,,,,,,,,,,,,,901.9,16.91406232
,,,,,,,,,,,,,902.15,16.91576316
,,,,,,,,,,,,,902.4,16.917464
,,,,,,,,,,,,,902.65,16.91916484
,,,,,,,,,,,,,902.9,16.92086568
,,,,,,,,,,,,,903.15,16.92256652
,,,,,,,,,,,,,903.4,16.92426736
,,,,,,,,,,,,,903.65,16.9259682
,,,,,,,,,,,,,903.9,16.92766904
,,,,,,,,,,,,,904.15,16.92936988
,,,,,,,,,,,,,904.4,16.93107072
,,,,,,,,,,,,,904.65,16.93277156
,,,,,,,,,,,,,904.9,16.9344724
,,,,,,,,,,,,,905.15,16.93617324
,,,,,,,,,,,,,905.4,16.93787408
,,,,,,,,,,,,,905.65,16.93957492
,,,,,,,,,,,,,905.9,16.94127576
,,,,,,,,,,,,,906.15,16.9429766
,,,,,,,,,,,,,906.4,16.94467744
,,,,,,,,,,,,,906.65,16.94637828
,,,,,,,,,,,,,906.9,16.94807912
,,,,,,,,,,,,,907.15,16.94977996
,,,,,,,,,,,,,907.4,16.9514808
,,,,,,,,,,,,,907.65,16.95318164
,,,,,,,,,,,,,907.9,16.95488248
,,,,,,,,,,,,,908.15,16.95658332
,,,,,,,,,,,,,908.4,16.95828416
,,,,,,,,,,,,,908.65,16.959985
,,,,,,,,,,,,,908.9,16.96168584
,,,,,,,,,,,,,909.15,16.96338668
,,,,,,,,,,,,,909.4,16.96508752
,,,,,,,,,,,,,909.65,16.96678836
,,,,,,,,,,,,,909.9,16.9684892
,,,,,,,,,,,,,910.15,16.97019004
,,,,,,,,,,,,,910.4,16.97189088
,,,,,,,,,,,,,910.65,16.97359172
,,,,,,,,,,,,,910.9,16.97529256
,,,,,,,,,,,,,911.15,16.9769934
,,,,,,,,,,,,,911.4,16.97869424
,,,,,,,,,,,,,911.65,16.98039508
,,,,,,,,,,,,,911.9,16.98209592
,,,,,,,,,,,,,912.15,16.98379676
,,,,,,,,,,,,,912.4,16.9854976
,,,,,,,,,,,,,912.65,16.98719844
,,,,,,,,,,,,,912.9,16.98889928
,,,,,,,,,,,,,913.15,16.99060012
,,,,,,,,,,,,,913.4,16.99230096
,,,,,,,,,,,,,913.65,16.9940018
,,,,,,,,,,,,,913.9,16.99570264
,,,,,,,,,,,,,914.15,16.99740348
,,,,,,,,,,,,,914.4,16.99910432
,,,,,,,,,,,,,914.65,17.00080516
,,,,,,,,,,,,,914.9,17.002506
,,,,,,,,,,,,,915.15,17.00414803
,,,,,,,,,,,,,915.65,17.00579006
,,,,,,,,,,,,,915.9,17.00907412
,,,,,,,,,,,,,916.15,17.01071616
,,,,,,,,,,,,,916.4,17.01235819
,,,,,,,,,,,,,916.65,17.01400022
,,,,,,,,,,,,,916.9,17.01564225
,,,,,,,,,,,,,917.15,17.01728428
,,,,,,,,,,,,,917.4,17.01892631
,,,,,,,,,,,,,917.65,17.02056834
,,,,,,,,,,,,,917.9,17.02221037
,,,,,,,,,,,,,918.15,17.0238524
,,,,,,,,,,,,,918.4,17.02549444
,,,,,,,,,,,,,918.65,17.02713647
,,,,,,,,,,,,,918.9,17.0287785
,,,,,,,,,,,,,919.15,17.03042053
,,,,,,,,,,,,,919.4,17.03206256
,,,,,,,,,,,,,919.65,17.03370459
,,,,,,,,,,,,,919.9,17.03534662
,,,,,,,,,,,,,920.15,17.03698865
,,,,,,,,,,,,,920.4,17.03863068
,,,,,,,,,,,,,920.65,17.04027272
,,,,,,,,,,,,,920.9,17.04191475
,,,,,,,,,,,,,921.15,17.04355678
,,,,,,,,,,,,,921.4,17.04519881
,,,,,,,,,,,,,921.9,17.04848287
,,,,,,,,,,,,,922.15,17.0501249
,,,,,,,,,,,,,922.4,17.05176693
,,,,,,,,,,,,,922.9,17.055051
,,,,,,,,,,,,,923.4,17.05833506
,,,,,,,,,,,,,923.65,17.05997709
,,,,,,,,,,,,,924.15,17.06326115
,,,,,,,,,,,,,924.65,17.06490318
,,,,,,,,,,,,,924.9,17.06818724
,,,,,,,,,,,,,925.15,17.06982928
,,,,,,,,,,,,,925.65,17.07147131
,,,,,,,,,,,,,925.9,17.07475537
,,,,,,,,,,,,,926.15,17.0763974
,,,,,,,,,,,,,926.4,17.07803943
,,,,,,,,,,,,,926.65,17.07968146
,,,,,,,,,,,,,926.9,17.08132349
,,,,,,,,,,,,,927.4,17.08460756
,,,,,,,,,,,,,927.65,17.08624959
,,,,,,,,,,,,,927.9,17.08789162
,,,,,,,,,,,,,928.15,17.08953365
,,,,,,,,,,,,,928.65,17.09281771
,,,,,,,,,,,,,928.9,17.09445974
,,,,,,,,,,,,,929.15,17.09610177
,,,,,,,,,,,,,935.15,17.13553009
,,,,,,,,,,,,,935.4,17.13719169
,,,,,,,,,,,,,936.15,17.1421765
,,,,,,,,,,,,,936.4,17.14383811
,,,,,,,,,,,,,936.65,17.14549971
,,,,,,,,,,,,,936.9,17.14716131
,,,,,,,,,,,,,937.15,17.14882292
,,,,,,,,,,,,,937.4,17.15048452
,,,,,,,,,,,,,937.65,17.15214612
,,,,,,,,,,,,,937.9,17.15380773
,,,,,,,,,,,,,938.15,17.15546933
,,,,,,,,,,,,,938.4,17.15713093
,,,,,,,,,,,,,938.65,17.15879254
,,,,,,,,,,,,,938.9,17.16045414
,,,,,,,,,,,,,939.15,17.16211574
,,,,,,,,,,,,,939.4,17.16377735
,,,,,,,,,,,,,939.65,17.16543895
,,,,,,,,,,,,,939.9,17.16710055
,,,,,,,,,,,,,940.15,17.16876216
,,,,,,,,,,,,,940.4,17.17042376
,,,,,,,,,,,,,940.65,17.17208536
,,,,,,,,,,,,,940.9,17.17374697
,,,,,,,,,,,,,941.15,17.17540857
,,,,,,,,,,,,,941.4,17.17707017
,,,,,,,,,,,,,941.65,17.17873178
,,,,,,,,,,,,,941.9,17.18039338
,,,,,,,,,,,,,942.15,17.18205498
,,,,,,,,,,,,,942.4,17.18371659
,,,,,,,,,,,,,942.65,17.18537819
,,,,,,,,,,,,,942.9,17.18703979
,,,,,,,,,,,,,943.15,17.1887014
,,,,,,,,,,,,,943.4,17.190363
,,,,,,,,,,,,,943.65,17.1920246
,,,,,,,,,,,,,943.9,17.19368621
,,,,,,,,,,,,,944.15,17.19534781
,,,,,,,,,,,,,944.4,17.19700941
,,,,,,,,,,,,,944.65,17.19867102
,,,,,,,,,,,,,944.9,17.20033262
,,,,,,,,,,,,,945.15,17.20199422
,,,,,,,,,,,,,945.4,17.20365583
,,,,,,,,,,,,,945.65,17.20531743
,,,,,,,,,,,,,945.9,17.20697903
,,,,,,,,,,,,,946.15,17.20864064
,,,,,,,,,,,,,946.4,17.21030224
,,,,,,,,,,,,,946.65,17.21196384
,,,,,,,,,,,,,946.9,17.21362545
,,,,,,,,,,,,,947.15,17.21528705
,,,,,,,,,,,,,947.4,17.21694865
,,,,,,,,,,,,,947.65,17.21861026
,,,,,,,,,,,,,947.9,17.22027186
,,,,,,,,,,,,,948.15,17.22193346
,,,,,,,,,,,,,948.4,17.22359507
,,,,,,,,,,,,,948.65,17.22525667
,,,,,,,,,,,,,948.9,17.22691827
,,,,,,,,,,,,,949.15,17.22857988
,,,,,,,,,,,,,949.4,17.23024148
,,,,,,,,,,,,,949.65,17.23190308
,,,,,,,,,,,,,949.9,17.23356469
,,,,,,,,,,,,,950.15,17.23522629
,,,,,,,,,,,,,950.4,17.23688789
,,,,,,,,,,,,,950.65,17.2385495
,,,,,,,,,,,,,950.9,17.2402111
,,,,,,,,,,,,,951.15,17.2418727
,,,,,,,,,,,,,951.4,17.24353431
,,,,,,,,,,,,,951.65,17.24519591
,,,,,,,,,,,,,951.9,17.24685751
,,,,,,,,,,,,,952.15,17.24851912
,,,,,,,,,,,,,952.4,17.25018072
,,,,,,,,,,,,,952.65,17.25184232
,,,,,,,,,,,,,952.9,17.25350393
,,,,,,,,,,,,,953.15,17.25516553
,,,,,,,,,,,,,953.4,17.25682713
,,,,,,,,,,,,,953.65,17.25848874
,,,,,,,,,,,,,953.9,17.26015034
,,,,,,,,,,,,,954.15,17.26181194
,,,,,,,,,,,,,954.4,17.26347355
,,,,,,,,,,,,,954.65,17.26513515
,,,,,,,,,,,,,954.9,17.26679675
,,,,,,,,,,,,,955.15,17.2683825
,,,,,,,,,,,,,955.4,17.26996824
,,,,,,,,,,,,,955.65,17.27155398
,,,,,,,,,,,,,955.9,17.27313973
,,,,,,,,,,,,,956.15,17.27472547
,,,,,,,,,,,,,956.4,17.27631121
,,,,,,,,,,,,,956.65,17.27789695
,,,,,,,,,,,,,956.9,17.2794827
,,,,,,,,,,,,,957.15,17.28106844
,,,,,,,,,,,,,957.4,17.28265418
,,,,,,,,,,,,,957.65,17.28423992
,,,,,,,,,,,,,957.9,17.28582567
,,,,,,,,,,,,,958.15,17.28741141
,,,,,,,,,,,,,958.4,17.28899715
,,,,,,,,,,,,,958.65,17.2905829
,,,,,,,,,,,,,958.9,17.29216864
,,,,,,,,,,,,,959.15,17.29375438
,,,,,,,,,,,,,959.4,17.29534012
,,,,,,,,,,,,,959.65,17.29692587
,,,,,,,,,,,,,959.9,17.29851161
,,,,,,,,,,,,,960.15,17.30009735
,,,,,,,,,,,,,960.4,17.30168309
,,,,,,,,,,,,,960.65,17.30326884
,,,,,,,,,,,,,960.9,17.30485458
,,,,,,,,,,,,,961.15,17.30644032
,,,,,,,,,,,,,961.4,17.30802607
,,,,,,,,,,,,,961.65,17.30961181
,,,,,,,,,,,,,961.9,17.31119755
,,,,,,,,,,,,,962.15,17.31278329
,,,,,,,,,,,,,962.4,17.31436904
,,,,,,,,,,,,,962.65,17.31595478
,,,,,,,,,,,,,962.9,17.31754052
,,,,,,,,,,,,,963.15,17.31912626
,,,,,,,,,,,,,963.4,17.32071201
,,,,,,,,,,,,,963.65,17.32229775
,,,,,,,,,,,,,963.9,17.32388349
,,,,,,,,,,,,,964.15,17.32546924
,,,,,,,,,,,,,964.4,17.32705498
,,,,,,,,,,,,,964.65,17.32864072
,,,,,,,,,,,,,964.9,17.33022646
,,,,,,,,,,,,,965.15,17.33181221
,,,,,,,,,,,,,965.4,17.33339795
,,,,,,,,,,,,,965.65,17.33498369
,,,,,,,,,,,,,965.9,17.33656943
,,,,,,,,,,,,,966.15,17.33815518
,,,,,,,,,,,,,966.4,17.33974092
,,,,,,,,,,,,,966.65,17.34132666
,,,,,,,,,,,,,966.9,17.34291241
,,,,,,,,,,,,,967.15,17.34449815
,,,,,,,,,,,,,967.4,17.34608389
,,,,,,,,,,,,,967.65,17.34766963
,,,,,,,,,,,,,967.9,17.34925538
,,,,,,,,,,,,,968.15,17.35084112
,,,,,,,,,,,,,968.4,17.35242686
,,,,,,,,,,,,,968.65,17.35401261
,,,,,,,,,,,,,968.9,17.35559835
,,,,,,,,,,,,,969.15,17.35718409
,,,,,,,,,,,,,969.4,17.35876983
,,,,,,,,,,,,,969.65,17.36035558
,,,,,,,,,,,,,969.9,17.36194132
,,,,,,,,,,,,,970.15,17.36352706
,,,,,,,,,,,,,970.4,17.3651128
,,,,,,,,,,,,,970.65,17.36669855
,,,,,,,,,,,,,970.9,17.36828429
,,,,,,,,,,,,,971.15,17.36987003
,,,,,,,,,,,,,971.4,17.37145578
,,,,,,,,,,,,,971.65,17.37304152
,,,,,,,,,,,,,971.9,17.37462726
,,,,,,,,,,,,,972.15,17.376213
,,,,,,,,,,,,,972.4,17.37779875
,,,,,,,,,,,,,972.65,17.37938449
,,,,,,,,,,,,,972.9,17.38097023
,,,,,,,,,,,,,973.15,17.38255597
,,,,,,,,,,,,,973.4,17.38414172
,,,,,,,,,,,,,973.65,17.38572746
,,,,,,,,,,,,,974.15,17.38889895
,,,,,,,,,,,,,974.4,17.39048469
,,,,,,,,,,,,,974.65,17.39207043
,,,,,,,,,,,,,974.9,17.39365617
,,,,,,,,,,,,,975.15,17.39534115
,,,,,,,,,,,,,975.4,17.39702612
,,,,,,,,,,,,,975.65,17.39871109
,,,,,,,,,,,,,975.9,17.40039606
,,,,,,,,,,,,,976.15,17.40208103
,,,,,,,,,,,,,976.4,17.40376601
,,,,,,,,,,,,,976.65,17.40545098
,,,,,,,,,,,,,976.9,17.40713595
,,,,,,,,,,,,,977.15,17.40882092
,,,,,,,,,,,,,977.4,17.41050589
,,,,,,,,,,,,,977.65,17.41219087
,,,,,,,,,,,,,978.15,17.41556081
,,,,,,,,,,,,,978.4,17.41724578
,,,,,,,,,,,,,978.65,17.41893076
,,,,,,,,,,,,,978.9,17.42061573
,,,,,,,,,,,,,979.15,17.4223007
,,,,,,,,,,,,,979.4,17.42398567
,,,,,,,,,,,,,979.65,17.42567064
,,,,,,,,,,,,,979.9,17.42735562
,,,,,,,,,,,,,980.15,17.42904059
,,,,,,,,,,,,,980.4,17.43072556
,,,,,,,,,,,,,980.65,17.43241053
,,,,,,,,,,,,,980.9,17.4340955
,,,,,,,,,,,,,981.15,17.43578048
,,,,,,,,,,,,,981.4,17.43746545
,,,,,,,,,,,,,981.9,17.44083539
,,,,,,,,,,,,,982.15,17.44252037
,,,,,,,,,,,,,982.65,17.44589031
,,,,,,,,,,,,,982.9,17.44757528
,,,,,,,,,,,,,983.15,17.44926025
,,,,,,,,,,,,,986.15,17.46947992
,,,,,,,,,,,,,986.9,17.47453484
,,,,,,,,,,,,,988.15,17.4829597
,,,,,,,,,,,,,989.65,17.49306953
,,,,,,,,,,,,,989.9,17.4947545
,,,,,,,,,,,,,990.15,17.49643947
,,,,,,,,,,,,,990.4,17.49812445
,,,,,,,,,,,,,990.65,17.49980942
,,,,,,,,,,,,,990.9,17.50149439
,,,,,,,,,,,,,991.15,17.50317936
,,,,,,,,,,,,,991.4,17.50486433
,,,,,,,,,,,,,991.65,17.50654931
,,,,,,,,,,,,,992.15,17.50991925
,,,,,,,,,,,,,992.4,17.51160422
,,,,,,,,,,,,,992.65,17.51328919
,,,,,,,,,,,,,992.9,17.51497417
,,,,,,,,,,,,,993.15,17.51665914
,,,,,,,,,,,,,993.9,17.52171406
,,,,,,,,,,,,,994.15,17.52339903
,,,,,,,,,,,,,994.4,17.525084
,,,,,,,,,,,,,994.9,17.52845394
,,,,,,,,,,,,,995.15,17.52983503
,,,,,,,,,,,,,995.4,17.53121612
,,,,,,,,,,,,,995.65,17.53259721
,,,,,,,,,,,,,995.9,17.53397829
,,,,,,,,,,,,,996.15,17.53535938
,,,,,,,,,,,,,996.4,17.53674047
,,,,,,,,,,,,,996.65,17.53812156
,,,,,,,,,,,,,996.9,17.53950264
,,,,,,,,,,,,,997.15,17.54088373
,,,,,,,,,,,,,997.4,17.54226482
,,,,,,,,,,,,,997.65,17.54364591
,,,,,,,,,,,,,997.9,17.545027
,,,,,,,,,,,,,998.15,17.54640808
,,,,,,,,,,,,,998.4,17.54778917
,,,,,,,,,,,,,998.65,17.54917026
,,,,,,,,,,,,,998.9,17.55055135
,,,,,,,,,,,,,999.15,17.55193243
,,,,,,,,,,,,,999.4,17.55331352
,,,,,,,,,,,,,999.65,17.55469461
,,,,,,,,,,,,,999.9,17.5560757
,,,,,,,,,,,,,1000.15,17.55745678
,,,,,,,,,,,,,1000.4,17.55883787
,,,,,,,,,,,,,1000.65,17.56021896
,,,,,,,,,,,,,1000.9,17.56160005
,,,,,,,,,,,,,1001.15,17.56298113
,,,,,,,,,,,,,1001.4,17.56436222
,,,,,,,,,,,,,1001.65,17.56574331
,,,,,,,,,,,,,1001.9,17.5671244
,,,,,,,,,,,,,1002.15,17.56850548
,,,,,,,,,,,,,1002.4,17.56988657
,,,,,,,,,,,,,1002.65,17.57126766
,,,,,,,,,,,,,1002.9,17.57264875
,,,,,,,,,,,,,1003.15,17.57402983
,,,,,,,,,,,,,1003.4,17.57541092
,,,,,,,,,,,,,1003.65,17.57679201
,,,,,,,,,,,,,1003.9,17.5781731
,,,,,,,,,,,,,1004.15,17.57955419
,,,,,,,,,,,,,1004.4,17.58093527
,,,,,,,,,,,,,1004.65,17.58231636
,,,,,,,,,,,,,1004.9,17.58369745
,,,,,,,,,,,,,1005.15,17.58507854
,,,,,,,,,,,,,1005.4,17.58645962
,,,,,,,,,,,,,1005.65,17.58784071
,,,,,,,,,,,,,1005.9,17.5892218
,,,,,,,,,,,,,1006.15,17.59060289
,,,,,,,,,,,,,1006.4,17.59198397
,,,,,,,,,,,,,1006.65,17.59336506
,,,,,,,,,,,,,1006.9,17.59474615
,,,,,,,,,,,,,1007.15,17.59612724
,,,,,,,,,,,,,1007.4,17.59750832
,,,,,,,,,,,,,1007.65,17.59888941
,,,,,,,,,,,,,1007.9,17.6002705
,,,,,,,,,,,,,1008.15,17.60165159
,,,,,,,,,,,,,1008.4,17.60303267
,,,,,,,,,,,,,1008.65,17.60441376
,,,,,,,,,,,,,1008.9,17.60579485
,,,,,,,,,,,,,1009.15,17.60717594
,,,,,,,,,,,,,1009.4,17.60855702
,,,,,,,,,,,,,1009.65,17.60993811
,,,,,,,,,,,,,1009.9,17.6113192
,,,,,,,,,,,,,1010.15,17.61270029
,,,,,,,,,,,,,1010.4,17.61408138
,,,,,,,,,,,,,1010.65,17.61546246
,,,,,,,,,,,,,1010.9,17.61684355
,,,,,,,,,,,,,1011.15,17.61822464
,,,,,,,,,,,,,1011.4,17.61960573
,,,,,,,,,,,,,1011.65,17.62098681
,,,,,,,,,,,,,1011.9,17.6223679
,,,,,,,,,,,,,1012.15,17.62374899
,,,,,,,,,,,,,1012.4,17.62513008
,,,,,,,,,,,,,1012.65,17.62651116
,,,,,,,,,,,,,1012.9,17.62789225
,,,,,,,,,,,,,1013.15,17.62927334
,,,,,,,,,,,,,1013.4,17.63065443
,,,,,,,,,,,,,1013.65,17.63203551
,,,,,,,,,,,,,1013.9,17.6334166
,,,,,,,,,,,,,1014.15,17.63479769
,,,,,,,,,,,,,1014.4,17.63617878
,,,,,,,,,,,,,1014.65,17.63755986
,,,,,,,,,,,,,1014.9,17.63894095
,,,,,,,,,,,,,1015.15,17.64033699
,,,,,,,,,,,,,1015.4,17.64173302
,,,,,,,,,,,,,1015.65,17.64312906
,,,,,,,,,,,,,1015.9,17.6445251
,,,,,,,,,,,,,1016.4,17.64731717
,,,,,,,,,,,,,1016.65,17.64871321
,,,,,,,,,,,,,1016.9,17.65010924
,,,,,,,,,,,,,1017.15,17.65150528
,,,,,,,,,,,,,1017.4,17.65290131
,,,,,,,,,,,,,1017.65,17.65429735
,,,,,,,,,,,,,1017.9,17.65569339
,,,,,,,,,,,,,1018.15,17.65708942
,,,,,,,,,,,,,1018.4,17.65848546
,,,,,,,,,,,,,1018.65,17.6598815
,,,,,,,,,,,,,1018.9,17.66127753
,,,,,,,,,,,,,1019.15,17.66267357
,,,,,,,,,,,,,1019.4,17.6640696
,,,,,,,,,,,,,1019.65,17.66546564
,,,,,,,,,,,,,1019.9,17.66686168
,,,,,,,,,,,,,1020.15,17.66825771
,,,,,,,,,,,,,1020.4,17.66965375
,,,,,,,,,,,,,1020.9,17.67244582
,,,,,,,,,,,,,1021.4,17.67523789
,,,,,,,,,,,,,1021.65,17.67663393
,,,,,,,,,,,,,1021.9,17.67802997
,,,,,,,,,,,,,1022.15,17.679426
,,,,,,,,,,,,,1022.4,17.68082204
,,,,,,,,,,,,,1022.65,17.68221808
,,,,,,,,,,,,,1022.9,17.68361411
,,,,,,,,,,,,,1023.15,17.68501015
,,,,,,,,,,,,,1023.4,17.68640618
,,,,,,,,,,,,,1023.9,17.68919826
,,,,,,,,,,,,,1024.15,17.69059429
,,,,,,,,,,,,,1024.4,17.69199033
,,,,,,,,,,,,,1024.65,17.69338637
,,,,,,,,,,,,,1024.9,17.6947824
,,,,,,,,,,,,,1025.15,17.69617844
,,,,,,,,,,,,,1025.4,17.69757447
,,,,,,,,,,,,,1025.65,17.69897051
,,,,,,,,,,,,,1025.9,17.70036655
,,,,,,,,,,,,,1026.65,17.70455466
,,,,,,,,,,,,,1026.9,17.70595069
,,,,,,,,,,,,,1027.15,17.70734673
,,,,,,,,,,,,,1027.4,17.70874276
,,,,,,,,,,,,,1027.65,17.7101388
,,,,,,,,,,,,,1028.15,17.71293087
,,,,,,,,,,,,,1028.4,17.71432691
,,,,,,,,,,,,,1028.65,17.71572295
,,,,,,,,,,,,,1028.9,17.71711898
,,,,,,,,,,,,,1029.4,17.71991105
,,,,,,,,,,,,,1029.65,17.72130709
,,,,,,,,,,,,,1029.9,17.72270313
,,,,,,,,,,,,,1030.15,17.72409916
,,,,,,,,,,,,,1030.4,17.7254952
,,,,,,,,,,,,,1030.65,17.72689124
,,,,,,,,,,,,,1031.15,17.72968331
,,,,,,,,,,,,,1031.4,17.73107934
,,,,,,,,,,,,,1031.65,17.73247538
,,,,,,,,,,,,,1031.9,17.73387142
,,,,,,,,,,,,,1032.15,17.73526745
,,,,,,,,,,,,,1032.4,17.73666349
,,,,,,,,,,,,,1032.65,17.73805953
,,,,,,,,,,,,,1032.9,17.73945556
,,,,,,,,,,,,,1033.15,17.7408516
,,,,,,,,,,,,,1033.4,17.74224763
,,,,,,,,,,,,,1033.65,17.74364367
,,,,,,,,,,,,,1033.9,17.74503971
,,,,,,,,,,,,,1034.15,17.74643574
,,,,,,,,,,,,,1034.4,17.74783178
,,,,,,,,,,,,,1034.65,17.74922781
,,,,,,,,,,,,,1034.9,17.75062385
,,,,,,,,,,,,,1035.4,17.75335478
,,,,,,,,,,,,,1035.65,17.75472025
,,,,,,,,,,,,,1035.9,17.75608572
,,,,,,,,,,,,,1036.15,17.75745118
,,,,,,,,,,,,,1036.4,17.75881665
,,,,,,,,,,,,,1036.65,17.76018212
,,,,,,,,,,,,,1036.9,17.76154758
,,,,,,,,,,,,,1037.15,17.76291305
,,,,,,,,,,,,,1037.4,17.76427851
,,,,,,,,,,,,,1037.65,17.76564398
,,,,,,,,,,,,,1037.9,17.76700945
,,,,,,,,,,,,,1038.15,17.76837491
,,,,,,,,,,,,,1038.4,17.76974038
,,,,,,,,,,,,,1038.65,17.77110585
,,,,,,,,,,,,,1038.9,17.77247131
,,,,,,,,,,,,,1039.15,17.77383678
,,,,,,,,,,,,,1039.4,17.77520225
,,,,,,,,,,,,,1039.65,17.77656771
,,,,,,,,,,,,,1039.9,17.77793318
,,,,,,,,,,,,,1040.15,17.77929864
,,,,,,,,,,,,,1040.4,17.78066411
,,,,,,,,,,,,,1040.65,17.78202958
,,,,,,,,,,,,,1040.9,17.78339504
,,,,,,,,,,,,,1041.15,17.78476051
,,,,,,,,,,,,,1041.4,17.78612598
,,,,,,,,,,,,,1041.65,17.78749144
,,,,,,,,,,,,,1041.9,17.78885691
,,,,,,,,,,,,,1042.15,17.79022238
,,,,,,,,,,,,,1042.4,17.79158784
,,,,,,,,,,,,,1042.65,17.79295331
,,,,,,,,,,,,,1042.9,17.79431877
,,,,,,,,,,,,,1043.15,17.79568424
,,,,,,,,,,,,,1043.4,17.79704971
,,,,,,,,,,,,,1043.65,17.79841517
,,,,,,,,,,,,,1043.9,17.79978064
,,,,,,,,,,,,,1044.15,17.80114611
,,,,,,,,,,,,,1044.4,17.80251157
,,,,,,,,,,,,,1044.65,17.80387704
,,,,,,,,,,,,,1044.9,17.80524251
,,,,,,,,,,,,,1045.15,17.80660797
,,,,,,,,,,,,,1045.4,17.80797344
,,,,,,,,,,,,,1045.65,17.8093389
,,,,,,,,,,,,,1045.9,17.81070437
,,,,,,,,,,,,,1046.15,17.81206984
,,,,,,,,,,,,,1046.4,17.8134353
,,,,,,,,,,,,,1046.65,17.81480077
,,,,,,,,,,,,,1046.9,17.81616624
,,,,,,,,,,,,,1047.15,17.8175317
,,,,,,,,,,,,,1047.4,17.81889717
,,,,,,,,,,,,,1047.65,17.82026264
,,,,,,,,,,,,,1047.9,17.8216281
,,,,,,,,,,,,,1048.15,17.82299357
,,,,,,,,,,,,,1048.4,17.82435904
,,,,,,,,,,,,,1048.65,17.8257245
,,,,,,,,,,,,,1048.9,17.82708997
,,,,,,,,,,,,,1049.15,17.82845543
,,,,,,,,,,,,,1049.4,17.8298209
,,,,,,,,,,,,,1049.65,17.83118637
,,,,,,,,,,,,,1050.25,17.8339173
,,,,,,,,,,,,,1050.5,17.83528277
,,,,,,,,,,,,,1050.75,17.83664823
,,,,,,,,,,,,,1051.0,17.8380137
,,,,,,,,,,,,,1051.25,17.83937917
,,,,,,,,,,,,,1051.5,17.84074463
,,,,,,,,,,,,,1051.75,17.8421101
,,,,,,,,,,,,,1052.0,17.84347556
,,,,,,,,,,,,,1052.25,17.84484103
,,,,,,,,,,,,,1052.5,17.8462065
,,,,,,,,,,,,,1052.75,17.84757196
,,,,,,,,,,,,,1053.0,17.84893743
,,,,,,,,,,,,,1053.25,17.8503029
,,,,,,,,,,,,,1053.5,17.85166836
,,,,,,,,,,,,,1053.75,17.85303383
,,,,,,,,,,,,,1054.0,17.8543993
,,,,,,,,,,,,,1055.0,17.85986116
,,,,,,,,,,,,,1055.25,17.86124584
,,,,,,,,,,,,,1055.5,17.86263051
,,,,,,,,,,,,,1055.75,17.86401519
,,,,,,,,,,,,,1056.0,17.86539986
,,,,,,,,,,,,,1056.25,17.86678454
,,,,,,,,,,,,,1056.5,17.86816921
,,,,,,,,,,,,,1056.75,17.86955389
,,,,,,,,,,,,,1057.0,17.87093857
,,,,,,,,,,,,,1057.25,17.87232324
,,,,,,,,,,,,,1057.5,17.87370792
,,,,,,,,,,,,,1057.75,17.87509259
,,,,,,,,,,,,,1058.0,17.87647727
,,,,,,,,,,,,,1058.25,17.87786194
,,,,,,,,,,,,,1058.5,17.87924662
,,,,,,,,,,,,,1058.75,17.88063129
,,,,,,,,,,,,,1059.0,17.88201597
,,,,,,,,,,,,,1059.25,17.88340065
,,,,,,,,,,,,,1059.5,17.88478532
,,,,,,,,,,,,,1059.75,17.88617
,,,,,,,,,,,,,1060.0,17.88755467
,,,,,,,,,,,,,1060.25,17.88893935
,,,,,,,,,,,,,1060.5,17.89032402
,,,,,,,,,,,,,1061.0,17.89309337
,,,,,,,,,,,,,1061.25,17.89447805
,,,,,,,,,,,,,1061.5,17.89586273
,,,,,,,,,,,,,1061.75,17.8972474
,,,,,,,,,,,,,1062.0,17.89863208
,,,,,,,,,,,,,1062.25,17.90001675
,,,,,,,,,,,,,1062.5,17.90140143
,,,,,,,,,,,,,1062.75,17.9027861
,,,,,,,,,,,,,1063.0,17.90417078
,,,,,,,,,,,,,1063.25,17.90555546
,,,,,,,,,,,,,1063.75,17.90832481
,,,,,,,,,,,,,1064.0,17.90970948
,,,,,,,,,,,,,1064.25,17.91109416
,,,,,,,,,,,,,1064.5,17.91247883
,,,,,,,,,,,,,1064.75,17.91386351
,,,,,,,,,,,,,1065.0,17.91524818
,,,,,,,,,,,,,1065.5,17.91801754
,,,,,,,,,,,,,1065.75,17.91940221
,,,,,,,,,,,,,1066.0,17.92078689
,,,,,,,,,,,,,1066.25,17.92217156
,,,,,,,,,,,,,1066.75,17.92494091
,,,,,,,,,,,,,1067.0,17.92632559
,,,,,,,,,,,,,1067.25,17.92771026
,,,,,,,,,,,,,1067.5,17.92909494
,,,,,,,,,,,,,1067.75,17.93047962
,,,,,,,,,,,,,1068.0,17.93186429
,,,,,,,,,,,,,1068.25,17.93324897
,,,,,,,,,,,,,1068.5,17.93463364
,,,,,,,,,,,,,1068.75,17.93601832
,,,,,,,,,,,,,1069.0,17.93740299
,,,,,,,,,,,,,1069.25,17.93878767
,,,,,,,,,,,,,1069.5,17.94017235
,,,,,,,,,,,,,1069.75,17.94155702
,,,,,,,,,,,,,1070.0,17.9429417
,,,,,,,,,,,,,1070.25,17.94432637
,,,,,,,,,,,,,1070.5,17.94571105
,,,,,,,,,,,,,1070.75,17.94709572
,,,,,,,,,,,,,1071.0,17.9484804
,,,,,,,,,,,,,1071.25,17.94986507
,,,,,,,,,,,,,1072.25,17.95540378
,,,,,,,,,,,,,1073.0,17.9595578
,,,,,,,,,,,,,1074.25,17.96648118
,,,,,,,,,,,,,1074.5,17.96786586
,,,,,,,,,,,,,1074.75,17.96925053
,,,,,,,,,,,,,1075.0,17.97063521
,,,,,,,,,,,,,1075.25,17.97200046
,,,,,,,,,,,,,1075.5,17.97336571
,,,,,,,,,,,,,1075.75,17.97473095
,,,,,,,,,,,,,1076.0,17.9760962
,,,,,,,,,,,,,1076.25,17.97746145
,,,,,,,,,,,,,1077.25,17.98292245
,,,,,,,,,,,,,1077.5,17.9842877
,,,,,,,,,,,,,1077.75,17.98565294
,,,,,,,,,,,,,1078.0,17.98701819
,,,,,,,,,,,,,1078.25,17.98838344
,,,,,,,,,,,,,1078.5,17.98974869
,,,,,,,,,,,,,1079.0,17.99247919
,,,,,,,,,,,,,1079.25,17.99384444
,,,,,,,,,,,,,1079.5,17.99520968
,,,,,,,,,,,,,1079.75,17.99657493
,,,,,,,,,,,,,1080.0,17.99794018
,,,,,,,,,,,,,1080.25,17.99930543
,,,,,,,,,,,,,1080.5,18.00067068
,,,,,,,,,,,,,1081.0,18.00340118
,,,,,,,,,,,,,1081.25,18.00476643
,,,,,,,,,,,,,1081.75,18.00749692
,,,,,,,,,,,,,1082.0,18.00886217
,,,,,,,,,,,,,1082.25,18.01022742
,,,,,,,,,,,,,1082.5,18.01159267
,,,,,,,,,,,,,1082.75,18.01295792
,,,,,,,,,,,,,1083.0,18.01432317
,,,,,,,,,,,,,1083.25,18.01568842
,,,,,,,,,,,,,1083.5,18.01705366
,,,,,,,,,,,,,1083.75,18.01841891
,,,,,,,,,,,,,1084.0,18.01978416
,,,,,,,,,,,,,1084.25,18.02114941
,,,,,,,,,,,,,1084.5,18.02251466
,,,,,,,,,,,,,1084.75,18.02387991
,,,,,,,,,,,,,1085.0,18.02524516
,,,,,,,,,,,,,1085.25,18.0266104
,,,,,,,,,,,,,1085.5,18.02797565
,,,,,,,,,,,,,1085.75,18.0293409
,,,,,,,,,,,,,1086.0,18.03070615
,,,,,,,,,,,,,1086.25,18.0320714
,,,,,,,,,,,,,1086.5,18.03343665
,,,,,,,,,,,,,1086.75,18.0348019
,,,,,,,,,,,,,1087.0,18.03616715
,,,,,,,,,,,,,1087.5,18.03753239
,,,,,,,,,,,,,1087.75,18.04026289
,,,,,,,,,,,,,1088.0,18.04162814
,,,,,,,,,,,,,1088.5,18.04299339
,,,,,,,,,,,,,1088.75,18.04572389
,,,,,,,,,,,,,1089.0,18.04708914
,,,,,,,,,,,,,1089.25,18.04845438
,,,,,,,,,,,,,1089.5,18.04981963
,,,,,,,,,,,,,1089.75,18.05118488
,,,,,,,,,,,,,1090.0,18.05255013
,,,,,,,,,,,,,1090.25,18.05391538
,,,,,,,,,,,,,1090.5,18.05528063
,,,,,,,,,,,,,1090.75,18.05664588
,,,,,,,,,,,,,1091.0,18.05801112
,,,,,,,,,,,,,1091.25,18.05937637
,,,,,,,,,,,,,1091.5,18.06074162
,,,,,,,,,,,,,1091.75,18.06210687
,,,,,,,,,,,,,1092.25,18.06483737
,,,,,,,,,,,,,1092.5,18.06620262
,,,,,,,,,,,,,1092.75,18.06756787
,,,,,,,,,,,,,1093.0,18.06893311
,,,,,,,,,,,,,1093.25,18.07029836
,,,,,,,,,,,,,1093.5,18.07166361
,,,,,,,,,,,,,1093.75,18.07302886
,,,,,,,,,,,,,1094.0,18.07439411
,,,,,,,,,,,,,1094.25,18.07575936
,,,,,,,,,,,,,1094.5,18.07712461
,,,,,,,,,,,,,1094.75,18.07848986
,,,,,,,,,,,,,1095.0,18.0798551
,,,,,,,,,,,,,1095.25,18.08122591
,,,,,,,,,,,,,1095.5,18.08259672
,,,,,,,,,,,,,1095.75,18.08396753
,,,,,,,,,,,,,1096.25,18.08670916
,,,,,,,,,,,,,1097.0,18.09082159
,,,,,,,,,,,,,1098.25,18.09767564
,,,,,,,,,,,,,1098.5,18.09904645
,,,,,,,,,,,,,1098.75,18.10041726
,,,,,,,,,,,,,1100.25,18.10864212
,,,,,,,,,,,,,1101.0,18.11275455
,,,,,,,,,,,,,1101.75,18.11686698
,,,,,,,,,,,,,1102.5,18.12097941
,,,,,,,,,,,,,1102.75,18.12235022
,,,,,,,,,,,,,1103.25,18.12509184
,,,,,,,,,,,,,1103.5,18.12646265
,,,,,,,,,,,,,1103.75,18.12783346
,,,,,,,,,,,,,1104.0,18.12920427
,,,,,,,,,,,,,1105.0,18.13468751
,,,,,,,,,,,,,1105.25,18.13605832
,,,,,,,,,,,,,1105.5,18.13742913
,,,,,,,,,,,,,1105.75,18.13879994
,,,,,,,,,,,,,1106.0,18.14017075
,,,,,,,,,,,,,1106.25,18.14154156
,,,,,,,,,,,,,1106.5,18.14291238
,,,,,,,,,,,,,1106.75,18.14428319
,,,,,,,,,,,,,1107.25,18.14702481
,,,,,,,,,,,,,1107.5,18.14839562
,,,,,,,,,,,,,1107.75,18.14976643
,,,,,,,,,,,,,1108.0,18.15113724
,,,,,,,,,,,,,1108.25,18.15250805
,,,,,,,,,,,,,1108.5,18.15387886
,,,,,,,,,,,,,1108.75,18.15524967
,,,,,,,,,,,,,1109.0,18.15662048
,,,,,,,,,,,,,1109.25,18.15799129
,,,,,,,,,,,,,1109.5,18.1593621
,,,,,,,,,,,,,1109.75,18.16073291
,,,,,,,,,,,,,1110.0,18.16210372
,,,,,,,,,,,,,1110.25,18.16347453
,,,,,,,,,,,,,1110.5,18.16484534
,,,,,,,,,,,,,1110.75,18.16621615
,,,,,,,,,,,,,1111.0,18.16758696
,,,,,,,,,,,,,1111.25,18.16895777
,,,,,,,,,,,,,1111.5,18.17032858
,,,,,,,,,,,,,1111.75,18.17169939
,,,,,,,,,,,,,1112.0,18.1730702
,,,,,,,,,,,,,1112.25,18.17444101
,,,,,,,,,,,,,1112.5,18.17581182
,,,,,,,,,,,,,1112.75,18.17718263
,,,,,,,,,,,,,1113.0,18.17855344
,,,,,,,,,,,,,1113.25,18.17992425
,,,,,,,,,,,,,1113.5,18.18129506
,,,,,,,,,,,,,1113.75,18.18266587
,,,,,,,,,,,,,1114.0,18.18403668
,,,,,,,,,,,,,1114.25,18.18540749
,,,,,,,,,,,,,1114.5,18.1867783
,,,,,,,,,,,,,1114.75,18.18814911
,,,,,,,,,,,,,1115.0,18.18951992
,,,,,,,,,,,,,1115.25,18.19090854
,,,,,,,,,,,,,1115.5,18.19229716
,,,,,,,,,,,,,1116.5,18.19785163
,,,,,,,,,,,,,1117.0,18.20062887
,,,,,,,,,,,,,1117.25,18.20201748
,,,,,,,,,,,,,1117.5,18.2034061
,,,,,,,,,,,,,1117.75,18.20479472
,,,,,,,,,,,,,1118.0,18.20618334
,,,,,,,,,,,,,1118.25,18.20757196
,,,,,,,,,,,,,1118.5,18.20896057
,,,,,,,,,,,,,1118.75,18.21034919
,,,,,,,,,,,,,1119.0,18.21173781
,,,,,,,,,,,,,1119.25,18.21312643
,,,,,,,,,,,,,1119.5,18.21451505
,,,,,,,,,,,,,1119.75,18.21590366
,,,,,,,,,,,,,1120.0,18.21729228
,,,,,,,,,,,,,1120.25,18.2186809
,,,,,,,,,,,,,1120.5,18.22006952
,,,,,,,,,,,,,1120.75,18.22145814
,,,,,,,,,,,,,1121.0,18.22284675
,,,,,,,,,,,,,1121.25,18.22423537
,,,,,,,,,,,,,1121.5,18.22562399
,,,,,,,,,,,,,1121.75,18.22701261
,,,,,,,,,,,,,1122.0,18.22840123
,,,,,,,,,,,,,1122.25,18.22978984
,,,,,,,,,,,,,1122.5,18.23117846
,,,,,,,,,,,,,1122.75,18.23256708
,,,,,,,,,,,,,1123.0,18.2339557
,,,,,,,,,,,,,1123.25,18.23534431
,,,,,,,,,,,,,1123.5,18.23673293
,,,,,,,,,,,,,1123.75,18.23812155
,,,,,,,,,,,,,1124.0,18.23951017
,,,,,,,,,,,,,1124.25,18.24089879
,,,,,,,,,,,,,1124.5,18.2422874
,,,,,,,,,,,,,1124.75,18.24367602
,,,,,,,,,,,,,1125.0,18.24506464
,,,,,,,,,,,,,1125.25,18.24645326
,,,,,,,,,,,,,1125.75,18.24923049
,,,,,,,,,,,,,1126.0,18.25061911
,,,,,,,,,,,,,1126.25,18.25200773
,,,,,,,,,,,,,1126.5,18.25339635
,,,,,,,,,,,,,1126.75,18.25478497
,,,,,,,,,,,,,1127.0,18.25617358
,,,,,,,,,,,,,1127.25,18.2575622
,,,,,,,,,,,,,1127.5,18.25895082
,,,,,,,,,,,,,1127.75,18.26033944
,,,,,,,,,,,,,1128.0,18.26172806
,,,,,,,,,,,,,1128.25,18.26311667
,,,,,,,,,,,,,1128.5,18.26450529
,,,,,,,,,,,,,1128.75,18.26589391
,,,,,,,,,,,,,1129.0,18.26728253
,,,,,,,,,,,,,1129.25,18.26867115
,,,,,,,,,,,,,1130.0,18.272837
,,,,,,,,,,,,,1130.25,18.27422562
,,,,,,,,,,,,,1130.5,18.27561423
,,,,,,,,,,,,,1130.75,18.27700285
,,,,,,,,,,,,,1131.0,18.27839147
,,,,,,,,,,,,,1131.25,18.27978009
,,,,,,,,,,,,,1131.5,18.28116871
,,,,,,,,,,,,,1131.75,18.28255732
,,,,,,,,,,,,,1132.0,18.28394594
,,,,,,,,,,,,,1132.25,18.28533456
,,,,,,,,,,,,,1132.5,18.28672318
,,,,,,,,,,,,,1132.75,18.2881118
,,,,,,,,,,,,,1133.0,18.28950041
,,,,,,,,,,,,,1133.25,18.29088903
,,,,,,,,,,,,,1133.5,18.29227765
,,,,,,,,,,,,,1133.75,18.29366627
,,,,,,,,,,,,,1134.0,18.29505489
,,,,,,,,,,,,,1134.25,18.2964435
,,,,,,,,,,,,,1134.5,18.29783212
,,,,,,,,,,,,,1134.75,18.29922074
,,,,,,,,,,,,,1135.0,18.30060936
,,,,,,,,,,,,,1135.25,18.30198874
,,,,,,,,,,,,,1135.75,18.3047475
,,,,,,,,,,,,,1136.0,18.30612688
,,,,,,,,,,,,,1136.25,18.30750626
,,,,,,,,,,,,,1136.5,18.30888564
,,,,,,,,,,,,,1136.75,18.31026502
,,,,,,,,,,,,,1137.0,18.31164441
,,,,,,,,,,,,,1137.25,18.31302379
,,,,,,,,,,,,,1137.5,18.31440317
,,,,,,,,,,,,,1137.75,18.31578255
,,,,,,,,,,,,,1138.0,18.31716193
,,,,,,,,,,,,,1138.25,18.31854131
,,,,,,,,,,,,,1138.5,18.31992069
,,,,,,,,,,,,,1138.75,18.32130007
,,,,,,,,,,,,,1139.0,18.32267945
,,,,,,,,,,,,,1139.5,18.32543822
,,,,,,,,,,,,,1139.75,18.3268176
,,,,,,,,,,,,,1140.0,18.32819698
,,,,,,,,,,,,,1140.25,18.32957636
,,,,,,,,,,,,,1140.5,18.33095574
,,,,,,,,,,,,,1140.75,18.33233512
,,,,,,,,,,,,,1141.0,18.3337145
,,,,,,,,,,,,,1141.25,18.33509388
,,,,,,,,,,,,,1141.5,18.33647326
,,,,,,,,,,,,,1141.75,18.33785265
,,,,,,,,,,,,,1142.0,18.33923203
,,,,,,,,,,,,,1142.25,18.34061141
,,,,,,,,,,,,,1142.5,18.34199079
,,,,,,,,,,,,,1142.75,18.34337017
,,,,,,,,,,,,,1143.0,18.34474955
,,,,,,,,,,,,,1143.25,18.34612893
,,,,,,,,,,,,,1143.5,18.34750831
,,,,,,,,,,,,,1143.75,18.34888769
,,,,,,,,,,,,,1144.0,18.35026707
,,,,,,,,,,,,,1144.25,18.35164646
,,,,,,,,,,,,,1144.5,18.35302584
,,,,,,,,,,,,,1144.75,18.35440522
,,,,,,,,,,,,,1145.0,18.3557846
,,,,,,,,,,,,,1145.25,18.35716398
,,,,,,,,,,,,,1145.5,18.35854336
,,,,,,,,,,,,,1145.75,18.35992274
,,,,,,,,,,,,,1146.0,18.36130212
,,,,,,,,,,,,,1146.25,18.3626815
,,,,,,,,,,,,,1146.5,18.36406089
,,,,,,,,,,,,,1146.75,18.36544027
,,,,,,,,,,,,,1147.0,18.36681965
,,,,,,,,,,,,,1147.25,18.36819903
,,,,,,,,,,,,,1147.5,18.36957841
,,,,,,,,,,,,,1147.75,18.37095779
,,,,,,,,,,,,,1148.0,18.37233717
,,,,,,,,,,,,,1148.25,18.37371655
,,,,,,,,,,,,,1148.5,18.37509593
,,,,,,,,,,,,,1148.75,18.37647531
,,,,,,,,,,,,,1149.0,18.3778547
,,,,,,,,,,,,,1149.25,18.37923408
,,,,,,,,,,,,,1149.5,18.38061346
,,,,,,,,,,,,,1149.75,18.38199284
,,,,,,,,,,,,,1150.0,18.38337222
,,,,,,,,,,,,,1150.25,18.3847516
,,,,,,,,,,,,,1150.5,18.38613098
,,,,,,,,,,,,,1150.75,18.38751036
,,,,,,,,,,,,,1151.0,18.38888974
,,,,,,,,,,,,,1151.25,18.39026912
,,,,,,,,,,,,,1151.5,18.39164851
,,,,,,,,,,,,,1151.75,18.39302789
,,,,,,,,,,,,,1152.0,18.39440727
,,,,,,,,,,,,,1152.25,18.39578665
,,,,,,,,,,,,,1152.5,18.39716603
,,,,,,,,,,,,,1152.75,18.39854541
,,,,,,,,,,,,,1153.0,18.39992479
,,,,,,,,,,,,,1153.25,18.40130417
,,,,,,,,,,,,,1153.5,18.40268355
,,,,,,,,,,,,,1153.75,18.40406294
,,,,,,,,,,,,,1154.0,18.40544232
,,,,,,,,,,,,,1154.25,18.4068217
,,,,,,,,,,,,,1154.5,18.40820108
,,,,,,,,,,,,,1154.75,18.40958046
,,,,,,,,,,,,,1155.0,18.41095984
,,,,,,,,,,,,,1155.25,18.41235271
,,,,,,,,,,,,,1155.5,18.41374558
,,,,,,,,,,,,,1155.75,18.41513845
,,,,,,,,,,,,,1156.0,18.41653132
,,,,,,,,,,,,,1156.25,18.41792419
,,,,,,,,,,,,,1156.5,18.41931706
,,,,,,,,,,,,,1156.75,18.42070993
,,,,,,,,,,,,,1158.25,18.42906715
,,,,,,,,,,,,,1158.5,18.43046002
,,,,,,,,,,,,,1158.75,18.43185289
,,,,,,,,,,,,,1159.0,18.43324576
,,,,,,,,,,,,,1159.25,18.43463863
,,,,,,,,,,,,,1159.5,18.43603149
,,,,,,,,,,,,,1159.75,18.43742436
,,,,,,,,,,,,,1160.0,18.43881723
,,,,,,,,,,,,,1160.25,18.4402101
,,,,,,,,,,,,,1160.5,18.44160297
,,,,,,,,,,,,,1160.75,18.44299584
,,,,,,,,,,,,,1161.0,18.44438871
,,,,,,,,,,,,,1161.25,18.44578158
,,,,,,,,,,,,,1161.5,18.44717445
,,,,,,,,,,,,,1161.75,18.44856732
,,,,,,,,,,,,,1162.0,18.44996019
,,,,,,,,,,,,,1162.25,18.45135306
,,,,,,,,,,,,,1162.5,18.45274593
,,,,,,,,,,,,,1162.75,18.4541388
,,,,,,,,,,,,,1163.0,18.45553167
,,,,,,,,,,,,,1163.25,18.45692454
,,,,,,,,,,,,,1163.5,18.45831741
,,,,,,,,,,,,,1163.75,18.45971028
,,,,,,,,,,,,,1164.0,18.46110315
,,,,,,,,,,,,,1164.25,18.46249602
,,,,,,,,,,,,,1164.5,18.46388889
,,,,,,,,,,,,,1164.75,18.46528176
,,,,,,,,,,,,,1165.0,18.46667463
,,,,,,,,,,,,,1165.25,18.4680675
,,,,,,,,,,,,,1165.5,18.46946037
,,,,,,,,,,,,,1165.75,18.47085324
,,,,,,,,,,,,,1166.0,18.47224611
,,,,,,,,,,,,,1166.25,18.47363898
,,,,,,,,,,,,,1166.5,18.47503185
,,,,,,,,,,,,,1166.75,18.47642472
,,,,,,,,,,,,,1167.0,18.47781759
,,,,,,,,,,,,,1167.25,18.47921046
,,,,,,,,,,,,,1167.5,18.48060333
,,,,,,,,,,,,,1167.75,18.48199619
,,,,,,,,,,,,,1168.0,18.48338906
,,,,,,,,,,,,,1168.25,18.48478193
,,,,,,,,,,,,,1168.5,18.4861748
,,,,,,,,,,,,,1168.75,18.48756767
,,,,,,,,,,,,,1169.0,18.48896054
,,,,,,,,,,,,,1169.25,18.49035341
,,,,,,,,,,,,,1169.5,18.49174628
,,,,,,,,,,,,,1169.75,18.49313915
,,,,,,,,,,,,,1170.0,18.49453202
,,,,,,,,,,,,,1170.25,18.49592489
,,,,,,,,,,,,,1170.5,18.49731776
,,,,,,,,,,,,,1170.75,18.49871063
,,,,,,,,,,,,,1171.0,18.5001035
,,,,,,,,,,,,,1171.25,18.50149637
,,,,,,,,,,,,,1171.5,18.50288924
,,,,,,,,,,,,,1171.75,18.50428211
,,,,,,,,,,,,,1172.25,18.50706785
,,,,,,,,,,,,,1172.75,18.50985359
,,,,,,,,,,,,,1173.0,18.51124646
,,,,,,,,,,,,,1173.25,18.51263933
,,,,,,,,,,,,,1173.5,18.5140322
,,,,,,,,,,,,,1173.75,18.51542507
,,,,,,,,,,,,,1174.0,18.51681794
,,,,,,,,,,,,,1174.25,18.51821081
,,,,,,,,,,,,,1174.5,18.51960368
,,,,,,,,,,,,,1174.75,18.52099655
,,,,,,,,,,,,,1175.0,18.52238942
,,,,,,,,,,,,,1175.25,18.5237715
,,,,,,,,,,,,,1175.5,18.52515358
,,,,,,,,,,,,,1175.75,18.52653566
,,,,,,,,,,,,,1176.0,18.52791774
,,,,,,,,,,,,,1176.25,18.52929983
,,,,,,,,,,,,,1176.5,18.53068191
,,,,,,,,,,,,,1176.75,18.53206399
,,,,,,,,,,,,,1177.0,18.53344607
,,,,,,,,,,,,,1177.25,18.53482815
,,,,,,,,,,,,,1177.5,18.53621024
,,,,,,,,,,,,,1177.75,18.53759232
,,,,,,,,,,,,,1178.0,18.5389744
,,,,,,,,,,,,,1178.25,18.54035648
,,,,,,,,,,,,,1178.5,18.54173856
,,,,,,,,,,,,,1178.75,18.54312065
,,,,,,,,,,,,,1179.0,18.54450273
,,,,,,,,,,,,,1179.25,18.54588481
,,,,,,,,,,,,,1179.5,18.54726689
,,,,,,,,,,,,,1179.75,18.54864897
,,,,,,,,,,,,,1180.0,18.55003106
,,,,,,,,,,,,,1180.25,18.55141314
,,,,,,,,,,,,,1180.5,18.55279522
,,,,,,,,,,,,,1180.75,18.5541773
,,,,,,,,,,,,,1181.0,18.55555938
,,,,,,,,,,,,,1181.25,18.55694147
,,,,,,,,,,,,,1181.5,18.55832355
,,,,,,,,,,,,,1181.75,18.55970563
,,,,,,,,,,,,,1182.0,18.56108771
,,,,,,,,,,,,,1182.25,18.56246979
,,,,,,,,,,,,,1182.5,18.56385188
,,,,,,,,,,,,,1182.75,18.56523396
,,,,,,,,,,,,,1183.0,18.56661604
,,,,,,,,,,,,,1183.25,18.56799812
,,,,,,,,,,,,,1183.5,18.5693802
,,,,,,,,,,,,,1183.75,18.57076229
,,,,,,,,,,,,,1184.0,18.57214437
,,,,,,,,,,,,,1184.25,18.57352645
,,,,,,,,,,,,,1184.5,18.57490853
,,,,,,,,,,,,,1184.75,18.57629061
,,,,,,,,,,,,,1185.0,18.5776727
,,,,,,,,,,,,,1185.25,18.57905478
,,,,,,,,,,,,,1185.5,18.58043686
,,,,,,,,,,,,,1185.75,18.58181894
,,,,,,,,,,,,,1186.0,18.58320102
,,,,,,,,,,,,,1186.25,18.58458311
,,,,,,,,,,,,,1186.5,18.58596519
,,,,,,,,,,,,,1186.75,18.58734727
,,,,,,,,,,,,,1187.0,18.58872935
,,,,,,,,,,,,,1187.25,18.59011143
,,,,,,,,,,,,,1187.5,18.59149352
,,,,,,,,,,,,,1187.75,18.5928756
,,,,,,,,,,,,,1188.0,18.59425768
,,,,,,,,,,,,,1188.25,18.59563976
,,,,,,,,,,,,,1188.5,18.59702184
,,,,,,,,,,,,,1188.75,18.59840393
,,,,,,,,,,,,,1189.0,18.59978601
,,,,,,,,,,,,,1189.25,18.60116809
,,,,,,,,,,,,,1189.5,18.60255017
,,,,,,,,,,,,,1189.75,18.60393225
,,,,,,,,,,,,,1190.0,18.60531434
,,,,,,,,,,,,,1190.25,18.60669642
,,,,,,,,,,,,,1190.5,18.6080785
,,,,,,,,,,,,,1190.75,18.60946058
,,,,,,,,,,,,,1191.0,18.61084266
,,,,,,,,,,,,,1191.25,18.61222475
,,,,,,,,,,,,,1191.5,18.61360683
,,,,,,,,,,,,,1191.75,18.61498891
,,,,,,,,,,,,,1192.0,18.61637099
,,,,,,,,,,,,,1192.25,18.61775307
,,,,,,,,,,,,,1192.5,18.61913516
,,,,,,,,,,,,,1192.75,18.62051724
,,,,,,,,,,,,,1193.0,18.62189932
,,,,,,,,,,,,,1193.25,18.6232814
,,,,,,,,,,,,,1193.5,18.62466348
,,,,,,,,,,,,,1193.75,18.62604557
,,,,,,,,,,,,,1194.0,18.62742765
,,,,,,,,,,,,,1194.25,18.62880973
,,,,,,,,,,,,,1194.5,18.63019181
,,,,,,,,,,,,,1194.75,18.63157389
,,,,,,,,,,,,,1195.0,18.63295598
,,,,,,,,,,,,,1195.25,18.63433248
,,,,,,,,,,,,,1195.5,18.63570898
,,,,,,,,,,,,,1195.75,18.63708548
,,,,,,,,,,,,,1196.0,18.63846198
,,,,,,,,,,,,,1196.25,18.63983848
,,,,,,,,,,,,,1196.5,18.64121497
,,,,,,,,,,,,,1196.75,18.64259147
,,,,,,,,,,,,,1197.0,18.64396797
,,,,,,,,,,,,,1197.25,18.64534447
,,,,,,,,,,,,,1197.5,18.64672097
,,,,,,,,,,,,,1197.75,18.64809747
,,,,,,,,,,,,,1198.0,18.64947397
,,,,,,,,,,,,,1198.25,18.65085047
,,,,,,,,,,,,,1198.5,18.65222697
,,,,,,,,,,,,,1198.75,18.65360347
,,,,,,,,,,,,,1199.0,18.65497997
,,,,,,,,,,,,,1199.25,18.65635647
,,,,,,,,,,,,,1199.5,18.65773297
,,,,,,,,,,,,,1200.1,18.66048597
,,,,,,,,,,,,,1200.35,18.66186247
,,,,,,,,,,,,,1200.6,18.66323897
,,,,,,,,,,,,,1200.85,18.66461547
,,,,,,,,,,,,,1201.1,18.66599197
,,,,,,,,,,,,,1201.35,18.66736847
,,,,,,,,,,,,,1201.6,18.66874497
,,,,,,,,,,,,,1201.85,18.67012147
,,,,,,,,,,,,,1202.1,18.67149797
,,,,,,,,,,,,,1202.35,18.67287447
,,,,,,,,,,,,,1202.6,18.67425097
,,,,,,,,,,,,,1202.85,18.67562747
,,,,,,,,,,,,,1203.1,18.67700397
,,,,,,,,,,,,,1203.35,18.67838047
,,,,,,,,,,,,,1203.6,18.67975697
,,,,,,,,,,,,,1203.85,18.68113347
,,,,,,,,,,,,,1204.1,18.68250997
,,,,,,,,,,,,,1204.35,18.68388647
,,,,,,,,,,,,,1204.6,18.68526297
,,,,,,,,,,,,,1204.85,18.68663947
,,,,,,,,,,,,,1205.1,18.68801597
,,,,,,,,,,,,,1205.35,18.68939247
,,,,,,,,,,,,,1205.6,18.69076897
,,,,,,,,,,,,,1205.85,18.69214547
,,,,,,,,,,,,,1206.1,18.69352197
,,,,,,,,,,,,,1206.35,18.69489847
,,,,,,,,,,,,,1206.6,18.69627497
,,,,,,,,,,,,,1206.85,18.69765147
,,,,,,,,,,,,,1207.1,18.69902797
,,,,,,,,,,,,,1207.35,18.70040446
,,,,,,,,,,,,,1207.6,18.70178096
,,,,,,,,,,,,,1207.85,18.70315746
,,,,,,,,,,,,,1208.1,18.70453396
,,,,,,,,,,,,,1208.35,18.70591046
,,,,,,,,,,,,,1208.6,18.70728696
,,,,,,,,,,,,,1208.85,18.70866346
,,,,,,,,,,,,,1209.1,18.71003996
,,,,,,,,,,,,,1209.35,18.71141646
,,,,,,,,,,,,,1209.6,18.71279296
,,,,,,,,,,,,,1209.85,18.71416946
,,,,,,,,,,,,,1210.1,18.71554596
,,,,,,,,,,,,,1210.35,18.71692246
,,,,,,,,,,,,,1210.6,18.71829896
,,,,,,,,,,,,,1210.85,18.71967546
,,,,,,,,,,,,,1211.1,18.72105196
,,,,,,,,,,,,,1211.35,18.72242846
,,,,,,,,,,,,,1211.6,18.72380496
,,,,,,,,,,,,,1211.85,18.72518146
,,,,,,,,,,,,,1212.1,18.72655796
,,,,,,,,,,,,,1212.35,18.72793446
,,,,,,,,,,,,,1212.6,18.72931096
,,,,,,,,,,,,,1212.85,18.73068746
,,,,,,,,,,,,,1213.1,18.73206396
,,,,,,,,,,,,,1213.35,18.73344046
,,,,,,,,,,,,,1213.6,18.73481696
,,,,,,,,,,,,,1213.85,18.73619346
,,,,,,,,,,,,,1214.1,18.73756996
,,,,,,,,,,,,,1214.35,18.73894646
,,,,,,,,,,,,,1214.6,18.74032296
,,,,,,,,,,,,,1214.85,18.74169946
,,,,,,,,,,,,,1215.1,18.74307596
,,,,,,,,,,,,,1215.35,18.74447822
,,,,,,,,,,,,,1215.6,18.74588048
,,,,,,,,,,,,,1215.85,18.74728274
,,,,,,,,,,,,,1216.1,18.748685
,,,,,,,,,,,,,1216.35,18.75008727
,,,,,,,,,,,,,1216.6,18.75148953
,,,,,,,,,,,,,1216.85,18.75289179
,,,,,,,,,,,,,1217.1,18.75429405
,,,,,,,,,,,,,1217.35,18.75569631
,,,,,,,,,,,,,1217.6,18.75709857
,,,,,,,,,,,,,1217.85,18.75850084
,,,,,,,,,,,,,1218.1,18.7599031
,,,,,,,,,,,,,1218.35,18.76130536
,,,,,,,,,,,,,1218.6,18.76270762
,,,,,,,,,,,,,1218.85,18.76410988
,,,,,,,,,,,,,1219.1,18.76551215
,,,,,,,,,,,,,1219.35,18.76691441
,,,,,,,,,,,,,1219.6,18.76831667
,,,,,,,,,,,,,1219.85,18.76971893
,,,,,,,,,,,,,1220.1,18.77112119
,,,,,,,,,,,,,1220.35,18.77252345
,,,,,,,,,,,,,1220.6,18.77392572
,,,,,,,,,,,,,1220.85,18.77532798
,,,,,,,,,,,,,1221.1,18.77673024
,,,,,,,,,,,,,1221.35,18.7781325
,,,,,,,,,,,,,1221.6,18.77953476
,,,,,,,,,,,,,1221.85,18.78093702
,,,,,,,,,,,,,1222.1,18.78233929
,,,,,,,,,,,,,1222.35,18.78374155
,,,,,,,,,,,,,1222.6,18.78514381
,,,,,,,,,,,,,1222.85,18.78654607
,,,,,,,,,,,,,1223.1,18.78794833
,,,,,,,,,,,,,1223.35,18.78935059
,,,,,,,,,,,,,1223.6,18.79075286
,,,,,,,,,,,,,1223.85,18.79215512
,,,,,,,,,,,,,1224.1,18.79355738
,,,,,,,,,,,,,1224.35,18.79495964
,,,,,,,,,,,,,1224.6,18.7963619
,,,,,,,,,,,,,1224.85,18.79776416
,,,,,,,,,,,,,1225.1,18.79916643
,,,,,,,,,,,,,1225.35,18.80056869
,,,,,,,,,,,,,1225.6,18.80197095
,,,,,,,,,,,,,1225.85,18.80337321
,,,,,,,,,,,,,1226.1,18.80477547
,,,,,,,,,,,,,1226.35,18.80617774
,,,,,,,,,,,,,1226.6,18.80758
,,,,,,,,,,,,,1226.85,18.80898226
,,,,,,,,,,,,,1227.1,18.81038452
,,,,,,,,,,,,,1227.35,18.81178678
,,,,,,,,,,,,,1227.6,18.81318904
,,,,,,,,,,,,,1227.85,18.81459131
,,,,,,,,,,,,,1228.1,18.81599357
,,,,,,,,,,,,,1228.35,18.81739583
,,,,,,,,,,,,,1228.6,18.81879809
,,,,,,,,,,,,,1228.85,18.82020035
,,,,,,,,,,,,,1229.1,18.82160261
,,,,,,,,,,,,,1229.35,18.82300488
,,,,,,,,,,,,,1229.6,18.82440714
,,,,,,,,,,,,,1229.85,18.8258094
,,,,,,,,,,,,,1230.1,18.82721166
,,,,,,,,,,,,,1230.35,18.82861392
,,,,,,,,,,,,,1230.6,18.83001618
,,,,,,,,,,,,,1230.85,18.83141845
,,,,,,,,,,,,,1231.1,18.83282071
,,,,,,,,,,,,,1231.35,18.83422297
,,,,,,,,,,,,,1231.6,18.83562523
,,,,,,,,,,,,,1231.85,18.83702749
,,,,,,,,,,,,,1232.1,18.83842975
,,,,,,,,,,,,,1232.35,18.83983202
,,,,,,,,,,,,,1232.6,18.84123428
,,,,,,,,,,,,,1232.85,18.84263654
,,,,,,,,,,,,,1233.1,18.8440388
,,,,,,,,,,,,,1233.35,18.84544106
,,,,,,,,,,,,,1233.6,18.84684332
,,,,,,,,,,,,,1233.85,18.84824559
,,,,,,,,,,,,,1234.1,18.84964785
,,,,,,,,,,,,,1234.35,18.85105011
,,,,,,,,,,,,,1234.6,18.85245237
,,,,,,,,,,,,,1234.85,18.85385463
,,,,,,,,,,,,,1235.1,18.8552569
,,,,,,,,,,,,,1235.35,18.85664985
,,,,,,,,,,,,,1235.6,18.85804281
,,,,,,,,,,,,,1235.85,18.85943576
,,,,,,,,,,,,,1236.1,18.86082872
,,,,,,,,,,,,,1236.35,18.86222167
,,,,,,,,,,,,,1236.6,18.86361463
,,,,,,,,,,,,,1236.85,18.86500758
,,,,,,,,,,,,,1237.1,18.86640054
,,,,,,,,,,,,,1237.35,18.8677935
,,,,,,,,,,,,,1237.6,18.86918645
,,,,,,,,,,,,,1237.85,18.87057941
,,,,,,,,,,,,,1238.1,18.87197236
,,,,,,,,,,,,,1238.35,18.87336532
,,,,,,,,,,,,,1238.6,18.87475827
,,,,,,,,,,,,,1238.85,18.87615123
,,,,,,,,,,,,,1239.1,18.87754418
,,,,,,,,,,,,,1239.35,18.87893714
,,,,,,,,,,,,,1239.6,18.8803301
,,,,,,,,,,,,,1239.85,18.88172305
,,,,,,,,,,,,,1240.1,18.88311601
,,,,,,,,,,,,,1240.35,18.88450896
,,,,,,,,,,,,,1240.6,18.88590192
,,,,,,,,,,,,,1240.85,18.88729487
,,,,,,,,,,,,,1241.1,18.88868783
,,,,,,,,,,,,,1241.35,18.89008078
,,,,,,,,,,,,,1241.6,18.89147374
,,,,,,,,,,,,,1241.85,18.8928667
,,,,,,,,,,,,,1242.1,18.89425965
,,,,,,,,,,,,,1242.35,18.89565261
,,,,,,,,,,,,,1242.6,18.89704556
,,,,,,,,,,,,,1242.85,18.89843852
,,,,,,,,,,,,,1243.1,18.89983147
,,,,,,,,,,,,,1243.35,18.90122443
,,,,,,,,,,,,,1243.6,18.90261738
,,,,,,,,,,,,,1243.85,18.90401034
,,,,,,,,,,,,,1244.1,18.9054033
,,,,,,,,,,,,,1244.35,18.90679625
,,,,,,,,,,,,,1244.6,18.90818921
,,,,,,,,,,,,,1244.85,18.90958216
,,,,,,,,,,,,,1245.1,18.91097512
,,,,,,,,,,,,,1245.35,18.91236807
,,,,,,,,,,,,,1245.6,18.91376103
,,,,,,,,,,,,,1245.85,18.91515398
,,,,,,,,,,,,,1246.1,18.91654694
,,,,,,,,,,,,,1246.35,18.9179399
,,,,,,,,,,,,,1246.6,18.91933285
,,,,,,,,,,,,,1246.85,18.92072581
,,,,,,,,,,,,,1247.1,18.92211876
,,,,,,,,,,,,,1247.35,18.92351172
,,,,,,,,,,,,,1247.6,18.92490467
,,,,,,,,,,,,,1247.85,18.92629763
,,,,,,,,,,,,,1248.1,18.92769058
,,,,,,,,,,,,,1248.35,18.92908354
,,,,,,,,,,,,,1248.6,18.9304765
,,,,,,,,,,,,,1248.85,18.93186945
,,,,,,,,,,,,,1249.1,18.93326241
,,,,,,,,,,,,,1249.35,18.93465536
,,,,,,,,,,,,,1249.6,18.93604832
,,,,,,,,,,,,,1249.85,18.93744127
,,,,,,,,,,,,,1250.1,18.93883423
,,,,,,,,,,,,,1250.35,18.94022718
,,,,,,,,,,,,,1250.6,18.94162014
,,,,,,,,,,,,,1250.85,18.9430131
,,,,,,,,,,,,,1251.1,18.94440605
,,,,,,,,,,,,,1251.35,18.94579901
,,,,,,,,,,,,,1251.6,18.94719196
,,,,,,,,,,,,,1251.85,18.94858492
,,,,,,,,,,,,,1252.1,18.94997787
,,,,,,,,,,,,,1252.35,18.95137083
,,,,,,,,,,,,,1252.6,18.95276378
,,,,,,,,,,,,,1252.85,18.95415674
,,,,,,,,,,,,,1253.1,18.9555497
,,,,,,,,,,,,,1253.35,18.95694265
,,,,,,,,,,,,,1253.6,18.95833561
,,,,,,,,,,,,,1253.85,18.95972856
,,,,,,,,,,,,,1254.1,18.96112152
,,,,,,,,,,,,,1254.35,18.96251447
,,,,,,,,,,,,,1254.6,18.96390743
,,,,,,,,,,,,,1254.85,18.96530038
,,,,,,,,,,,,,1255.1,18.96669334
,,,,,,,,,,,,,1255.35,18.96810537
,,,,,,,,,,,,,1255.6,18.9695174
,,,,,,,,,,,,,1255.85,18.97092943
,,,,,,,,,,,,,1256.1,18.97234146
,,,,,,,,,,,,,1256.35,18.9737535
,,,,,,,,,,,,,1256.6,18.97516553
,,,,,,,,,,,,,1256.85,18.97657756
,,,,,,,,,,,,,1257.1,18.97798959
,,,,,,,,,,,,,1257.35,18.97940162
,,,,,,,,,,,,,1257.6,18.98081365
,,,,,,,,,,,,,1257.85,18.98222568
,,,,,,,,,,,,,1258.1,18.98363771
,,,,,,,,,,,,,1258.35,18.98504974
,,,,,,,,,,,,,1258.6,18.98646177
,,,,,,,,,,,,,1258.85,18.98787381
,,,,,,,,,,,,,1259.1,18.98928584
,,,,,,,,,,,,,1259.35,18.99069787
,,,,,,,,,,,,,1259.6,18.9921099
,,,,,,,,,,,,,1259.85,18.99352193
,,,,,,,,,,,,,1260.1,18.99493396
,,,,,,,,,,,,,1260.35,18.99634599
,,,,,,,,,,,,,1260.6,18.99775802
,,,,,,,,,,,,,1260.85,18.99917005
,,,,,,,,,,,,,1261.1,19.00058208
,,,,,,,,,,,,,1261.35,19.00199412
,,,,,,,,,,,,,1261.6,19.00340615
,,,,,,,,,,,,,1261.85,19.00481818
,,,,,,,,,,,,,1262.1,19.00623021
,,,,,,,,,,,,,1262.35,19.00764224
,,,,,,,,,,,,,1262.6,19.00905427
,,,,,,,,,,,,,1262.85,19.0104663
,,,,,,,,,,,,,1263.1,19.01187833
,,,,,,,,,,,,,1263.35,19.01329036
,,,,,,,,,,,,,1263.6,19.01470239
,,,,,,,,,,,,,1263.85,19.01611442
,,,,,,,,,,,,,1264.1,19.01752646
,,,,,,,,,,,,,1264.35,19.01893849
,,,,,,,,,,,,,1264.6,19.02035052
,,,,,,,,,,,,,1264.85,19.02176255
,,,,,,,,,,,,,1265.1,19.02317458
,,,,,,,,,,,,,1265.35,19.02458661
,,,,,,,,,,,,,1265.6,19.02599864
,,,,,,,,,,,,,1265.85,19.02741067
,,,,,,,,,,,,,1266.1,19.0288227
,,,,,,,,,,,,,1266.35,19.03023473
,,,,,,,,,,,,,1266.6,19.03164677
,,,,,,,,,,,,,1266.85,19.0330588
,,,,,,,,,,,,,1267.1,19.03447083
,,,,,,,,,,,,,1267.35,19.03588286
,,,,,,,,,,,,,1267.6,19.03729489
,,,,,,,,,,,,,1267.85,19.03870692
,,,,,,,,,,,,,1268.1,19.04011895
,,,,,,,,,,,,,1268.35,19.04153098
,,,,,,,,,,,,,1268.6,19.04294301
,,,,,,,,,,,,,1268.85,19.04435504
,,,,,,,,,,,,,1269.1,19.04576708
,,,,,,,,,,,,,1269.35,19.04717911
,,,,,,,,,,,,,1269.6,19.04859114
,,,,,,,,,,,,,1269.85,19.05000317
,,,,,,,,,,,,,1270.1,19.0514152
,,,,,,,,,,,,,1270.35,19.05282723
,,,,,,,,,,,,,1270.6,19.05423926
,,,,,,,,,,,,,1270.85,19.05565129
,,,,,,,,,,,,,1271.1,19.05706332
,,,,,,,,,,,,,1271.35,19.05847535
,,,,,,,,,,,,,1271.6,19.05988739
,,,,,,,,,,,,,1271.85,19.06129942
,,,,,,,,,,,,,1272.1,19.06271145
,,,,,,,,,,,,,1272.35,19.06412348
,,,,,,,,,,,,,1272.6,19.06553551
,,,,,,,,,,,,,1272.85,19.06694754
,,,,,,,,,,,,,1273.1,19.06835957
,,,,,,,,,,,,,1273.35,19.0697716
,,,,,,,,,,,,,1273.6,19.07118363
,,,,,,,,,,,,,1273.85,19.07259566
,,,,,,,,,,,,,1274.1,19.0740077
,,,,,,,,,,,,,1274.35,19.07541973
,,,,,,,,,,,,,1274.6,19.07683176
,,,,,,,,,,,,,1274.85,19.07824379
,,,,,,,,,,,,,1275.1,19.07965582
,,,,,,,,,,,,,1275.35,19.0811499
,,,,,,,,,,,,,1275.6,19.08264397
,,,,,,,,,,,,,1275.85,19.08413805
,,,,,,,,,,,,,1276.1,19.08563213
,,,,,,,,,,,,,1276.35,19.0871262
,,,,,,,,,,,,,1276.6,19.08862028
,,,,,,,,,,,,,1276.85,19.09011436
,,,,,,,,,,,,,1277.1,19.09160843
,,,,,,,,,,,,,1277.35,19.09310251
,,,,,,,,,,,,,1277.6,19.09459659
,,,,,,,,,,,,,1277.85,19.09609066
,,,,,,,,,,,,,1278.1,19.09758474
,,,,,,,,,,,,,1278.35,19.09907882
,,,,,,,,,,,,,1278.6,19.1005729
,,,,,,,,,,,,,1278.85,19.10206697
,,,,,,,,,,,,,1279.1,19.10356105
,,,,,,,,,,,,,1279.35,19.10505513
,,,,,,,,,,,,,1279.6,19.1065492
,,,,,,,,,,,,,1279.85,19.10804328
,,,,,,,,,,,,,1280.1,19.10953736
,,,,,,,,,,,,,1280.35,19.11103143
,,,,,,,,,,,,,1280.6,19.11252551
,,,,,,,,,,,,,1280.85,19.11401959
,,,,,,,,,,,,,1281.1,19.11551366
,,,,,,,,,,,,,1281.35,19.11700774
,,,,,,,,,,,,,1281.6,19.11850182
,,,,,,,,,,,,,1281.85,19.11999589
,,,,,,,,,,,,,1282.1,19.12148997
,,,,,,,,,,,,,1282.35,19.12298405
,,,,,,,,,,,,,1282.6,19.12447812
,,,,,,,,,,,,,1282.85,19.1259722
,,,,,,,,,,,,,1283.1,19.12746628
,,,,,,,,,,,,,1283.35,19.12896035
,,,,,,,,,,,,,1283.6,19.13045443
,,,,,,,,,,,,,1283.85,19.13194851
,,,,,,,,,,,,,1284.1,19.13344259
,,,,,,,,,,,,,1284.6,19.13643074
,,,,,,,,,,,,,1284.85,19.13792482
,,,,,,,,,,,,,1285.1,19.13941889
,,,,,,,,,,,,,1285.6,19.14240705
,,,,,,,,,,,,,1285.85,19.14390112
,,,,,,,,,,,,,1286.1,19.1453952
,,,,,,,,,,,,,1286.35,19.14688928
,,,,,,,,,,,,,1286.6,19.14838335
,,,,,,,,,,,,,1286.85,19.14987743
,,,,,,,,,,,,,1287.1,19.15137151
,,,,,,,,,,,,,1287.35,19.15286558
,,,,,,,,,,,,,1287.6,19.15435966
,,,,,,,,,,,,,1287.85,19.15585374
,,,,,,,,,,,,,1288.1,19.15734781
,,,,,,,,,,,,,1288.35,19.15884189
,,,,,,,,,,,,,1288.6,19.16033597
,,,,,,,,,,,,,1288.85,19.16183004
,,,,,,,,,,,,,1289.1,19.16332412
,,,,,,,,,,,,,1289.35,19.1648182
,,,,,,,,,,,,,1289.6,19.16631228
,,,,,,,,,,,,,1289.85,19.16780635
,,,,,,,,,,,,,1290.1,19.16930043
,,,,,,,,,,,,,1290.35,19.17079451
,,,,,,,,,,,,,1290.6,19.17228858
,,,,,,,,,,,,,1290.85,19.17378266
,,,,,,,,,,,,,1291.1,19.17527674
,,,,,,,,,,,,,1291.35,19.17677081
,,,,,,,,,,,,,1291.6,19.17826489
,,,,,,,,,,,,,1291.85,19.17975897
,,,,,,,,,,,,,1292.1,19.18125304
,,,,,,,,,,,,,1292.35,19.18274712
,,,,,,,,,,,,,1292.6,19.1842412
,,,,,,,,,,,,,1292.85,19.18573527
,,,,,,,,,,,,,1293.1,19.18722935
,,,,,,,,,,,,,1293.35,19.18872343
,,,,,,,,,,,,,1293.6,19.1902175
,,,,,,,,,,,,,1293.85,19.19171158
,,,,,,,,,,,,,1294.1,19.19320566
,,,,,,,,,,,,,1294.35,19.19469973
,,,,,,,,,,,,,1294.6,19.19619381
,,,,,,,,,,,,,1294.85,19.19768789
,,,,,,,,,,,,,1295.1,19.19918197
,,,,,,,,,,,,,1295.35,19.20073262
,,,,,,,,,,,,,1295.6,19.20228328
,,,,,,,,,,,,,1295.85,19.20383393
,,,,,,,,,,,,,1296.1,19.20538459
,,,,,,,,,,,,,1296.35,19.20693525
,,,,,,,,,,,,,1296.6,19.2084859
,,,,,,,,,,,,,1296.85,19.21003656
,,,,,,,,,,,,,1297.1,19.21158722
,,,,,,,,,,,,,1297.35,19.21313787
,,,,,,,,,,,,,1297.6,19.21468853
,,,,,,,,,,,,,1297.85,19.21623919
,,,,,,,,,,,,,1298.1,19.21778984
,,,,,,,,,,,,,1298.35,19.2193405
,,,,,,,,,,,,,1298.6,19.22089116
,,,,,,,,,,,,,1298.85,19.22244181
,,,,,,,,,,,,,1299.1,19.22399247
,,,,,,,,,,,,,1299.35,19.22554313
,,,,,,,,,,,,,1299.6,19.22709378
,,,,,,,,,,,,,1299.85,19.22864444
,,,,,,,,,,,,,1300.1,19.2301951
,,,,,,,,,,,,,1300.35,19.23174575
,,,,,,,,,,,,,1300.6,19.23329641
,,,,,,,,,,,,,1301.35,19.23794838
,,,,,,,,,,,,,1301.6,19.23949903
,,,,,,,,,,,,,1301.85,19.24104969
,,,,,,,,,,,,,1302.1,19.24260035
,,,,,,,,,,,,,1302.35,19.244151
,,,,,,,,,,,,,1302.6,19.24570166
,,,,,,,,,,,,,1302.85,19.24725232
,,,,,,,,,,,,,1303.1,19.24880297
,,,,,,,,,,,,,1303.35,19.25035363
,,,,,,,,,,,,,1303.6,19.25190429
,,,,,,,,,,,,,1303.85,19.25345494
,,,,,,,,,,,,,1304.1,19.2550056
,,,,,,,,,,,,,1304.35,19.25655626
,,,,,,,,,,,,,1304.6,19.25810691
,,,,,,,,,,,,,1304.85,19.25965757
,,,,,,,,,,,,,1305.1,19.26120823
,,,,,,,,,,,,,1305.35,19.26275888
,,,,,,,,,,,,,1305.6,19.26430954
,,,,,,,,,,,,,1305.85,19.2658602
,,,,,,,,,,,,,1306.1,19.26741085
,,,,,,,,,,,,,1306.35,19.26896151
,,,,,,,,,,,,,1306.6,19.27051216
,,,,,,,,,,,,,1306.85,19.27206282
,,,,,,,,,,,,,1307.1,19.27361348
,,,,,,,,,,,,,1307.35,19.27516413
,,,,,,,,,,,,,1307.6,19.27671479
,,,,,,,,,,,,,1307.85,19.27826545
,,,,,,,,,,,,,1308.1,19.2798161
,,,,,,,,,,,,,1308.35,19.28136676
,,,,,,,,,,,,,1308.6,19.28291742
,,,,,,,,,,,,,1308.85,19.28446807
,,,,,,,,,,,,,1309.1,19.28601873
,,,,,,,,,,,,,1309.35,19.28756939
,,,,,,,,,,,,,1309.6,19.28912004
,,,,,,,,,,,,,1309.85,19.2906707
,,,,,,,,,,,,,1310.1,19.29222136
,,,,,,,,,,,,,1310.35,19.29377201
,,,,,,,,,,,,,1310.6,19.29532267
,,,,,,,,,,,,,1310.85,19.29687333
,,,,,,,,,,,,,1311.1,19.29842398
,,,,,,,,,,,,,1311.35,19.29997464
,,,,,,,,,,,,,1311.6,19.3015253
,,,,,,,,,,,,,1311.85,19.30307595
,,,,,,,,,,,,,1312.1,19.30462661
,,,,,,,,,,,,,1312.35,19.30617726
,,,,,,,,,,,,,1312.6,19.30772792
,,,,,,,,,,,,,1312.85,19.30927858
,,,,,,,,,,,,,1313.1,19.31082923
,,,,,,,,,,,,,1313.35,19.31237989
,,,,,,,,,,,,,1313.6,19.31393055
,,,,,,,,,,,,,1313.85,19.3154812
,,,,,,,,,,,,,1314.1,19.31703186
,,,,,,,,,,,,,1314.35,19.31858252
,,,,,,,,,,,,,1314.6,19.32013317
,,,,,,,,,,,,,1314.85,19.32168383
,,,,,,,,,,,,,1315.1,19.32323449
,,,,,,,,,,,,,1315.35,19.32472191
,,,,,,,,,,,,,1315.6,19.32620933
,,,,,,,,,,,,,1315.85,19.32769675
,,,,,,,,,,,,,1316.1,19.32918417
,,,,,,,,,,,,,1316.35,19.33067159
,,,,,,,,,,,,,1316.6,19.33215901
,,,,,,,,,,,,,1316.85,19.33364643
,,,,,,,,,,,,,1317.1,19.33513385
,,,,,,,,,,,,,1317.35,19.33662127
,,,,,,,,,,,,,1317.6,19.33810869
,,,,,,,,,,,,,1317.85,19.33959611
,,,,,,,,,,,,,1318.1,19.34108353
,,,,,,,,,,,,,1318.35,19.34257095
,,,,,,,,,,,,,1318.6,19.34405837
,,,,,,,,,,,,,1318.85,19.34554579
,,,,,,,,,,,,,1319.1,19.34703321
,,,,,,,,,,,,,1319.35,19.34852063
,,,,,,,,,,,,,1319.6,19.35000805
,,,,,,,,,,,,,1319.85,19.35149547
,,,,,,,,,,,,,1320.1,19.35298289
,,,,,,,,,,,,,1320.35,19.35447031
,,,,,,,,,,,,,1320.6,19.35595773
,,,,,,,,,,,,,1320.85,19.35744515
,,,,,,,,,,,,,1321.1,19.35893257
,,,,,,,,,,,,,1321.35,19.36041999
,,,,,,,,,,,,,1321.6,19.36190741
,,,,,,,,,,,,,1321.85,19.36339483
,,,,,,,,,,,,,1322.1,19.36488225
,,,,,,,,,,,,,1322.35,19.36636967
,,,,,,,,,,,,,1322.6,19.36785709
,,,,,,,,,,,,,1322.85,19.36934451
,,,,,,,,,,,,,1323.1,19.37083193
,,,,,,,,,,,,,1323.35,19.37231935
,,,,,,,,,,,,,1323.6,19.37380677
,,,,,,,,,,,,,1323.85,19.37529419
,,,,,,,,,,,,,1324.1,19.37678161
,,,,,,,,,,,,,1324.35,19.37826903
,,,,,,,,,,,,,1324.6,19.37975645
,,,,,,,,,,,,,1324.85,19.38124387
,,,,,,,,,,,,,1325.1,19.38273129
,,,,,,,,,,,,,1325.35,19.38421871
,,,,,,,,,,,,,1325.6,19.38570613
,,,,,,,,,,,,,1325.85,19.38719355
,,,,,,,,,,,,,1326.1,19.38868097
,,,,,,,,,,,,,1326.35,19.39016839
,,,,,,,,,,,,,1326.6,19.39165581
,,,,,,,,,,,,,1326.85,19.39314323
,,,,,,,,,,,,,1327.1,19.39463065
,,,,,,,,,,,,,1327.35,19.39611807
,,,,,,,,,,,,,1327.6,19.39760549
,,,,,,,,,,,,,1327.85,19.39909291
,,,,,,,,,,,,,1328.1,19.40058033
,,,,,,,,,,,,,1328.35,19.40206775
,,,,,,,,,,,,,1328.6,19.40355517
,,,,,,,,,,,,,1328.85,19.40504259
,,,,,,,,,,,,,1329.1,19.40653001
,,,,,,,,,,,,,1329.35,19.40801743
,,,,,,,,,,,,,1329.6,19.40950485
,,,,,,,,,,,,,1329.85,19.41099227
,,,,,,,,,,,,,1330.1,19.41247969
,,,,,,,,,,,,,1330.35,19.41396711
,,,,,,,,,,,,,1330.6,19.41545453
,,,,,,,,,,,,,1330.85,19.41694195
,,,,,,,,,,,,,1331.1,19.41842937
,,,,,,,,,,,,,1331.35,19.41991679
,,,,,,,,,,,,,1331.6,19.42140421
,,,,,,,,,,,,,1331.85,19.42289163
,,,,,,,,,,,,,1332.1,19.42437905
,,,,,,,,,,,,,1332.35,19.42586647
,,,,,,,,,,,,,1332.6,19.42735389
,,,,,,,,,,,,,1332.85,19.42884131
,,,,,,,,,,,,,1333.1,19.43032873
,,,,,,,,,,,,,1333.35,19.43181615
,,,,,,,,,,,,,1333.6,19.43330357
,,,,,,,,,,,,,1333.85,19.43479099
,,,,,,,,,,,,,1334.1,19.43627841
,,,,,,,,,,,,,1334.35,19.43776583
,,,,,,,,,,,,,1334.6,19.43925325
,,,,,,,,,,,,,1334.85,19.44074067
,,,,,,,,,,,,,1335.1,19.44222809
,,,,,,,,,,,,,1335.35,19.44379456
,,,,,,,,,,,,,1335.6,19.44536103
,,,,,,,,,,,,,1335.85,19.44692751
,,,,,,,,,,,,,1336.1,19.44849398
,,,,,,,,,,,,,1336.35,19.45006045
,,,,,,,,,,,,,1336.6,19.45162693
,,,,,,,,,,,,,1336.85,19.4531934
,,,,,,,,,,,,,1337.1,19.45475987
,,,,,,,,,,,,,1337.35,19.45632635
,,,,,,,,,,,,,1337.6,19.45789282
,,,,,,,,,,,,,1337.85,19.45945929
,,,,,,,,,,,,,1338.1,19.46102577
,,,,,,,,,,,,,1338.35,19.46259224
,,,,,,,,,,,,,1338.6,19.46415871
,,,,,,,,,,,,,1338.85,19.46572518
,,,,,,,,,,,,,1339.1,19.46729166
,,,,,,,,,,,,,1339.35,19.46885813
,,,,,,,,,,,,,1339.6,19.4704246
,,,,,,,,,,,,,1339.85,19.47199108
,,,,,,,,,,,,,1340.1,19.47355755
,,,,,,,,,,,,,1340.35,19.47512402
,,,,,,,,,,,,,1340.6,19.4766905
,,,,,,,,,,,,,1340.85,19.47825697
,,,,,,,,,,,,,1341.35,19.48138992
,,,,,,,,,,,,,1341.6,19.48295639
,,,,,,,,,,,,,1341.85,19.48452286
,,,,,,,,,,,,,1342.1,19.48608933
,,,,,,,,,,,,,1342.35,19.48765581
,,,,,,,,,,,,,1342.6,19.48922228
,,,,,,,,,,,,,1342.85,19.49078875
,,,,,,,,,,,,,1343.1,19.49235523
,,,,,,,,,,,,,1343.35,19.4939217
,,,,,,,,,,,,,1343.6,19.49548817
,,,,,,,,,,,,,1343.85,19.49705465
,,,,,,,,,,,,,1344.1,19.49862112
,,,,,,,,,,,,,1344.35,19.50018759
,,,,,,,,,,,,,1344.6,19.50175407
,,,,,,,,,,,,,1344.85,19.50332054
,,,,,,,,,,,,,1345.1,19.50488701
,,,,,,,,,,,,,1345.35,19.50645348
,,,,,,,,,,,,,1345.6,19.50801996
,,,,,,,,,,,,,1345.85,19.50958643
,,,,,,,,,,,,,1346.1,19.5111529
,,,,,,,,,,,,,1346.35,19.51271938
,,,,,,,,,,,,,1346.6,19.51428585
,,,,,,,,,,,,,1346.85,19.51585232
,,,,,,,,,,,,,1347.1,19.5174188
,,,,,,,,,,,,,1347.35,19.51898527
,,,,,,,,,,,,,1347.6,19.52055174
,,,,,,,,,,,,,1347.85,19.52211822
,,,,,,,,,,,,,1348.1,19.52368469
,,,,,,,,,,,,,1348.35,19.52525116
,,,,,,,,,,,,,1348.6,19.52681763
,,,,,,,,,,,,,1348.85,19.52838411
,,,,,,,,,,,,,1349.1,19.52995058
,,,,,,,,,,,,,1349.35,19.53151705
,,,,,,,,,,,,,1349.6,19.53308353
,,,,,,,,,,,,,1349.85,19.53465
,,,,,,,,,,,,,1350.1,19.53621647
,,,,,,,,,,,,,1350.6,19.53934942
,,,,,,,,,,,,,1350.85,19.54091589
,,,,,,,,,,,,,1351.1,19.54248237
,,,,,,,,,,,,,1351.35,19.54404884
,,,,,,,,,,,,,1351.6,19.54561531
,,,,,,,,,,,,,1351.85,19.54718179
,,,,,,,,,,,,,1352.1,19.54874826
,,,,,,,,,,,,,1352.35,19.55031473
,,,,,,,,,,,,,1352.6,19.5518812
,,,,,,,,,,,,,1352.85,19.55344768
,,,,,,,,,,,,,1353.1,19.55501415
,,,,,,,,,,,,,1353.35,19.55658062
,,,,,,,,,,,,,1353.6,19.5581471
,,,,,,,,,,,,,1353.85,19.55971357
,,,,,,,,,,,,,1354.85,19.56597946
,,,,,,,,,,,,,1355.1,19.56754594
,,,,,,,,,,,,,1355.35,19.56907565
,,,,,,,,,,,,,1355.6,19.57060536
,,,,,,,,,,,,,1355.85,19.57213508
,,,,,,,,,,,,,1356.1,19.57366479
,,,,,,,,,,,,,1356.35,19.5751945
,,,,,,,,,,,,,1356.6,19.57672422
,,,,,,,,,,,,,1356.85,19.57825393
,,,,,,,,,,,,,1357.1,19.57978364
,,,,,,,,,,,,,1358.85,19.59049164
,,,,,,,,,,,,,1359.1,19.59202135
,,,,,,,,,,,,,1359.35,19.59355106
,,,,,,,,,,,,,1359.6,19.59508078
,,,,,,,,,,,,,1359.85,19.59661049
,,,,,,,,,,,,,1360.1,19.5981402
,,,,,,,,,,,,,1360.35,19.59966992
,,,,,,,,,,,,,1360.6,19.60119963
,,,,,,,,,,,,,1360.85,19.60272935
,,,,,,,,,,,,,1361.1,19.60425906
,,,,,,,,,,,,,1361.35,19.60578877
,,,,,,,,,,,,,1361.6,19.60731849
,,,,,,,,,,,,,1361.85,19.6088482
,,,,,,,,,,,,,1362.1,19.61037791
,,,,,,,,,,,,,1362.35,19.61190763
,,,,,,,,,,,,,1362.6,19.61343734
,,,,,,,,,,,,,1362.85,19.61496705
,,,,,,,,,,,,,1363.1,19.61649677
,,,,,,,,,,,,,1363.35,19.61802648
,,,,,,,,,,,,,1363.6,19.61955619
,,,,,,,,,,,,,1363.85,19.62108591
,,,,,,,,,,,,,1364.1,19.62261562
,,,,,,,,,,,,,1364.35,19.62414533
,,,,,,,,,,,,,1364.6,19.62567505
,,,,,,,,,,,,,1364.85,19.62720476
,,,,,,,,,,,,,1365.1,19.62873447
,,,,,,,,,,,,,1365.35,19.63026419
,,,,,,,,,,,,,1365.6,19.6317939
,,,,,,,,,,,,,1365.85,19.63332361
,,,,,,,,,,,,,1366.1,19.63485333
,,,,,,,,,,,,,1366.35,19.63638304
,,,,,,,,,,,,,1366.6,19.63791275
,,,,,,,,,,,,,1366.85,19.63944247
,,,,,,,,,,,,,1367.1,19.64097218
,,,,,,,,,,,,,1367.35,19.6425019
,,,,,,,,,,,,,1367.6,19.64403161
,,,,,,,,,,,,,1367.85,19.64556132
,,,,,,,,,,,,,1368.1,19.64709104
,,,,,,,,,,,,,1368.35,19.64862075
,,,,,,,,,,,,,1368.6,19.65015046
,,,,,,,,,,,,,1368.85,19.65168018
,,,,,,,,,,,,,1369.1,19.65320989
,,,,,,,,,,,,,1369.35,19.6547396
,,,,,,,,,,,,,1369.6,19.65626932
,,,,,,,,,,,,,1369.85,19.65779903
,,,,,,,,,,,,,1370.1,19.65932874
,,,,,,,,,,,,,1370.35,19.66085846
,,,,,,,,,,,,,1370.6,19.66238817
,,,,,,,,,,,,,1370.85,19.66391788
,,,,,,,,,,,,,1371.1,19.6654476
,,,,,,,,,,,,,1371.35,19.66697731
,,,,,,,,,,,,,1371.6,19.66850702
,,,,,,,,,,,,,1371.85,19.67003674
,,,,,,,,,,,,,1372.1,19.67156645
,,,,,,,,,,,,,1372.35,19.67309616
,,,,,,,,,,,,,1372.6,19.67462588
,,,,,,,,,,,,,1372.85,19.67615559
,,,,,,,,,,,,,1373.1,19.67768531
,,,,,,,,,,,,,1373.35,19.67921502
,,,,,,,,,,,,,1373.6,19.68074473
,,,,,,,,,,,,,1373.85,19.68227445
,,,,,,,,,,,,,1374.1,19.68380416
,,,,,,,,,,,,,1374.35,19.68533387
,,,,,,,,,,,,,1374.6,19.68686359
,,,,,,,,,,,,,1374.85,19.6883933
,,,,,,,,,,,,,1375.1,19.68992301
,,,,,,,,,,,,,1375.35,19.69151637
,,,,,,,,,,,,,1375.6,19.69310974
,,,,,,,,,,,,,1375.85,19.6947031
,,,,,,,,,,,,,1376.1,19.69629646
,,,,,,,,,,,,,1376.35,19.69788982
,,,,,,,,,,,,,1376.6,19.69948318
,,,,,,,,,,,,,1376.85,19.70107655
,,,,,,,,,,,,,1377.1,19.70266991
,,,,,,,,,,,,,1377.35,19.70426327
,,,,,,,,,,,,,1377.6,19.70585663
,,,,,,,,,,,,,1377.85,19.70744999
,,,,,,,,,,,,,1378.1,19.70904335
,,,,,,,,,,,,,1378.35,19.71063672
,,,,,,,,,,,,,1378.6,19.71223008
,,,,,,,,,,,,,1378.85,19.71382344
,,,,,,,,,,,,,1379.1,19.7154168
,,,,,,,,,,,,,1379.35,19.71701016
,,,,,,,,,,,,,1379.6,19.71860352
,,,,,,,,,,,,,1379.85,19.72019689
,,,,,,,,,,,,,1380.1,19.72179025
,,,,,,,,,,,,,1380.35,19.72338361
,,,,,,,,,,,,,1380.6,19.72497697
,,,,,,,,,,,,,1380.85,19.72657033
,,,,,,,,,,,,,1381.1,19.7281637
,,,,,,,,,,,,,1381.35,19.72975706
,,,,,,,,,,,,,1381.6,19.73135042
,,,,,,,,,,,,,1381.85,19.73294378
,,,,,,,,,,,,,1382.1,19.73453714
,,,,,,,,,,,,,1382.35,19.7361305
,,,,,,,,,,,,,1382.6,19.73772387
,,,,,,,,,,,,,1382.85,19.73931723
,,,,,,,,,,,,,1383.1,19.74091059
,,,,,,,,,,,,,1383.35,19.74250395
,,,,,,,,,,,,,1383.6,19.74409731
,,,,,,,,,,,,,1383.85,19.74569067
,,,,,,,,,,,,,1384.1,19.74728404
,,,,,,,,,,,,,1384.35,19.7488774
,,,,,,,,,,,,,1384.6,19.75047076
,,,,,,,,,,,,,1384.85,19.75206412
,,,,,,,,,,,,,1385.1,19.75365748
,,,,,,,,,,,,,1385.35,19.75525085
,,,,,,,,,,,,,1385.6,19.75684421
,,,,,,,,,,,,,1385.85,19.75843757
,,,,,,,,,,,,,1386.1,19.76003093
,,,,,,,,,,,,,1386.35,19.76162429
,,,,,,,,,,,,,1386.6,19.76321765
,,,,,,,,,,,,,1386.85,19.76481102
,,,,,,,,,,,,,1387.1,19.76640438
,,,,,,,,,,,,,1387.35,19.76799774
,,,,,,,,,,,,,1387.6,19.7695911
,,,,,,,,,,,,,1387.85,19.77118446
,,,,,,,,,,,,,1388.1,19.77277782
,,,,,,,,,,,,,1388.35,19.77437119
,,,,,,,,,,,,,1388.6,19.77596455
,,,,,,,,,,,,,1388.85,19.77755791
,,,,,,,,,,,,,1389.1,19.77915127
,,,,,,,,,,,,,1389.35,19.78074463
,,,,,,,,,,,,,1389.6,19.78233799
,,,,,,,,,,,,,1389.85,19.78393136
,,,,,,,,,,,,,1390.1,19.78552472
,,,,,,,,,,,,,1390.35,19.78711808
,,,,,,,,,,,,,1390.6,19.78871144
,,,,,,,,,,,,,1390.85,19.7903048
,,,,,,,,,,,,,1391.1,19.79189817
,,,,,,,,,,,,,1391.35,19.79349153
,,,,,,,,,,,,,1391.6,19.79508489
,,,,,,,,,,,,,1391.85,19.79667825
,,,,,,,,,,,,,1392.1,19.79827161
,,,,,,,,,,,,,1392.35,19.79986497
,,,,,,,,,,,,,1392.6,19.80145834
,,,,,,,,,,,,,1392.85,19.8030517
,,,,,,,,,,,,,1393.1,19.80464506
,,,,,,,,,,,,,1393.35,19.80623842
,,,,,,,,,,,,,1393.6,19.80783178
,,,,,,,,,,,,,1393.85,19.80942514
,,,,,,,,,,,,,1394.1,19.81101851
,,,,,,,,,,,,,1394.35,19.81261187
,,,,,,,,,,,,,1394.6,19.81420523
,,,,,,,,,,,,,1394.85,19.81579859
,,,,,,,,,,,,,1395.1,19.81739195
,,,,,,,,,,,,,1395.35,19.81895582
,,,,,,,,,,,,,1395.6,19.82051969
,,,,,,,,,,,,,1395.85,19.82208355
,,,,,,,,,,,,,1396.1,19.82364742
,,,,,,,,,,,,,1396.35,19.82521129
,,,,,,,,,,,,,1396.6,19.82677515
,,,,,,,,,,,,,1396.85,19.82833902
,,,,,,,,,,,,,1397.1,19.82990289
,,,,,,,,,,,,,1397.35,19.83146675
,,,,,,,,,,,,,1397.6,19.83303062
,,,,,,,,,,,,,1397.85,19.83459449
,,,,,,,,,,,,,1398.1,19.83615835
,,,,,,,,,,,,,1398.35,19.83772222
,,,,,,,,,,,,,1399.1,19.84241382
,,,,,,,,,,,,,1399.35,19.84397769
,,,,,,,,,,,,,1399.6,19.84554155
,,,,,,,,,,,,,1399.85,19.84710542
,,,,,,,,,,,,,1400.1,19.84866928
,,,,,,,,,,,,,1400.35,19.85023315
,,,,,,,,,,,,,1400.6,19.85179702
,,,,,,,,,,,,,1400.85,19.85336088
,,,,,,,,,,,,,1402.1,19.86118022
,,,,,,,,,,,,,1402.35,19.86274408
,,,,,,,,,,,,,1402.6,19.86430795
,,,,,,,,,,,,,1402.85,19.86587182
,,,,,,,,,,,,,1403.1,19.86743568
,,,,,,,,,,,,,1403.35,19.86899955
,,,,,,,,,,,,,1403.6,19.87056342
,,,,,,,,,,,,,1403.85,19.87212728
,,,,,,,,,,,,,1404.1,19.87369115
,,,,,,,,,,,,,1404.35,19.87525502
,,,,,,,,,,,,,1404.6,19.87681888
,,,,,,,,,,,,,1404.85,19.87838275
,,,,,,,,,,,,,1405.1,19.87994662
,,,,,,,,,,,,,1405.35,19.88151048
,,,,,,,,,,,,,1405.6,19.88307435
,,,,,,,,,,,,,1405.85,19.88463822
,,,,,,,,,,,,,1406.1,19.88620208
,,,,,,,,,,,,,1406.35,19.88776595
,,,,,,,,,,,,,1406.6,19.88932982
,,,,,,,,,,,,,1406.85,19.89089368
,,,,,,,,,,,,,1407.1,19.89245755
,,,,,,,,,,,,,1407.35,19.89402142
,,,,,,,,,,,,,1407.6,19.89558528
,,,,,,,,,,,,,1407.85,19.89714915
,,,,,,,,,,,,,1408.35,19.89871301
,,,,,,,,,,,,,1408.6,19.90184075
,,,,,,,,,,,,,1408.85,19.90340461
,,,,,,,,,,,,,1409.1,19.90496848
,,,,,,,,,,,,,1409.35,19.90653235
,,,,,,,,,,,,,1409.6,19.90809621
,,,,,,,,,,,,,1409.85,19.90966008
,,,,,,,,,,,,,1410.1,19.91122395
,,,,,,,,,,,,,1410.35,19.91278781
,,,,,,,,,,,,,1410.6,19.91435168
,,,,,,,,,,,,,1410.85,19.91591555
,,,,,,,,,,,,,1411.1,19.91747941
,,,,,,,,,,,,,1411.35,19.91904328
,,,,,,,,,,,,,1411.6,19.92060715
,,,,,,,,,,,,,1411.85,19.92217101
,,,,,,,,,,,,,1412.1,19.92373488
,,,,,,,,,,,,,1412.35,19.92529875
,,,,,,,,,,,,,1412.6,19.92686261
,,,,,,,,,,,,,1412.85,19.92842648
,,,,,,,,,,,,,1413.1,19.92999035
,,,,,,,,,,,,,1413.35,19.93155421
,,,,,,,,,,,,,1413.6,19.93311808
,,,,,,,,,,,,,1413.85,19.93468195
,,,,,,,,,,,,,1414.1,19.93624581
,,,,,,,,,,,,,1414.35,19.93780968
,,,,,,,,,,,,,1414.6,19.93937355
,,,,,,,,,,,,,1414.85,19.94093741
,,,,,,,,,,,,,1415.1,19.94250128
,,,,,,,,,,,,,1415.35,19.94401009
,,,,,,,,,,,,,1415.6,19.94551889
,,,,,,,,,,,,,1415.85,19.9470277
,,,,,,,,,,,,,1416.1,19.94853651
,,,,,,,,,,,,,1416.35,19.95004532
,,,,,,,,,,,,,1416.6,19.95155413
,,,,,,,,,,,,,1416.85,19.95306294
,,,,,,,,,,,,,1417.1,19.95457174
,,,,,,,,,,,,,1417.35,19.95608055
,,,,,,,,,,,,,1417.6,19.95758936
,,,,,,,,,,,,,1417.85,19.95909817
,,,,,,,,,,,,,1418.1,19.96060698
,,,,,,,,,,,,,1418.35,19.96211578
,,,,,,,,,,,,,1418.6,19.96362459
,,,,,,,,,,,,,1418.85,19.9651334
,,,,,,,,,,,,,1419.1,19.96664221
,,,,,,,,,,,,,1419.35,19.96815102
,,,,,,,,,,,,,1419.6,19.96965982
,,,,,,,,,,,,,1419.85,19.97116863
,,,,,,,,,,,,,1420.1,19.97267744
,,,,,,,,,,,,,1420.35,19.97418625
,,,,,,,,,,,,,1420.6,19.97569506
,,,,,,,,,,,,,1420.85,19.97720386
,,,,,,,,,,,,,1421.1,19.97871267
,,,,,,,,,,,,,1421.35,19.98022148
,,,,,,,,,,,,,1421.6,19.98173029
,,,,,,,,,,,,,1421.85,19.9832391
,,,,,,,,,,,,,1422.1,19.98474791
,,,,,,,,,,,,,1422.35,19.98625671
,,,,,,,,,,,,,1422.6,19.98776552
,,,,,,,,,,,,,1422.85,19.98927433
,,,,,,,,,,,,,1423.1,19.99078314
,,,,,,,,,,,,,1423.35,19.99229195
,,,,,,,,,,,,,1423.6,19.99380075
,,,,,,,,,,,,,1423.85,19.99530956
,,,,,,,,,,,,,1424.1,19.99681837
,,,,,,,,,,,,,1424.35,19.99832718
,,,,,,,,,,,,,1424.6,19.99983599
,,,,,,,,,,,,,1424.85,20.00134479
,,,,,,,,,,,,,1425.1,20.0028536
,,,,,,,,,,,,,1425.35,20.00436241
,,,,,,,,,,,,,1425.6,20.00587122
,,,,,,,,,,,,,1425.85,20.00738003
,,,,,,,,,,,,,1426.1,20.00888883
,,,,,,,,,,,,,1426.35,20.01039764
,,,,,,,,,,,,,1426.6,20.01190645
,,,,,,,,,,,,,1426.85,20.01341526
,,,,,,,,,,,,,1427.1,20.01492407
,,,,,,,,,,,,,1427.35,20.01643288
,,,,,,,,,,,,,1427.6,20.01794168
,,,,,,,,,,,,,1427.85,20.01945049
,,,,,,,,,,,,,1428.1,20.0209593
,,,,,,,,,,,,,1428.35,20.02246811
,,,,,,,,,,,,,1428.6,20.02397692
,,,,,,,,,,,,,1428.85,20.02548572
,,,,,,,,,,,,,1429.1,20.02699453
,,,,,,,,,,,,,1429.35,20.02850334
,,,,,,,,,,,,,1429.6,20.03001215
,,,,,,,,,,,,,1429.85,20.03152096
,,,,,,,,,,,,,1430.1,20.03302976
,,,,,,,,,,,,,1430.35,20.03453857
,,,,,,,,,,,,,1430.6,20.03604738
,,,,,,,,,,,,,1430.85,20.03755619
,,,,,,,,,,,,,1431.1,20.039065
,,,,,,,,,,,,,1431.35,20.0405738
,,,,,,,,,,,,,1431.6,20.04208261
,,,,,,,,,,,,,1431.85,20.04359142
,,,,,,,,,,,,,1432.1,20.04510023
,,,,,,,,,,,,,1432.35,20.04660904
,,,,,,,,,,,,,1432.6,20.04811785
,,,,,,,,,,,,,1432.85,20.04962665
,,,,,,,,,,,,,1433.1,20.05113546
,,,,,,,,,,,,,1433.35,20.05264427
,,,,,,,,,,,,,1433.6,20.05415308
,,,,,,,,,,,,,1433.85,20.05566189
,,,,,,,,,,,,,1434.1,20.05717069
,,,,,,,,,,,,,1434.35,20.0586795
,,,,,,,,,,,,,1434.6,20.06018831
,,,,,,,,,,,,,1434.85,20.06169712
,,,,,,,,,,,,,1435.1,20.06320593
,,,,,,,,,,,,,1435.35,20.06477462
,,,,,,,,,,,,,1435.6,20.06634331
,,,,,,,,,,,,,1435.85,20.067912
,,,,,,,,,,,,,1436.1,20.06948069
,,,,,,,,,,,,,1436.35,20.07104938
,,,,,,,,,,,,,1436.6,20.07261807
,,,,,,,,,,,,,1436.85,20.07418677
,,,,,,,,,,,,,1437.1,20.07575546
,,,,,,,,,,,,,1437.35,20.07732415
,,,,,,,,,,,,,1437.6,20.07889284
,,,,,,,,,,,,,1437.85,20.08046153
,,,,,,,,,,,,,1438.1,20.08203022
,,,,,,,,,,,,,1438.35,20.08359891
,,,,,,,,,,,,,1438.6,20.08516761
,,,,,,,,,,,,,1438.85,20.0867363
,,,,,,,,,,,,,1439.1,20.08830499
,,,,,,,,,,,,,1439.35,20.08987368
,,,,,,,,,,,,,1439.6,20.09144237
,,,,,,,,,,,,,1439.85,20.09301106
,,,,,,,,,,,,,1440.1,20.09457975
,,,,,,,,,,,,,1440.35,20.09614845
,,,,,,,,,,,,,1440.6,20.09771714
,,,,,,,,,,,,,1440.85,20.09928583
,,,,,,,,,,,,,1441.1,20.10085452
,,,,,,,,,,,,,1441.35,20.10242321
,,,,,,,,,,,,,1441.6,20.1039919
,,,,,,,,,,,,,1441.85,20.10556059
,,,,,,,,,,,,,1442.1,20.10712929
,,,,,,,,,,,,,1442.35,20.10869798
,,,,,,,,,,,,,1442.6,20.11026667
,,,,,,,,,,,,,1442.85,20.11183536
,,,,,,,,,,,,,1443.1,20.11340405
,,,,,,,,,,,,,1443.35,20.11497274
,,,,,,,,,,,,,1443.6,20.11654143
,,,,,,,,,,,,,1443.85,20.11811012
,,,,,,,,,,,,,1444.1,20.11967882
,,,,,,,,,,,,,1444.35,20.12124751
,,,,,,,,,,,,,1444.6,20.1228162
,,,,,,,,,,,,,1444.85,20.12438489
,,,,,,,,,,,,,1445.1,20.12595358
,,,,,,,,,,,,,1445.35,20.12752227
,,,,,,,,,,,,,1445.6,20.12909096
,,,,,,,,,,,,,1445.85,20.13065966
,,,,,,,,,,,,,1446.1,20.13222835
,,,,,,,,,,,,,1446.35,20.13379704
,,,,,,,,,,,,,1446.6,20.13536573
,,,,,,,,,,,,,1446.85,20.13693442
,,,,,,,,,,,,,1447.1,20.13850311
,,,,,,,,,,,,,1447.85,20.14320919
,,,,,,,,,,,,,1448.1,20.14477788
,,,,,,,,,,,,,1448.35,20.14634657
,,,,,,,,,,,,,1448.6,20.14791526
,,,,,,,,,,,,,1448.85,20.14948395
,,,,,,,,,,,,,1449.1,20.15105264
,,,,,,,,,,,,,1449.35,20.15262134
,,,,,,,,,,,,,1449.6,20.15419003
,,,,,,,,,,,,,1449.85,20.15575872
,,,,,,,,,,,,,1450.1,20.15732741
,,,,,,,,,,,,,1450.35,20.1588961
,,,,,,,,,,,,,1450.6,20.16046479
,,,,,,,,,,,,,1450.85,20.16203348
,,,,,,,,,,,,,1451.1,20.16360217
,,,,,,,,,,,,,1451.35,20.16517087
,,,,,,,,,,,,,1451.6,20.16673956
,,,,,,,,,,,,,1451.85,20.16830825
,,,,,,,,,,,,,1452.1,20.16987694
,,,,,,,,,,,,,1452.35,20.17144563
,,,,,,,,,,,,,1452.6,20.17301432
,,,,,,,,,,,,,1452.85,20.17458301
,,,,,,,,,,,,,1453.1,20.17615171
,,,,,,,,,,,,,1453.35,20.1777204
,,,,,,,,,,,,,1453.6,20.17928909
,,,,,,,,,,,,,1453.85,20.18085778
,,,,,,,,,,,,,1454.1,20.18242647
,,,,,,,,,,,,,1454.35,20.18399516
,,,,,,,,,,,,,1454.6,20.18556385
,,,,,,,,,,,,,1454.85,20.18713255
,,,,,,,,,,,,,1455.1,20.18870124
,,,,,,,,,,,,,1455.35,20.1902692
,,,,,,,,,,,,,1455.6,20.19183717
,,,,,,,,,,,,,1455.85,20.19340513
,,,,,,,,,,,,,1456.1,20.1949731
,,,,,,,,,,,,,1456.35,20.19654106
,,,,,,,,,,,,,1456.6,20.19810903
,,,,,,,,,,,,,1456.85,20.19967699
,,,,,,,,,,,,,1457.1,20.20124496
,,,,,,,,,,,,,1457.35,20.20281292
,,,,,,,,,,,,,1457.6,20.20438089
,,,,,,,,,,,,,1457.85,20.20594885
,,,,,,,,,,,,,1458.1,20.20751682
,,,,,,,,,,,,,1458.35,20.20908478
,,,,,,,,,,,,,1458.6,20.21065275
,,,,,,,,,,,,,1458.85,20.21222071
,,,,,,,,,,,,,1459.1,20.21378868
,,,,,,,,,,,,,1459.35,20.21535664
,,,,,,,,,,,,,1459.6,20.21692461
,,,,,,,,,,,,,1459.85,20.21849257
,,,,,,,,,,,,,1460.1,20.22006054
,,,,,,,,,,,,,1460.35,20.2216285
,,,,,,,,,,,,,1460.6,20.22319647
,,,,,,,,,,,,,1460.85,20.22476443
,,,,,,,,,,,,,1461.1,20.2263324
,,,,,,,,,,,,,1461.35,20.22790036
,,,,,,,,,,,,,1461.6,20.22946833
,,,,,,,,,,,,,1461.85,20.23103629
,,,,,,,,,,,,,1462.1,20.23260426
,,,,,,,,,,,,,1462.35,20.23417222
,,,,,,,,,,,,,1462.6,20.23574019
,,,,,,,,,,,,,1462.85,20.23730815
,,,,,,,,,,,,,1463.1,20.23887612
,,,,,,,,,,,,,1463.35,20.24044408
,,,,,,,,,,,,,1463.6,20.24201205
,,,,,,,,,,,,,1463.85,20.24358001
,,,,,,,,,,,,,1464.1,20.24514798
,,,,,,,,,,,,,1464.35,20.24671594
,,,,,,,,,,,,,1464.6,20.2482839
,,,,,,,,,,,,,1464.85,20.24985187
,,,,,,,,,,,,,1465.1,20.25141983
,,,,,,,,,,,,,1465.35,20.2529878
,,,,,,,,,,,,,1465.6,20.25455576
,,,,,,,,,,,,,1465.85,20.25612373
,,,,,,,,,,,,,1466.1,20.25769169
,,,,,,,,,,,,,1466.35,20.25925966
,,,,,,,,,,,,,1466.6,20.26082762
,,,,,,,,,,,,,1466.85,20.26239559
,,,,,,,,,,,,,1467.1,20.26396355
,,,,,,,,,,,,,1467.35,20.26553152
,,,,,,,,,,,,,1467.6,20.26709948
,,,,,,,,,,,,,1467.85,20.26866745
,,,,,,,,,,,,,1468.1,20.27023541
,,,,,,,,,,,,,1468.35,20.27180338
,,,,,,,,,,,,,1468.6,20.27337134
,,,,,,,,,,,,,1468.85,20.27493931
,,,,,,,,,,,,,1469.1,20.27650727
,,,,,,,,,,,,,1469.35,20.27807524
,,,,,,,,,,,,,1469.6,20.2796432
,,,,,,,,,,,,,1469.85,20.28121117
,,,,,,,,,,,,,1470.1,20.28277913
,,,,,,,,,,,,,1470.35,20.2843471
,,,,,,,,,,,,,1470.6,20.28591506
,,,,,,,,,,,,,1470.85,20.28748303
,,,,,,,,,,,,,1471.1,20.28905099
,,,,,,,,,,,,,1471.35,20.29061896
,,,,,,,,,,,,,1471.6,20.29218692
,,,,,,,,,,,,,1471.85,20.29375489
,,,,,,,,,,,,,1472.1,20.29532285
,,,,,,,,,,,,,1472.35,20.29689082
,,,,,,,,,,,,,1472.6,20.29845878
,,,,,,,,,,,,,1472.85,20.30002675
,,,,,,,,,,,,,1473.1,20.30159471
,,,,,,,,,,,,,1473.35,20.30316268
,,,,,,,,,,,,,1473.6,20.30473064
,,,,,,,,,,,,,1473.85,20.30629861
,,,,,,,,,,,,,1474.1,20.30786657
,,,,,,,,,,,,,1474.35,20.30943454
,,,,,,,,,,,,,1474.6,20.3110025
,,,,,,,,,,,,,1474.85,20.31257047
,,,,,,,,,,,,,1475.1,20.31413843
,,,,,,,,,,,,,1475.35,20.31566989
,,,,,,,,,,,,,1475.6,20.31720135
,,,,,,,,,,,,,1475.85,20.31873281
,,,,,,,,,,,,,1476.1,20.32026427
,,,,,,,,,,,,,1476.35,20.32179574
,,,,,,,,,,,,,1476.6,20.3233272
,,,,,,,,,,,,,1476.85,20.32485866
,,,,,,,,,,,,,1477.1,20.32639012
,,,,,,,,,,,,,1477.35,20.32792158
,,,,,,,,,,,,,1477.6,20.32945304
,,,,,,,,,,,,,1477.85,20.3309845
,,,,,,,,,,,,,1478.1,20.33251596
,,,,,,,,,,,,,1478.35,20.33404742
,,,,,,,,,,,,,1478.6,20.33557888
,,,,,,,,,,,,,1478.85,20.33711034
,,,,,,,,,,,,,1479.1,20.3386418
,,,,,,,,,,,,,1479.35,20.34017326
,,,,,,,,,,,,,1479.6,20.34170472
,,,,,,,,,,,,,1479.85,20.34323618
,,,,,,,,,,,,,1480.1,20.34476764
,,,,,,,,,,,,,1480.35,20.3462991
,,,,,,,,,,,,,1480.6,20.34783056
,,,,,,,,,,,,,1480.85,20.34936203
,,,,,,,,,,,,,1481.1,20.35089349
,,,,,,,,,,,,,1481.35,20.35242495
,,,,,,,,,,,,,1481.6,20.35395641
,,,,,,,,,,,,,1481.85,20.35548787
,,,,,,,,,,,,,1482.1,20.35701933
,,,,,,,,,,,,,1482.35,20.35855079
,,,,,,,,,,,,,1482.6,20.36008225
,,,,,,,,,,,,,1482.85,20.36161371
,,,,,,,,,,,,,1483.1,20.36314517
,,,,,,,,,,,,,1483.35,20.36467663
,,,,,,,,,,,,,1483.6,20.36620809
,,,,,,,,,,,,,1483.85,20.36773955
,,,,,,,,,,,,,1484.1,20.36927101
,,,,,,,,,,,,,1484.35,20.37080247
,,,,,,,,,,,,,1484.6,20.37233393
,,,,,,,,,,,,,1484.85,20.37386539
,,,,,,,,,,,,,1485.1,20.37539685
,,,,,,,,,,,,,1485.35,20.37692831
,,,,,,,,,,,,,1485.6,20.37845978
,,,,,,,,,,,,,1485.85,20.37999124
,,,,,,,,,,,,,1486.1,20.3815227
,,,,,,,,,,,,,1486.35,20.38305416
,,,,,,,,,,,,,1486.6,20.38458562
,,,,,,,,,,,,,1486.85,20.38611708
,,,,,,,,,,,,,1487.35,20.38918
,,,,,,,,,,,,,1487.6,20.39071146
,,,,,,,,,,,,,1487.85,20.39224292
,,,,,,,,,,,,,1488.1,20.39377438
,,,,,,,,,,,,,1488.35,20.39530584
,,,,,,,,,,,,,1488.6,20.3968373
,,,,,,,,,,,,,1488.85,20.39836876
,,,,,,,,,,,,,1489.1,20.39990022
,,,,,,,,,,,,,1489.35,20.40143168
,,,,,,,,,,,,,1489.6,20.40296314
,,,,,,,,,,,,,1489.85,20.4044946
,,,,,,,,,,,,,1490.1,20.40602607
,,,,,,,,,,,,,1490.35,20.40755753
,,,,,,,,,,,,,1490.6,20.40908899
,,,,,,,,,,,,,1490.85,20.41062045
,,,,,,,,,,,,,1491.1,20.41215191
,,,,,,,,,,,,,1491.35,20.41368337
,,,,,,,,,,,,,1491.6,20.41521483
,,,,,,,,,,,,,1491.85,20.41674629
,,,,,,,,,,,,,1492.1,20.41827775
,,,,,,,,,,,,,1492.35,20.41980921
,,,,,,,,,,,,,1492.6,20.42134067
,,,,,,,,,,,,,1492.85,20.42287213
,,,,,,,,,,,,,1493.1,20.42440359
,,,,,,,,,,,,,1493.35,20.42593505
,,,,,,,,,,,,,1493.6,20.42746651
,,,,,,,,,,,,,1493.85,20.42899797
,,,,,,,,,,,,,1494.1,20.43052943
,,,,,,,,,,,,,1494.35,20.43206089
,,,,,,,,,,,,,1494.6,20.43359236
,,,,,,,,,,,,,1494.85,20.43512382
,,,,,,,,,,,,,1495.1,20.43665528
,,,,,,,,,,,,,1495.35,20.43818441
,,,,,,,,,,,,,1495.6,20.43971355
,,,,,,,,,,,,,1495.85,20.44124269
,,,,,,,,,,,,,1496.1,20.44277183
,,,,,,,,,,,,,1496.35,20.44430097
,,,,,,,,,,,,,1496.6,20.44583011
,,,,,,,,,,,,,1496.85,20.44735924
,,,,,,,,,,,,,1497.1,20.44888838
,,,,,,,,,,,,,1497.35,20.45041752
,,,,,,,,,,,,,1497.6,20.45194666
,,,,,,,,,,,,,1497.85,20.4534758
,,,,,,,,,,,,,1498.1,20.45500494
,,,,,,,,,,,,,1498.35,20.45653407
,,,,,,,,,,,,,1498.6,20.45806321
,,,,,,,,,,,,,1498.85,20.45959235
,,,,,,,,,,,,,1499.1,20.46112149
,,,,,,,,,,,,,1499.35,20.46265063
,,,,,,,,,,,,,1499.6,20.46417977
,,,,,,,,,,,,,1499.85,20.4657089
,,,,,,,,,,,,,1500.4,20.47029632
,,,,,,,,,,,,,1500.65,20.47182546
,,,,,,,,,,,,,1500.9,20.4733546
,,,,,,,,,,,,,1501.15,20.47488373
,,,,,,,,,,,,,1501.4,20.47641287
,,,,,,,,,,,,,1501.65,20.47794201
,,,,,,,,,,,,,1501.9,20.47947115
,,,,,,,,,,,,,1502.15,20.48100029
,,,,,,,,,,,,,1502.4,20.48252943
,,,,,,,,,,,,,1502.65,20.48405856
,,,,,,,,,,,,,1502.9,20.4855877
,,,,,,,,,,,,,1503.15,20.48711684
,,,,,,,,,,,,,1503.4,20.48864598
,,,,,,,,,,,,,1503.65,20.49017512
,,,,,,,,,,,,,1503.9,20.49170426
,,,,,,,,,,,,,1504.15,20.49323339
,,,,,,,,,,,,,1504.4,20.49476253
,,,,,,,,,,,,,1504.65,20.49629167
,,,,,,,,,,,,,1504.9,20.49782081
,,,,,,,,,,,,,1505.15,20.49934995
,,,,,,,,,,,,,1505.4,20.50087909
,,,,,,,,,,,,,1505.65,20.50240822
,,,,,,,,,,,,,1505.9,20.50393736
,,,,,,,,,,,,,1506.15,20.5054665
,,,,,,,,,,,,,1506.4,20.50699564
,,,,,,,,,,,,,1507.15,20.51158305
,,,,,,,,,,,,,1507.4,20.51311219
,,,,,,,,,,,,,1507.65,20.51464133
,,,,,,,,,,,,,1507.9,20.51617047
,,,,,,,,,,,,,1508.15,20.51769961
,,,,,,,,,,,,,1508.4,20.51922875
,,,,,,,,,,,,,1508.65,20.52075788
,,,,,,,,,,,,,1508.9,20.52228702
,,,,,,,,,,,,,1509.15,20.52381616
,,,,,,,,,,,,,1509.4,20.5253453
,,,,,,,,,,,,,1509.65,20.52687444
,,,,,,,,,,,,,1509.9,20.52840358
,,,,,,,,,,,,,1510.15,20.52993271
,,,,,,,,,,,,,1510.4,20.53146185
,,,,,,,,,,,,,1510.65,20.53299099
,,,,,,,,,,,,,1510.9,20.53452013
,,,,,,,,,,,,,1511.15,20.53604927
,,,,,,,,,,,,,1511.4,20.53757841
,,,,,,,,,,,,,1511.65,20.53910754
,,,,,,,,,,,,,1511.9,20.54063668
,,,,,,,,,,,,,1512.15,20.54216582
,,,,,,,,,,,,,1512.4,20.54369496
,,,,,,,,,,,,,1512.65,20.5452241
,,,,,,,,,,,,,1512.9,20.54675324
,,,,,,,,,,,,,1513.15,20.54828237
,,,,,,,,,,,,,1513.4,20.54981151
,,,,,,,,,,,,,1513.65,20.55134065
,,,,,,,,,,,,,1513.9,20.55286979
,,,,,,,,,,,,,1514.15,20.55439893
,,,,,,,,,,,,,1514.4,20.55592807
,,,,,,,,,,,,,1514.65,20.5574572
,,,,,,,,,,,,,1514.9,20.55898634
,,,,,,,,,,,,,1515.15,20.56050144
,,,,,,,,,,,,,1515.4,20.56201654
,,,,,,,,,,,,,1515.65,20.56353164
,,,,,,,,,,,,,1515.9,20.56504674
,,,,,,,,,,,,,1516.15,20.56656184
,,,,,,,,,,,,,1516.4,20.56807693
,,,,,,,,,,,,,1516.65,20.56959203
,,,,,,,,,,,,,1516.9,20.57110713
,,,,,,,,,,,,,1517.15,20.57262223
,,,,,,,,,,,,,1517.4,20.57413733
,,,,,,,,,,,,,1517.65,20.57565243
,,,,,,,,,,,,,1517.9,20.57716753
,,,,,,,,,,,,,1518.15,20.57868262
,,,,,,,,,,,,,1518.4,20.58019772
,,,,,,,,,,,,,1518.65,20.58171282
,,,,,,,,,,,,,1518.9,20.58322792
,,,,,,,,,,,,,1519.15,20.58474302
,,,,,,,,,,,,,1519.4,20.58625812
,,,,,,,,,,,,,1519.65,20.58777322
,,,,,,,,,,,,,1519.9,20.58928831
,,,,,,,,,,,,,1520.15,20.59080341
,,,,,,,,,,,,,1520.4,20.59231851
,,,,,,,,,,,,,1520.65,20.59383361
,,,,,,,,,,,,,1520.9,20.59534871
,,,,,,,,,,,,,1521.15,20.59686381
,,,,,,,,,,,,,1521.4,20.59837891
,,,,,,,,,,,,,1521.65,20.599894
,,,,,,,,,,,,,1521.9,20.6014091
,,,,,,,,,,,,,1522.15,20.6029242
,,,,,,,,,,,,,1522.4,20.6044393
,,,,,,,,,,,,,1522.65,20.6059544
,,,,,,,,,,,,,1522.9,20.6074695
,,,,,,,,,,,,,1523.15,20.6089846
,,,,,,,,,,,,,1523.4,20.61049969
,,,,,,,,,,,,,1523.65,20.61201479
,,,,,,,,,,,,,1523.9,20.61352989
,,,,,,,,,,,,,1524.15,20.61504499
,,,,,,,,,,,,,1524.4,20.61656009
,,,,,,,,,,,,,1524.65,20.61807519
,,,,,,,,,,,,,1524.9,20.61959029
,,,,,,,,,,,,,1525.15,20.62110538
,,,,,,,,,,,,,1525.4,20.62262048
,,,,,,,,,,,,,1525.65,20.62413558
,,,,,,,,,,,,,1525.9,20.62565068
,,,,,,,,,,,,,1526.15,20.62716578
,,,,,,,,,,,,,1526.4,20.62868088
,,,,,,,,,,,,,1526.65,20.63019598
,,,,,,,,,,,,,1526.9,20.63171107
,,,,,,,,,,,,,1527.15,20.63322617
,,,,,,,,,,,,,1527.4,20.63474127
,,,,,,,,,,,,,1527.65,20.63625637
,,,,,,,,,,,,,1527.9,20.63777147
,,,,,,,,,,,,,1528.15,20.63928657
,,,,,,,,,,,,,1528.4,20.64080167
,,,,,,,,,,,,,1528.65,20.64231676
,,,,,,,,,,,,,1528.9,20.64383186
,,,,,,,,,,,,,1529.15,20.64534696
,,,,,,,,,,,,,1529.4,20.64686206
,,,,,,,,,,,,,1529.65,20.64837716
,,,,,,,,,,,,,1529.9,20.64989226
,,,,,,,,,,,,,1530.15,20.65140736
,,,,,,,,,,,,,1530.4,20.65292245
,,,,,,,,,,,,,1530.65,20.65443755
,,,,,,,,,,,,,1530.9,20.65595265
,,,,,,,,,,,,,1531.15,20.65746775
,,,,,,,,,,,,,1531.4,20.65898285
,,,,,,,,,,,,,1531.65,20.66049795
,,,,,,,,,,,,,1531.9,20.66201305
,,,,,,,,,,,,,1532.15,20.66352814
,,,,,,,,,,,,,1532.4,20.66504324
,,,,,,,,,,,,,1532.65,20.66655834
,,,,,,,,,,,,,1532.9,20.66807344
,,,,,,,,,,,,,1533.15,20.66958854
,,,,,,,,,,,,,1533.4,20.67110364
,,,,,,,,,,,,,1533.65,20.67261874
,,,,,,,,,,,,,1533.9,20.67413383
,,,,,,,,,,,,,1534.15,20.67564893
,,,,,,,,,,,,,1534.4,20.67716403
,,,,,,,,,,,,,1534.65,20.67867913
,,,,,,,,,,,,,1534.9,20.68019423
,,,,,,,,,,,,,1535.15,20.68176938
,,,,,,,,,,,,,1535.4,20.68334454
,,,,,,,,,,,,,1535.65,20.6849197
,,,,,,,,,,,,,1535.9,20.68649486
,,,,,,,,,,,,,1536.15,20.68807001
,,,,,,,,,,,,,1536.4,20.68964517
,,,,,,,,,,,,,1536.65,20.69122033
,,,,,,,,,,,,,1537.65,20.6959458
,,,,,,,,,,,,,1537.9,20.69909611
,,,,,,,,,,,,,1538.65,20.70382158
,,,,,,,,,,,,,1539.15,20.7069719
,,,,,,,,,,,,,1539.4,20.70854705
,,,,,,,,,,,,,1539.65,20.71012221
,,,,,,,,,,,,,1539.9,20.71169737
,,,,,,,,,,,,,1540.15,20.71327252
,,,,,,,,,,,,,1540.4,20.71484768
,,,,,,,,,,,,,1540.65,20.71642284
,,,,,,,,,,,,,1540.9,20.71799799
,,,,,,,,,,,,,1541.15,20.71957315
,,,,,,,,,,,,,1541.4,20.72114831
,,,,,,,,,,,,,1541.65,20.72272347
,,,,,,,,,,,,,1542.15,20.72587378
,,,,,,,,,,,,,1542.4,20.72744894
,,,,,,,,,,,,,1542.65,20.72902409
,,,,,,,,,,,,,1543.15,20.73217441
,,,,,,,,,,,,,1543.4,20.73374956
,,,,,,,,,,,,,1543.65,20.73532472
,,,,,,,,,,,,,1543.9,20.73689988
,,,,,,,,,,,,,1544.15,20.73847503
,,,,,,,,,,,,,1544.4,20.74005019
,,,,,,,,,,,,,1544.65,20.74162535
,,,,,,,,,,,,,1544.9,20.74320051
,,,,,,,,,,,,,1545.15,20.74477566
,,,,,,,,,,,,,1545.4,20.74635082
,,,,,,,,,,,,,1545.65,20.74792598
,,,,,,,,,,,,,1545.9,20.74950113
,,,,,,,,,,,,,1546.15,20.75107629
,,,,,,,,,,,,,1546.4,20.75265145
,,,,,,,,,,,,,1546.65,20.7542266
,,,,,,,,,,,,,1546.9,20.75580176
,,,,,,,,,,,,,1547.15,20.75737692
,,,,,,,,,,,,,1547.4,20.75895208
,,,,,,,,,,,,,1547.65,20.76052723
,,,,,,,,,,,,,1548.15,20.76367755
,,,,,,,,,,,,,1548.4,20.7652527
,,,,,,,,,,,,,1548.65,20.76682786
,,,,,,,,,,,,,1548.9,20.76840302
,,,,,,,,,,,,,1549.15,20.76997817
,,,,,,,,,,,,,1549.4,20.77155333
,,,,,,,,,,,,,1549.65,20.77312849
,,,,,,,,,,,,,1549.9,20.77470364
,,,,,,,,,,,,,1550.15,20.7762788
,,,,,,,,,,,,,1550.4,20.77785396
,,,,,,,,,,,,,1550.65,20.77942912
,,,,,,,,,,,,,1550.9,20.78100427
,,,,,,,,,,,,,1551.15,20.78257943
,,,,,,,,,,,,,1551.4,20.78415459
,,,,,,,,,,,,,1551.65,20.78572974
,,,,,,,,,,,,,1551.9,20.7873049
,,,,,,,,,,,,,1552.15,20.78888006
,,,,,,,,,,,,,1552.4,20.79045521
,,,,,,,,,,,,,1552.65,20.79203037
,,,,,,,,,,,,,1552.9,20.79360553
,,,,,,,,,,,,,1553.15,20.79518068
,,,,,,,,,,,,,1553.65,20.798331
,,,,,,,,,,,,,1553.9,20.79990616
,,,,,,,,,,,,,1554.4,20.80305647
,,,,,,,,,,,,,1554.65,20.80463163
,,,,,,,,,,,,,1554.9,20.80620678
,,,,,,,,,,,,,1555.15,20.80788049
,,,,,,,,,,,,,1555.4,20.8095542
,,,,,,,,,,,,,1556.15,20.81457532
,,,,,,,,,,,,,1556.65,20.81792273
,,,,,,,,,,,,,1556.9,20.81959643
,,,,,,,,,,,,,1557.15,20.82127014
,,,,,,,,,,,,,1557.4,20.82294385
,,,,,,,,,,,,,1557.65,20.82461755
,,,,,,,,,,,,,1557.9,20.82629126
,,,,,,,,,,,,,1558.15,20.82796497
,,,,,,,,,,,,,1558.4,20.82963867
,,,,,,,,,,,,,1558.65,20.83131238
,,,,,,,,,,,,,1558.9,20.83298609
,,,,,,,,,,,,,1559.15,20.83465979
,,,,,,,,,,,,,1559.4,20.8363335
,,,,,,,,,,,,,1559.65,20.83800721
,,,,,,,,,,,,,1559.9,20.83968091
,,,,,,,,,,,,,1560.15,20.84135462
,,,,,,,,,,,,,1560.4,20.84302832
,,,,,,,,,,,,,1560.65,20.84470203
,,,,,,,,,,,,,1560.9,20.84637574
,,,,,,,,,,,,,1561.15,20.84804944
,,,,,,,,,,,,,1561.4,20.84972315
,,,,,,,,,,,,,1562.4,20.85641798
,,,,,,,,,,,,,1562.65,20.85809168
,,,,,,,,,,,,,1562.9,20.85976539
,,,,,,,,,,,,,1563.15,20.86143909
,,,,,,,,,,,,,1563.4,20.8631128
,,,,,,,,,,,,,1563.65,20.86478651
,,,,,,,,,,,,,1563.9,20.86646021
,,,,,,,,,,,,,1564.15,20.86813392
,,,,,,,,,,,,,1564.4,20.86980763
,,,,,,,,,,,,,1564.65,20.87148133
,,,,,,,,,,,,,1564.9,20.87315504
,,,,,,,,,,,,,1565.15,20.87482875
,,,,,,,,,,,,,1565.4,20.87650245
,,,,,,,,,,,,,1565.65,20.87817616
,,,,,,,,,,,,,1565.9,20.87984987
,,,,,,,,,,,,,1566.15,20.88152357
,,,,,,,,,,,,,1566.4,20.88319728
,,,,,,,,,,,,,1566.65,20.88487098
,,,,,,,,,,,,,1566.9,20.88654469
,,,,,,,,,,,,,1567.15,20.8882184
,,,,,,,,,,,,,1567.4,20.8898921
,,,,,,,,,,,,,1567.65,20.89156581
,,,,,,,,,,,,,1567.9,20.89323952
,,,,,,,,,,,,,1568.15,20.89491322
,,,,,,,,,,,,,1568.4,20.89658693
,,,,,,,,,,,,,1568.65,20.89826064
,,,,,,,,,,,,,1568.9,20.89993434
,,,,,,,,,,,,,1569.15,20.90160805
,,,,,,,,,,,,,1569.4,20.90328175
,,,,,,,,,,,,,1569.65,20.90495546
,,,,,,,,,,,,,1569.9,20.90662917
,,,,,,,,,,,,,1570.15,20.90830287
,,,,,,,,,,,,,1570.4,20.90997658
,,,,,,,,,,,,,1570.65,20.91165029
,,,,,,,,,,,,,1570.9,20.91332399
,,,,,,,,,,,,,1571.15,20.9149977
,,,,,,,,,,,,,1571.4,20.91667141
,,,,,,,,,,,,,1571.65,20.91834511
,,,,,,,,,,,,,1571.9,20.92001882
,,,,,,,,,,,,,1572.15,20.92169253
,,,,,,,,,,,,,1572.4,20.92336623
,,,,,,,,,,,,,1572.65,20.92503994
,,,,,,,,,,,,,1572.9,20.92671364
,,,,,,,,,,,,,1573.15,20.92838735
,,,,,,,,,,,,,1573.4,20.93006106
,,,,,,,,,,,,,1573.65,20.93173476
,,,,,,,,,,,,,1573.9,20.93340847
,,,,,,,,,,,,,1574.15,20.93508218
,,,,,,,,,,,,,1574.4,20.93675588
,,,,,,,,,,,,,1574.65,20.93842959
,,,,,,,,,,,,,1574.9,20.9401033
,,,,,,,,,,,,,1575.15,20.94176176
,,,,,,,,,,,,,1575.4,20.94342023
,,,,,,,,,,,,,1575.65,20.9450787
,,,,,,,,,,,,,1575.9,20.94673717
,,,,,,,,,,,,,1576.15,20.94839564
,,,,,,,,,,,,,1576.4,20.9500541
,,,,,,,,,,,,,1576.65,20.95171257
,,,,,,,,,,,,,1576.9,20.95337104
,,,,,,,,,,,,,1577.15,20.95502951
,,,,,,,,,,,,,1577.4,20.95668798
,,,,,,,,,,,,,1577.65,20.95834644
,,,,,,,,,,,,,1577.9,20.96000491
,,,,,,,,,,,,,1578.15,20.96166338
,,,,,,,,,,,,,1578.4,20.96332185
,,,,,,,,,,,,,1578.65,20.96498032
,,,,,,,,,,,,,1578.9,20.96663878
,,,,,,,,,,,,,1579.15,20.96829725
,,,,,,,,,,,,,1579.4,20.96995572
,,,,,,,,,,,,,1579.65,20.97161419
,,,,,,,,,,,,,1579.9,20.97327266
,,,,,,,,,,,,,1580.15,20.97493112
,,,,,,,,,,,,,1580.4,20.97658959
,,,,,,,,,,,,,1580.65,20.97824806
,,,,,,,,,,,,,1580.9,20.97990653
,,,,,,,,,,,,,1581.4,20.98322346
,,,,,,,,,,,,,1581.65,20.98488193
,,,,,,,,,,,,,1582.4,20.98985734
,,,,,,,,,,,,,1582.65,20.9915158
,,,,,,,,,,,,,1583.15,20.99483274
,,,,,,,,,,,,,1583.4,20.99649121
,,,,,,,,,,,,,1583.65,20.99814968
,,,,,,,,,,,,,1583.9,20.99980814
,,,,,,,,,,,,,1584.4,21.00312508
,,,,,,,,,,,,,1584.65,21.00478355
,,,,,,,,,,,,,1584.9,21.00644202
,,,,,,,,,,,,,1585.15,21.00810048
,,,,,,,,,,,,,1585.4,21.00975895
,,,,,,,,,,,,,1585.65,21.01141742
,,,,,,,,,,,,,1585.9,21.01307589
,,,,,,,,,,,,,1586.15,21.01473436
,,,,,,,,,,,,,1586.4,21.01639282
,,,,,,,,,,,,,1586.9,21.01970976
,,,,,,,,,,,,,1587.15,21.02136823
,,,,,,,,,,,,,1587.4,21.0230267
,,,,,,,,,,,,,1588.15,21.0280021
,,,,,,,,,,,,,1588.65,21.03131904
,,,,,,,,,,,,,1588.9,21.0329775
,,,,,,,,,,,,,1589.15,21.03463597
,,,,,,,,,,,,,1589.4,21.03629444
,,,,,,,,,,,,,1589.65,21.03795291
,,,,,,,,,,,,,1589.9,21.03961138
,,,,,,,,,,,,,1590.9,21.04624525
,,,,,,,,,,,,,1591.15,21.04790372
,,,,,,,,,,,,,1591.65,21.05122065
,,,,,,,,,,,,,1591.9,21.05287912
,,,,,,,,,,,,,1592.15,21.05453759
,,,,,,,,,,,,,1592.65,21.05785452
,,,,,,,,,,,,,1593.15,21.06117146
,,,,,,,,,,,,,1593.4,21.06282993
,,,,,,,,,,,,,1593.65,21.0644884
,,,,,,,,,,,,,1593.9,21.06614686
,,,,,,,,,,,,,1594.4,21.0694638
,,,,,,,,,,,,,1594.65,21.07112227
,,,,,,,,,,,,,1594.9,21.07278074
,,,,,,,,,,,,,1595.15,21.07440185
,,,,,,,,,,,,,1595.65,21.07764406
,,,,,,,,,,,,,1595.9,21.07926517
,,,,,,,,,,,,,1596.15,21.08088628
,,,,,,,,,,,,,1596.4,21.08250739
,,,,,,,,,,,,,1596.65,21.0841285
,,,,,,,,,,,,,1596.9,21.0857496
,,,,,,,,,,,,,1597.4,21.08899182
,,,,,,,,,,,,,1597.65,21.09061293
,,,,,,,,,,,,,1597.9,21.09223404
,,,,,,,,,,,,,1598.4,21.09547625
,,,,,,,,,,,,,1598.65,21.09709736
,,,,,,,,,,,,,1598.9,21.09871847
,,,,,,,,,,,,,1599.4,21.10196069
,,,,,,,,,,,,,1599.65,21.1035818
,,,,,,,,,,,,,1599.9,21.10520291
,,,,,,,,,,,,,1600.15,21.10682401
,,,,,,,,,,,,,1600.4,21.10844512
,,,,,,,,,,,,,1600.65,21.11006623
,,,,,,,,,,,,,1600.9,21.11168734
,,,,,,,,,,,,,1601.15,21.11330845
,,,,,,,,,,,,,1601.4,21.11492956
,,,,,,,,,,,,,1601.65,21.11655066
,,,,,,,,,,,,,1601.9,21.11817177
,,,,,,,,,,,,,1602.15,21.11979288
,,,,,,,,,,,,,1602.4,21.12141399
,,,,,,,,,,,,,1602.9,21.12465621
,,,,,,,,,,,,,1603.15,21.12627731
,,,,,,,,,,,,,1603.4,21.12789842
,,,,,,,,,,,,,1603.65,21.12951953
,,,,,,,,,,,,,1603.9,21.13114064
,,,,,,,,,,,,,1604.15,21.13276175
,,,,,,,,,,,,,1604.4,21.13438286
,,,,,,,,,,,,,1604.65,21.13600397
,,,,,,,,,,,,,1604.9,21.13762507
,,,,,,,,,,,,,1605.15,21.13924618
,,,,,,,,,,,,,1606.15,21.14573062
,,,,,,,,,,,,,1606.65,21.14897283
,,,,,,,,,,,,,1606.9,21.15059394
,,,,,,,,,,,,,1607.15,21.15221505
,,,,,,,,,,,,,1607.4,21.15383616
,,,,,,,,,,,,,1607.65,21.15545727
,,,,,,,,,,,,,1607.9,21.15707837
,,,,,,,,,,,,,1608.15,21.15869948
,,,,,,,,,,,,,1608.4,21.16032059
,,,,,,,,,,,,,1608.65,21.1619417
,,,,,,,,,,,,,1608.9,21.16356281
,,,,,,,,,,,,,1609.4,21.16680503
,,,,,,,,,,,,,1609.65,21.16842613
,,,,,,,,,,,,,1609.9,21.17004724
,,,,,,,,,,,,,1610.15,21.17166835
,,,,,,,,,,,,,1610.4,21.17328946
,,,,,,,,,,,,,1610.65,21.17491057
,,,,,,,,,,,,,1610.9,21.17653168
,,,,,,,,,,,,,1611.15,21.17815278
,,,,,,,,,,,,,1611.65,21.181395
,,,,,,,,,,,,,1611.9,21.18301611
,,,,,,,,,,,,,1612.15,21.18463722
,,,,,,,,,,,,,1612.4,21.18625833
,,,,,,,,,,,,,1612.65,21.18787943
,,,,,,,,,,,,,1613.4,21.19274276
,,,,,,,,,,,,,1613.65,21.19436387
,,,,,,,,,,,,,1613.9,21.19598498
,,,,,,,,,,,,,1614.65,21.2008483
,,,,,,,,,,,,,1614.9,21.20246941
,,,,,,,,,,,,,1615.15,21.20414097
,,,,,,,,,,,,,1615.4,21.20581252
,,,,,,,,,,,,,1615.65,21.20748408
,,,,,,,,,,,,,1616.65,21.2141703
,,,,,,,,,,,,,1617.15,21.21751341
,,,,,,,,,,,,,1617.4,21.21918497
,,,,,,,,,,,,,1617.9,21.22252808
,,,,,,,,,,,,,1618.4,21.22587119
,,,,,,,,,,,,,1618.65,21.22754275
,,,,,,,,,,,,,1618.9,21.2292143
,,,,,,,,,,,,,1619.15,21.23088586
,,,,,,,,,,,,,1619.4,21.23255741
,,,,,,,,,,,,,1619.65,21.23422897
,,,,,,,,,,,,,1619.9,21.23590053
,,,,,,,,,,,,,1620.15,21.23757208
,,,,,,,,,,,,,1620.4,21.23924364
,,,,,,,,,,,,,1620.65,21.24091519
,,,,,,,,,,,,,1621.15,21.24425831
,,,,,,,,,,,,,1621.4,21.24592986
,,,,,,,,,,,,,1621.65,21.24760142
,,,,,,,,,,,,,1621.9,21.24927297
,,,,,,,,,,,,,1622.15,21.25094453
,,,,,,,,,,,,,1622.4,21.25261608
,,,,,,,,,,,,,1622.65,21.25428764
,,,,,,,,,,,,,1622.9,21.2559592
,,,,,,,,,,,,,1623.15,21.25763075
,,,,,,,,,,,,,1623.4,21.25930231
,,,,,,,,,,,,,1623.65,21.26097386
,,,,,,,,,,,,,1623.9,21.26264542
,,,,,,,,,,,,,1624.15,21.26431697
,,,,,,,,,,,,,1624.65,21.26766009
,,,,,,,,,,,,,1624.9,21.26933164
,,,,,,,,,,,,,1625.15,21.2710032
,,,,,,,,,,,,,1625.4,21.27267475
,,,,,,,,,,,,,1625.65,21.27434631
,,,,,,,,,,,,,1625.9,21.27601787
,,,,,,,,,,,,,1626.15,21.27768942
,,,,,,,,,,,,,1626.4,21.27936098
,,,,,,,,,,,,,1626.65,21.28103253
,,,,,,,,,,,,,1626.9,21.28270409
,,,,,,,,,,,,,1627.15,21.28437564
,,,,,,,,,,,,,1627.4,21.2860472
,,,,,,,,,,,,,1627.9,21.28939031
,,,,,,,,,,,,,1628.15,21.29106187
,,,,,,,,,,,,,1628.4,21.29273342
,,,,,,,,,,,,,1628.65,21.29440498
,,,,,,,,,,,,,1628.9,21.29607654
,,,,,,,,,,,,,1629.15,21.29774809
,,,,,,,,,,,,,1629.4,21.29941965
,,,,,,,,,,,,,1629.65,21.3010912
,,,,,,,,,,,,,1629.9,21.30276276
,,,,,,,,,,,,,1630.15,21.30443431
,,,,,,,,,,,,,1630.4,21.30610587
,,,,,,,,,,,,,1630.65,21.30777743
,,,,,,,,,,,,,1630.9,21.30944898
,,,,,,,,,,,,,1631.15,21.31112054
,,,,,,,,,,,,,1631.65,21.31446365
,,,,,,,,,,,,,1631.9,21.3161352
,,,,,,,,,,,,,1632.15,21.31780676
,,,,,,,,,,,,,1632.4,21.31947832
,,,,,,,,,,,,,1632.65,21.32114987
,,,,,,,,,,,,,1632.9,21.32282143
,,,,,,,,,,,,,1633.15,21.32449298
,,,,,,,,,,,,,1633.4,21.32616454
,,,,,,,,,,,,,1633.65,21.3278361
,,,,,,,,,,,,,1633.9,21.32950765
,,,,,,,,,,,,,1634.15,21.33117921
,,,,,,,,,,,,,1634.4,21.33285076
,,,,,,,,,,,,,1634.65,21.33452232
,,,,,,,,,,,,,1634.9,21.33619387
,,,,,,,,,,,,,1635.15,21.33788591
,,,,,,,,,,,,,1635.65,21.33957795
,,,,,,,,,,,,,1635.9,21.34296202
,,,,,,,,,,,,,1636.15,21.34465405
,,,,,,,,,,,,,1636.4,21.34634609
,,,,,,,,,,,,,1636.65,21.34803812
,,,,,,,,,,,,,1636.9,21.34973016
,,,,,,,,,,,,,1637.15,21.3514222
,,,,,,,,,,,,,1637.4,21.35311423
,,,,,,,,,,,,,1637.65,21.35480627
,,,,,,,,,,,,,1637.9,21.3564983
,,,,,,,,,,,,,1638.15,21.35819034
,,,,,,,,,,,,,1638.4,21.35988237
,,,,,,,,,,,,,1638.65,21.36157441
,,,,,,,,,,,,,1638.9,21.36326645
,,,,,,,,,,,,,1639.15,21.36495848
,,,,,,,,,,,,,1639.4,21.36665052
,,,,,,,,,,,,,1639.65,21.36834255
,,,,,,,,,,,,,1639.9,21.37003459
,,,,,,,,,,,,,1640.15,21.37172663
,,,,,,,,,,,,,1640.4,21.37341866
,,,,,,,,,,,,,1640.65,21.3751107
,,,,,,,,,,,,,1640.9,21.37680273
,,,,,,,,,,,,,1641.15,21.37849477
,,,,,,,,,,,,,1641.4,21.3801868
,,,,,,,,,,,,,1641.65,21.38187884
,,,,,,,,,,,,,1641.9,21.38357088
,,,,,,,,,,,,,1642.15,21.38526291
,,,,,,,,,,,,,1642.4,21.38695495
,,,,,,,,,,,,,1642.65,21.38864698
,,,,,,,,,,,,,1642.9,21.39033902
,,,,,,,,,,,,,1643.15,21.39203105
,,,,,,,,,,,,,1643.4,21.39372309
,,,,,,,,,,,,,1643.65,21.39541513
,,,,,,,,,,,,,1643.9,21.39710716
,,,,,,,,,,,,,1644.15,21.3987992
,,,,,,,,,,,,,1644.4,21.40049123
,,,,,,,,,,,,,1644.65,21.40218327
,,,,,,,,,,,,,1644.9,21.40387531
,,,,,,,,,,,,,1645.4,21.40725938
,,,,,,,,,,,,,1645.65,21.40895141
,,,,,,,,,,,,,1646.15,21.41233548
,,,,,,,,,,,,,1646.4,21.41402752
,,,,,,,,,,,,,1646.65,21.41571956
,,,,,,,,,,,,,1646.9,21.41741159
,,,,,,,,,,,,,1647.15,21.41910363
,,,,,,,,,,,,,1647.4,21.42079566
,,,,,,,,,,,,,1647.65,21.4224877
,,,,,,,,,,,,,1647.9,21.42417973
,,,,,,,,,,,,,1648.15,21.42587177
,,,,,,,,,,,,,1648.4,21.42756381
,,,,,,,,,,,,,1648.65,21.42925584
,,,,,,,,,,,,,1648.9,21.43094788
,,,,,,,,,,,,,1649.15,21.43263991
,,,,,,,,,,,,,1649.4,21.43433195
,,,,,,,,,,,,,1649.65,21.43602398
,,,,,,,,,,,,,1650.35,21.43940806
,,,,,,,,,,,,,1650.6,21.44110009
,,,,,,,,,,,,,1650.85,21.44279213
,,,,,,,,,,,,,1651.1,21.44448416
,,,,,,,,,,,,,1651.35,21.4461762
,,,,,,,,,,,,,1651.6,21.44786824
,,,,,,,,,,,,,1651.85,21.44956027
,,,,,,,,,,,,,1652.1,21.45125231
,,,,,,,,,,,,,1652.35,21.45294434
,,,,,,,,,,,,,1652.6,21.45463638
,,,,,,,,,,,,,1652.85,21.45632841
,,,,,,,,,,,,,1653.1,21.45802045
,,,,,,,,,,,,,1653.35,21.45971249
,,,,,,,,,,,,,1653.6,21.46140452
,,,,,,,,,,,,,1653.85,21.46309656
,,,,,,,,,,,,,1654.1,21.46478859
,,,,,,,,,,,,,1654.35,21.46648063
,,,,,,,,,,,,,1654.6,21.46817266
,,,,,,,,,,,,,1654.85,21.4698647
,,,,,,,,,,,,,1655.1,21.47155674
,,,,,,,,,,,,,1655.35,21.47319217
,,,,,,,,,,,,,1655.6,21.4748276
,,,,,,,,,,,,,1655.85,21.47646304
,,,,,,,,,,,,,1656.1,21.47809847
,,,,,,,,,,,,,1656.35,21.4797339
,,,,,,,,,,,,,1656.6,21.48136934
,,,,,,,,,,,,,1656.85,21.48300477
,,,,,,,,,,,,,1657.1,21.4846402
,,,,,,,,,,,,,1657.35,21.48627564
,,,,,,,,,,,,,1657.6,21.48791107
,,,,,,,,,,,,,1657.85,21.48954651
,,,,,,,,,,,,,1658.1,21.49118194
,,,,,,,,,,,,,1658.35,21.49281737
,,,,,,,,,,,,,1658.6,21.49445281
,,,,,,,,,,,,,1658.85,21.49608824
,,,,,,,,,,,,,1659.1,21.49772367
,,,,,,,,,,,,,1659.35,21.49935911
,,,,,,,,,,,,,1659.6,21.50099454
,,,,,,,,,,,,,1659.85,21.50262997
,,,,,,,,,,,,,1660.1,21.50426541
,,,,,,,,,,,,,1660.35,21.50590084
,,,,,,,,,,,,,1660.6,21.50753627
,,,,,,,,,,,,,1660.85,21.50917171
,,,,,,,,,,,,,1661.1,21.51080714
,,,,,,,,,,,,,1661.35,21.51244257
,,,,,,,,,,,,,1661.6,21.51407801
,,,,,,,,,,,,,1661.85,21.51571344
,,,,,,,,,,,,,1662.1,21.51734888
,,,,,,,,,,,,,1662.35,21.51898431
,,,,,,,,,,,,,1662.6,21.52061974
,,,,,,,,,,,,,1662.85,21.52225518
,,,,,,,,,,,,,1663.1,21.52389061
,,,,,,,,,,,,,1663.35,21.52552604
,,,,,,,,,,,,,1663.6,21.52716148
,,,,,,,,,,,,,1663.85,21.52879691
,,,,,,,,,,,,,1664.1,21.53043234
,,,,,,,,,,,,,1664.35,21.53206778
,,,,,,,,,,,,,1664.6,21.53370321
,,,,,,,,,,,,,1664.85,21.53533864
,,,,,,,,,,,,,1665.1,21.53697408
,,,,,,,,,,,,,1665.35,21.53860951
,,,,,,,,,,,,,1665.6,21.54024495
,,,,,,,,,,,,,1665.85,21.54188038
,,,,,,,,,,,,,1666.1,21.54351581
,,,,,,,,,,,,,1666.35,21.54515125
,,,,,,,,,,,,,1666.6,21.54678668
,,,,,,,,,,,,,1666.85,21.54842211
,,,,,,,,,,,,,1667.1,21.55005755
,,,,,,,,,,,,,1667.35,21.55169298
,,,,,,,,,,,,,1667.6,21.55332841
,,,,,,,,,,,,,1667.85,21.55496385
,,,,,,,,,,,,,1668.1,21.55659928
,,,,,,,,,,,,,1668.35,21.55823471
,,,,,,,,,,,,,1668.6,21.55987015
,,,,,,,,,,,,,1668.85,21.56150558
,,,,,,,,,,,,,1669.1,21.56314102
,,,,,,,,,,,,,1669.35,21.56477645
,,,,,,,,,,,,,1669.6,21.56641188
,,,,,,,,,,,,,1669.85,21.56804732
,,,,,,,,,,,,,1670.1,21.56968275
,,,,,,,,,,,,,1670.35,21.57131818
,,,,,,,,,,,,,1670.6,21.57295362
,,,,,,,,,,,,,1670.85,21.57458905
,,,,,,,,,,,,,1671.1,21.57622448
,,,,,,,,,,,,,1671.35,21.57785992
,,,,,,,,,,,,,1671.6,21.57949535
,,,,,,,,,,,,,1671.85,21.58113078
,,,,,,,,,,,,,1672.1,21.58276622
,,,,,,,,,,,,,1672.35,21.58440165
,,,,,,,,,,,,,1672.6,21.58603709
,,,,,,,,,,,,,1672.85,21.58767252
,,,,,,,,,,,,,1673.1,21.58930795
,,,,,,,,,,,,,1673.35,21.59094339
,,,,,,,,,,,,,1673.6,21.59257882
,,,,,,,,,,,,,1673.85,21.59421425
,,,,,,,,,,,,,1674.1,21.59584969
,,,,,,,,,,,,,1674.35,21.59748512
,,,,,,,,,,,,,1674.6,21.59912055
,,,,,,,,,,,,,1674.85,21.60075599
,,,,,,,,,,,,,1675.1,21.60239142
,,,,,,,,,,,,,1675.35,21.60406444
,,,,,,,,,,,,,1675.6,21.60573747
,,,,,,,,,,,,,1675.85,21.60741049
,,,,,,,,,,,,,1676.1,21.60908352
,,,,,,,,,,,,,1676.35,21.61075654
,,,,,,,,,,,,,1676.6,21.61242956
,,,,,,,,,,,,,1676.85,21.61410259
,,,,,,,,,,,,,1677.1,21.61577561
,,,,,,,,,,,,,1677.35,21.61744863
,,,,,,,,,,,,,1677.6,21.61912166
,,,,,,,,,,,,,1677.85,21.62079468
,,,,,,,,,,,,,1678.1,21.6224677
,,,,,,,,,,,,,1678.35,21.62414073
,,,,,,,,,,,,,1678.6,21.62581375
,,,,,,,,,,,,,1678.85,21.62748678
,,,,,,,,,,,,,1679.35,21.63083282
,,,,,,,,,,,,,1679.6,21.63250585
,,,,,,,,,,,,,1679.85,21.63417887
,,,,,,,,,,,,,1680.1,21.63585189
,,,,,,,,,,,,,1680.35,21.63752492
,,,,,,,,,,,,,1680.6,21.63919794
,,,,,,,,,,,,,1680.85,21.64087096
,,,,,,,,,,,,,1681.1,21.64254399
,,,,,,,,,,,,,1681.35,21.64421701
,,,,,,,,,,,,,1681.6,21.64589004
,,,,,,,,,,,,,1681.85,21.64756306
,,,,,,,,,,,,,1682.1,21.64923608
,,,,,,,,,,,,,1682.35,21.65090911
,,,,,,,,,,,,,1682.6,21.65258213
,,,,,,,,,,,,,1682.85,21.65425515
,,,,,,,,,,,,,1683.1,21.65592818
,,,,,,,,,,,,,1683.35,21.6576012
,,,,,,,,,,,,,1683.6,21.65927422
,,,,,,,,,,,,,1683.85,21.66094725
,,,,,,,,,,,,,1684.1,21.66262027
,,,,,,,,,,,,,1684.35,21.6642933
,,,,,,,,,,,,,1684.6,21.66596632
,,,,,,,,,,,,,1684.85,21.66763934
,,,,,,,,,,,,,1685.1,21.66931237
,,,,,,,,,,,,,1685.35,21.67098539
,,,,,,,,,,,,,1685.6,21.67265841
,,,,,,,,,,,,,1685.85,21.67433144
,,,,,,,,,,,,,1686.1,21.67600446
,,,,,,,,,,,,,1686.35,21.67767748
,,,,,,,,,,,,,1686.6,21.67935051
,,,,,,,,,,,,,1686.85,21.68102353
,,,,,,,,,,,,,1687.1,21.68269655
,,,,,,,,,,,,,1687.35,21.68436958
,,,,,,,,,,,,,1687.6,21.6860426
,,,,,,,,,,,,,1687.85,21.68771563
,,,,,,,,,,,,,1688.1,21.68938865
,,,,,,,,,,,,,1688.35,21.69106167
,,,,,,,,,,,,,1688.6,21.6927347
,,,,,,,,,,,,,1688.85,21.69440772
,,,,,,,,,,,,,1689.1,21.69608074
,,,,,,,,,,,,,1689.35,21.69775377
,,,,,,,,,,,,,1689.6,21.69942679
,,,,,,,,,,,,,1689.85,21.70109981
,,,,,,,,,,,,,1690.1,21.70277284
,,,,,,,,,,,,,1690.35,21.70444586
,,,,,,,,,,,,,1690.6,21.70611889
,,,,,,,,,,,,,1690.85,21.70779191
,,,,,,,,,,,,,1691.1,21.70946493
,,,,,,,,,,,,,1691.35,21.71113796
,,,,,,,,,,,,,1691.6,21.71281098
,,,,,,,,,,,,,1691.85,21.714484
,,,,,,,,,,,,,1692.1,21.71615703
,,,,,,,,,,,,,1692.35,21.71783005
,,,,,,,,,,,,,1692.6,21.71950307
,,,,,,,,,,,,,1692.85,21.7211761
,,,,,,,,,,,,,1693.1,21.72284912
,,,,,,,,,,,,,1693.35,21.72452215
,,,,,,,,,,,,,1693.6,21.72619517
,,,,,,,,,,,,,1693.85,21.72786819
,,,,,,,,,,,,,1694.1,21.72954122
,,,,,,,,,,,,,1694.35,21.73121424
,,,,,,,,,,,,,1694.6,21.73288726
,,,,,,,,,,,,,1694.85,21.73456029
,,,,,,,,,,,,,1695.1,21.73623331
,,,,,,,,,,,,,1695.35,21.73786645
,,,,,,,,,,,,,1695.6,21.73949959
,,,,,,,,,,,,,1695.85,21.74113272
,,,,,,,,,,,,,1696.1,21.74276586
,,,,,,,,,,,,,1696.35,21.744399
,,,,,,,,,,,,,1696.6,21.74603213
,,,,,,,,,,,,,1696.85,21.74766527
,,,,,,,,,,,,,1697.1,21.74929841
,,,,,,,,,,,,,1697.35,21.75093154
,,,,,,,,,,,,,1697.6,21.75256468
,,,,,,,,,,,,,1697.85,21.75419782
,,,,,,,,,,,,,1698.1,21.75583096
,,,,,,,,,,,,,1698.35,21.75746409
,,,,,,,,,,,,,1698.6,21.75909723
,,,,,,,,,,,,,1698.85,21.76073037
,,,,,,,,,,,,,1699.1,21.7623635
,,,,,,,,,,,,,1699.35,21.76399664
,,,,,,,,,,,,,1699.6,21.76562978
,,,,,,,,,,,,,1699.85,21.76726292
,,,,,,,,,,,,,1700.1,21.76889605
,,,,,,,,,,,,,1700.35,21.77052919
,,,,,,,,,,,,,1700.6,21.77216233
,,,,,,,,,,,,,1700.85,21.77379546
,,,,,,,,,,,,,1701.1,21.7754286
,,,,,,,,,,,,,1701.35,21.77706174
,,,,,,,,,,,,,1701.6,21.77869487
,,,,,,,,,,,,,1701.85,21.78032801
,,,,,,,,,,,,,1702.1,21.78196115
,,,,,,,,,,,,,1702.35,21.78359429
,,,,,,,,,,,,,1702.6,21.78522742
,,,,,,,,,,,,,1702.85,21.78686056
,,,,,,,,,,,,,1703.1,21.7884937
,,,,,,,,,,,,,1703.35,21.79012683
,,,,,,,,,,,,,1703.6,21.79175997
,,,,,,,,,,,,,1703.85,21.79339311
,,,,,,,,,,,,,1704.1,21.79502625
,,,,,,,,,,,,,1704.35,21.79665938
,,,,,,,,,,,,,1704.6,21.79829252
,,,,,,,,,,,,,1704.85,21.79992566
,,,,,,,,,,,,,1705.1,21.80155879
,,,,,,,,,,,,,1705.35,21.80319193
,,,,,,,,,,,,,1705.6,21.80482507
,,,,,,,,,,,,,1705.85,21.8064582
,,,,,,,,,,,,,1706.1,21.80809134
,,,,,,,,,,,,,1706.35,21.80972448
,,,,,,,,,,,,,1706.6,21.81135762
,,,,,,,,,,,,,1706.85,21.81299075
,,,,,,,,,,,,,1707.1,21.81462389
,,,,,,,,,,,,,1707.35,21.81625703
,,,,,,,,,,,,,1707.6,21.81789016
,,,,,,,,,,,,,1707.85,21.8195233
,,,,,,,,,,,,,1708.1,21.82115644
,,,,,,,,,,,,,1708.35,21.82278958
,,,,,,,,,,,,,1708.6,21.82442271
,,,,,,,,,,,,,1708.85,21.82605585
,,,,,,,,,,,,,1709.1,21.82768899
,,,,,,,,,,,,,1709.35,21.82932212
,,,,,,,,,,,,,1709.6,21.83095526
,,,,,,,,,,,,,1709.85,21.8325884
,,,,,,,,,,,,,1710.1,21.83422153
,,,,,,,,,,,,,1710.35,21.83585467
,,,,,,,,,,,,,1710.6,21.83748781
,,,,,,,,,,,,,1710.85,21.83912095
,,,,,,,,,,,,,1711.1,21.84075408
,,,,,,,,,,,,,1711.6,21.84402036
,,,,,,,,,,,,,1711.85,21.84565349
,,,,,,,,,,,,,1712.1,21.84728663
,,,,,,,,,,,,,1712.35,21.84891977
,,,,,,,,,,,,,1712.85,21.85218604
,,,,,,,,,,,,,1713.1,21.85381918
,,,,,,,,,,,,,1713.35,21.85545232
,,,,,,,,,,,,,1713.6,21.85708545
,,,,,,,,,,,,,1713.85,21.85871859
,,,,,,,,,,,,,1714.1,21.86035173
,,,,,,,,,,,,,1714.35,21.86198486
,,,,,,,,,,,,,1714.6,21.863618
,,,,,,,,,,,,,1714.85,21.86525114
,,,,,,,,,,,,,1715.1,21.86688428
,,,,,,,,,,,,,1715.35,21.86854754
,,,,,,,,,,,,,1715.6,21.87021081
,,,,,,,,,,,,,1715.85,21.87187407
,,,,,,,,,,,,,1716.1,21.87353734
,,,,,,,,,,,,,1716.35,21.87520061
,,,,,,,,,,,,,1716.6,21.87686387
,,,,,,,,,,,,,1716.85,21.87852714
,,,,,,,,,,,,,1717.1,21.8801904
,,,,,,,,,,,,,1717.35,21.88185367
,,,,,,,,,,,,,1717.85,21.8851802
,,,,,,,,,,,,,1718.1,21.88684347
,,,,,,,,,,,,,1718.35,21.88850674
,,,,,,,,,,,,,1718.6,21.89017
,,,,,,,,,,,,,1718.85,21.89183327
,,,,,,,,,,,,,1719.1,21.89349653
,,,,,,,,,,,,,1719.35,21.8951598
,,,,,,,,,,,,,1719.6,21.89682307
,,,,,,,,,,,,,1719.85,21.89848633
,,,,,,,,,,,,,1720.1,21.9001496
,,,,,,,,,,,,,1720.35,21.90181286
,,,,,,,,,,,,,1720.6,21.90347613
,,,,,,,,,,,,,1720.85,21.9051394
,,,,,,,,,,,,,1721.1,21.90680266
,,,,,,,,,,,,,1721.35,21.90846593
,,,,,,,,,,,,,1721.6,21.91012919
,,,,,,,,,,,,,1721.85,21.91179246
,,,,,,,,,,,,,1722.1,21.91345573
,,,,,,,,,,,,,1722.35,21.91511899
,,,,,,,,,,,,,1722.85,21.91844552
,,,,,,,,,,,,,1723.1,21.92010879
,,,,,,,,,,,,,1723.35,21.92177206
,,,,,,,,,,,,,1723.6,21.92343532
,,,,,,,,,,,,,1723.85,21.92509859
,,,,,,,,,,,,,1724.35,21.92842512
,,,,,,,,,,,,,1724.6,21.93008839
,,,,,,,,,,,,,1724.85,21.93175165
,,,,,,,,,,,,,1725.1,21.93341492
,,,,,,,,,,,,,1725.35,21.93507819
,,,,,,,,,,,,,1725.6,21.93674145
,,,,,,,,,,,,,1725.85,21.93840472
,,,,,,,,,,,,,1726.1,21.94006798
,,,,,,,,,,,,,1726.35,21.94173125
,,,,,,,,,,,,,1726.6,21.94339452
,,,,,,,,,,,,,1726.85,21.94505778
,,,,,,,,,,,,,1727.1,21.94672105
,,,,,,,,,,,,,1727.35,21.94838431
,,,,,,,,,,,,,1727.6,21.95004758
,,,,,,,,,,,,,1727.85,21.95171085
,,,,,,,,,,,,,1728.1,21.95337411
,,,,,,,,,,,,,1728.35,21.95503738
,,,,,,,,,,,,,1728.6,21.95670064
,,,,,,,,,,,,,1728.85,21.95836391
,,,,,,,,,,,,,1729.1,21.96002718
,,,,,,,,,,,,,1730.85,21.97167004
,,,,,,,,,,,,,1731.1,21.97333331
,,,,,,,,,,,,,1731.35,21.97499657
,,,,,,,,,,,,,1731.6,21.97665984
,,,,,,,,,,,,,1731.85,21.9783231
,,,,,,,,,,,,,1732.1,21.97998637
,,,,,,,,,,,,,1732.35,21.98164964
,,,,,,,,,,,,,1732.6,21.9833129
,,,,,,,,,,,,,1732.85,21.98497617
,,,,,,,,,,,,,1733.1,21.98663943
,,,,,,,,,,,,,1733.35,21.9883027
,,,,,,,,,,,,,1733.6,21.98996597
,,,,,,,,,,,,,1733.85,21.99162923
,,,,,,,,,,,,,1734.1,21.9932925
,,,,,,,,,,,,,1734.35,21.99495576
,,,,,,,,,,,,,1734.6,21.99661903
,,,,,,,,,,,,,1735.1,21.99994556
,,,,,,,,,,,,,1735.35,22.00156401
,,,,,,,,,,,,,1735.85,22.00480091
,,,,,,,,,,,,,1736.1,22.00641936
,,,,,,,,,,,,,1736.35,22.00803781
,,,,,,,,,,,,,1737.1,22.01289316
,,,,,,,,,,,,,1737.35,22.01451161
,,,,,,,,,,,,,1737.6,22.01613006
,,,,,,,,,,,,,1737.85,22.01774851
,,,,,,,,,,,,,1738.1,22.01936695
,,,,,,,,,,,,,1738.35,22.0209854
,,,,,,,,,,,,,1738.6,22.02260385
,,,,,,,,,,,,,1738.85,22.0242223
,,,,,,,,,,,,,1739.1,22.02584075
,,,,,,,,,,,,,1739.35,22.0274592
,,,,,,,,,,,,,1739.6,22.02907765
,,,,,,,,,,,,,1739.85,22.0306961
,,,,,,,,,,,,,1740.1,22.03231455
,,,,,,,,,,,,,1740.35,22.033933
,,,,,,,,,,,,,1740.6,22.03555145
,,,,,,,,,,,,,1740.85,22.0371699
,,,,,,,,,,,,,1741.1,22.03878835
,,,,,,,,,,,,,1741.35,22.0404068
,,,,,,,,,,,,,1741.6,22.04202525
,,,,,,,,,,,,,1741.85,22.04364369
,,,,,,,,,,,,,1742.1,22.04526214
,,,,,,,,,,,,,1742.35,22.04688059
,,,,,,,,,,,,,1742.6,22.04849904
,,,,,,,,,,,,,1742.85,22.05011749
,,,,,,,,,,,,,1743.1,22.05173594
,,,,,,,,,,,,,1743.35,22.05335439
,,,,,,,,,,,,,1743.6,22.05497284
,,,,,,,,,,,,,1743.85,22.05659129
,,,,,,,,,,,,,1744.1,22.05820974
,,,,,,,,,,,,,1744.35,22.05982819
,,,,,,,,,,,,,1744.6,22.06144664
,,,,,,,,,,,,,1745.1,22.06468354
,,,,,,,,,,,,,1745.35,22.06630199
,,,,,,,,,,,,,1745.6,22.06792043
,,,,,,,,,,,,,1745.85,22.06953888
,,,,,,,,,,,,,1746.1,22.07115733
,,,,,,,,,,,,,1746.35,22.07277578
,,,,,,,,,,,,,1746.85,22.07601268
,,,,,,,,,,,,,1747.1,22.07763113
,,,,,,,,,,,,,1747.35,22.07924958
,,,,,,,,,,,,,1747.6,22.08086803
,,,,,,,,,,,,,1747.85,22.08248648
,,,,,,,,,,,,,1748.1,22.08410493
,,,,,,,,,,,,,1748.35,22.08572338
,,,,,,,,,,,,,1748.6,22.08734183
,,,,,,,,,,,,,1748.85,22.08896028
,,,,,,,,,,,,,1749.1,22.09057873
,,,,,,,,,,,,,1749.35,22.09219718
,,,,,,,,,,,,,1749.6,22.09381562
,,,,,,,,,,,,,1749.85,22.09543407
,,,,,,,,,,,,,1750.1,22.09705252
,,,,,,,,,,,,,1750.35,22.09867097
,,,,,,,,,,,,,1750.6,22.10028942
,,,,,,,,,,,,,1750.85,22.10190787
,,,,,,,,,,,,,1751.1,22.10352632
,,,,,,,,,,,,,1751.35,22.10514477
,,,,,,,,,,,,,1751.6,22.10676322
,,,,,,,,,,,,,1751.85,22.10838167
,,,,,,,,,,,,,1752.1,22.11000012
,,,,,,,,,,,,,1752.35,22.11161857
,,,,,,,,,,,,,1752.6,22.11323702
,,,,,,,,,,,,,1752.85,22.11485547
,,,,,,,,,,,,,1753.35,22.11809236
,,,,,,,,,,,,,1753.6,22.11971081
,,,,,,,,,,,,,1754.35,22.12456616
,,,,,,,,,,,,,1754.6,22.12618461
,,,,,,,,,,,,,1754.85,22.12780306
,,,,,,,,,,,,,1755.1,22.12942151
,,,,,,,,,,,,,1755.35,22.13112386
,,,,,,,,,,,,,1755.6,22.1328262
,,,,,,,,,,,,,1755.85,22.13452855
,,,,,,,,,,,,,1756.1,22.1362309
,,,,,,,,,,,,,1756.35,22.13793324
,,,,,,,,,,,,,1756.6,22.13963559
,,,,,,,,,,,,,1757.6,22.14644498
,,,,,,,,,,,,,1757.85,22.14814732
,,,,,,,,,,,,,1758.1,22.14984967
,,,,,,,,,,,,,1759.1,22.15665905
,,,,,,,,,,,,,1759.35,22.1583614
,,,,,,,,,,,,,1760.1,22.16346844
,,,,,,,,,,,,,1760.35,22.16517079
,,,,,,,,,,,,,1760.85,22.16857548
,,,,,,,,,,,,,1761.1,22.17027783
,,,,,,,,,,,,,1761.35,22.17198017
,,,,,,,,,,,,,1761.6,22.17368252
,,,,,,,,,,,,,1761.85,22.17538487
,,,,,,,,,,,,,1762.1,22.17708721
,,,,,,,,,,,,,1762.35,22.17878956
,,,,,,,,,,,,,1762.6,22.18049191
,,,,,,,,,,,,,1762.85,22.18219425
,,,,,,,,,,,,,1763.1,22.1838966
,,,,,,,,,,,,,1763.35,22.18559895
,,,,,,,,,,,,,1763.6,22.18730129
,,,,,,,,,,,,,1763.85,22.18900364
,,,,,,,,,,,,,1764.1,22.19070599
,,,,,,,,,,,,,1764.35,22.19240833
,,,,,,,,,,,,,1764.6,22.19411068
,,,,,,,,,,,,,1764.85,22.19581303
,,,,,,,,,,,,,1765.1,22.19751537
,,,,,,,,,,,,,1765.35,22.19921772
,,,,,,,,,,,,,1765.6,22.20092007
,,,,,,,,,,,,,1765.85,22.20262241
,,,,,,,,,,,,,1766.1,22.20432476
,,,,,,,,,,,,,1766.35,22.20602711
,,,,,,,,,,,,,1766.6,22.20772945
,,,,,,,,,,,,,1766.85,22.2094318
,,,,,,,,,,,,,1767.1,22.21113415
,,,,,,,,,,,,,1767.35,22.21283649
,,,,,,,,,,,,,1767.6,22.21453884
,,,,,,,,,,,,,1767.85,22.21624119
,,,,,,,,,,,,,1768.1,22.21794353
,,,,,,,,,,,,,1768.35,22.21964588
,,,,,,,,,,,,,1768.6,22.22134822
,,,,,,,,,,,,,1768.85,22.22305057
,,,,,,,,,,,,,1769.1,22.22475292
,,,,,,,,,,,,,1769.35,22.22645526
,,,,,,,,,,,,,1769.6,22.22815761
,,,,,,,,,,,,,1769.85,22.22985996
,,,,,,,,,,,,,1770.1,22.2315623
,,,,,,,,,,,,,1770.35,22.23326465
,,,,,,,,,,,,,1770.6,22.234967
,,,,,,,,,,,,,1770.85,22.23666934
,,,,,,,,,,,,,1771.1,22.23837169
,,,,,,,,,,,,,1771.35,22.24007404
,,,,,,,,,,,,,1771.6,22.24177638
,,,,,,,,,,,,,1771.85,22.24347873
,,,,,,,,,,,,,1772.1,22.24518108
,,,,,,,,,,,,,1772.35,22.24688342
,,,,,,,,,,,,,1772.6,22.24858577
,,,,,,,,,,,,,1772.85,22.25028812
,,,,,,,,,,,,,1773.1,22.25199046
,,,,,,,,,,,,,1773.35,22.25369281
,,,,,,,,,,,,,1773.6,22.25539516
,,,,,,,,,,,,,1773.85,22.2570975
,,,,,,,,,,,,,1774.1,22.25879985
,,,,,,,,,,,,,1774.35,22.2605022
,,,,,,,,,,,,,1774.6,22.26220454
,,,,,,,,,,,,,1774.85,22.26390689
,,,,,,,,,,,,,1775.1,22.26560924
,,,,,,,,,,,,,1775.35,22.26726644
,,,,,,,,,,,,,1775.6,22.26892364
,,,,,,,,,,,,,1775.85,22.27058084
,,,,,,,,,,,,,1776.1,22.27223804
,,,,,,,,,,,,,1776.35,22.27389525
,,,,,,,,,,,,,1776.6,22.27555245
,,,,,,,,,,,,,1776.85,22.27720965
,,,,,,,,,,,,,1777.1,22.27886685
,,,,,,,,,,,,,1777.35,22.28052406
,,,,,,,,,,,,,1777.6,22.28218126
,,,,,,,,,,,,,1777.85,22.28383846
,,,,,,,,,,,,,1778.1,22.28549566
,,,,,,,,,,,,,1778.35,22.28715286
,,,,,,,,,,,,,1778.6,22.28881007
,,,,,,,,,,,,,1778.85,22.29046727
,,,,,,,,,,,,,1779.1,22.29212447
,,,,,,,,,,,,,1779.35,22.29378167
,,,,,,,,,,,,,1779.6,22.29543888
,,,,,,,,,,,,,1779.85,22.29709608
,,,,,,,,,,,,,1780.1,22.29875328
,,,,,,,,,,,,,1780.35,22.30041048
,,,,,,,,,,,,,1780.6,22.30206768
,,,,,,,,,,,,,1780.85,22.30372489
,,,,,,,,,,,,,1781.1,22.30538209
,,,,,,,,,,,,,1781.35,22.30703929
,,,,,,,,,,,,,1781.6,22.30869649
,,,,,,,,,,,,,1781.85,22.3103537
,,,,,,,,,,,,,1782.1,22.3120109
,,,,,,,,,,,,,1782.35,22.3136681
,,,,,,,,,,,,,1782.6,22.3153253
,,,,,,,,,,,,,1782.85,22.31698251
,,,,,,,,,,,,,1783.1,22.31863971
,,,,,,,,,,,,,1783.35,22.32029691
,,,,,,,,,,,,,1783.6,22.32195411
,,,,,,,,,,,,,1783.85,22.32361131
,,,,,,,,,,,,,1784.1,22.32526852
,,,,,,,,,,,,,1784.35,22.32692572
,,,,,,,,,,,,,1784.6,22.32858292
,,,,,,,,,,,,,1784.85,22.33024012
,,,,,,,,,,,,,1785.1,22.33189733
,,,,,,,,,,,,,1785.35,22.33355453
,,,,,,,,,,,,,1785.6,22.33521173
,,,,,,,,,,,,,1785.85,22.33686893
,,,,,,,,,,,,,1786.1,22.33852613
,,,,,,,,,,,,,1786.35,22.34018334
,,,,,,,,,,,,,1786.6,22.34184054
,,,,,,,,,,,,,1786.85,22.34349774
,,,,,,,,,,,,,1787.1,22.34515494
,,,,,,,,,,,,,1787.35,22.34681215
,,,,,,,,,,,,,1787.6,22.34846935
,,,,,,,,,,,,,1788.1,22.35178375
,,,,,,,,,,,,,1788.35,22.35344095
,,,,,,,,,,,,,1788.6,22.35509816
,,,,,,,,,,,,,1788.85,22.35675536
,,,,,,,,,,,,,1789.1,22.35841256
,,,,,,,,,,,,,1789.35,22.36006976
,,,,,,,,,,,,,1789.6,22.36172697
,,,,,,,,,,,,,1789.85,22.36338417
,,,,,,,,,,,,,1790.1,22.36504137
,,,,,,,,,,,,,1790.35,22.36669857
,,,,,,,,,,,,,1790.6,22.36835577
,,,,,,,,,,,,,1790.85,22.37001298
,,,,,,,,,,,,,1791.1,22.37167018
,,,,,,,,,,,,,1791.35,22.37332738
,,,,,,,,,,,,,1791.6,22.37498458
,,,,,,,,,,,,,1792.35,22.37995619
,,,,,,,,,,,,,1792.6,22.38161339
,,,,,,,,,,,,,1792.85,22.38327059
,,,,,,,,,,,,,1793.1,22.3849278
,,,,,,,,,,,,,1793.35,22.386585
,,,,,,,,,,,,,1793.6,22.3882422
,,,,,,,,,,,,,1793.85,22.3898994
,,,,,,,,,,,,,1794.35,22.39321381
,,,,,,,,,,,,,1794.6,22.39487101
,,,,,,,,,,,,,1794.85,22.39652821
,,,,,,,,,,,,,1795.1,22.39818541
,,,,,,,,,,,,,1795.35,22.39978925
,,,,,,,,,,,,,1795.6,22.40139308
,,,,,,,,,,,,,1795.85,22.40299692
,,,,,,,,,,,,,1796.1,22.40460075
,,,,,,,,,,,,,1796.35,22.40620458
,,,,,,,,,,,,,1796.6,22.40780842
,,,,,,,,,,,,,1796.85,22.40941225
,,,,,,,,,,,,,1797.35,22.41261992
,,,,,,,,,,,,,1797.6,22.41422375
,,,,,,,,,,,,,1797.85,22.41582758
,,,,,,,,,,,,,1798.1,22.41743142
,,,,,,,,,,,,,1798.35,22.41903525
,,,,,,,,,,,,,1798.85,22.42063908
,,,,,,,,,,,,,1799.1,22.42384675
,,,,,,,,,,,,,1799.35,22.42545058
,,,,,,,,,,,,,1799.6,22.42705442
,,,,,,,,,,,,,1799.85,22.42865825
,,,,,,,,,,,,,1800.45,22.43346975
,,,,,,,,,,,,,1800.7,22.43507359
,,,,,,,,,,,,,1800.95,22.43667742
,,,,,,,,,,,,,1801.2,22.43828125
,,,,,,,,,,,,,1801.45,22.43988509
,,,,,,,,,,,,,1801.7,22.44148892
,,,,,,,,,,,,,1801.95,22.44309275
,,,,,,,,,,,,,1802.2,22.44469659
,,,,,,,,,,,,,1802.45,22.44630042
,,,,,,,,,,,,,1802.7,22.44790425
,,,,,,,,,,,,,1802.95,22.44950809
,,,,,,,,,,,,,1803.2,22.45111192
,,,,,,,,,,,,,1803.45,22.45271575
,,,,,,,,,,,,,1803.7,22.45431959
,,,,,,,,,,,,,1803.95,22.45592342
,,,,,,,,,,,,,1804.45,22.45752726
,,,,,,,,,,,,,1805.45,22.45913109
,,,,,,,,,,,,,1805.7,22.46715026
,,,,,,,,,,,,,1805.95,22.46875409
,,,,,,,,,,,,,1806.2,22.47035792
,,,,,,,,,,,,,1806.45,22.47196176
,,,,,,,,,,,,,1806.7,22.47356559
,,,,,,,,,,,,,1806.95,22.47516942
,,,,,,,,,,,,,1807.2,22.47677326
,,,,,,,,,,,,,1807.45,22.47837709
,,,,,,,,,,,,,1807.7,22.47998092
,,,,,,,,,,,,,1807.95,22.48158476
,,,,,,,,,,,,,1808.2,22.48318859
,,,,,,,,,,,,,1808.45,22.48479243
,,,,,,,,,,,,,1808.7,22.48639626
,,,,,,,,,,,,,1808.95,22.48800009
,,,,,,,,,,,,,1809.2,22.48960393
,,,,,,,,,,,,,1809.45,22.49120776
,,,,,,,,,,,,,1809.7,22.49281159
,,,,,,,,,,,,,1809.95,22.49441543
,,,,,,,,,,,,,1810.2,22.49601926
,,,,,,,,,,,,,1810.45,22.49762309
,,,,,,,,,,,,,1810.7,22.49922693
,,,,,,,,,,,,,1810.95,22.50083076
,,,,,,,,,,,,,1811.2,22.50243459
,,,,,,,,,,,,,1811.45,22.50403843
,,,,,,,,,,,,,1811.7,22.50564226
,,,,,,,,,,,,,1811.95,22.5072461
,,,,,,,,,,,,,1812.2,22.50884993
,,,,,,,,,,,,,1812.45,22.51045376
,,,,,,,,,,,,,1812.7,22.5120576
,,,,,,,,,,,,,1812.95,22.51366143
,,,,,,,,,,,,,1813.2,22.51526526
,,,,,,,,,,,,,1813.45,22.5168691
,,,,,,,,,,,,,1813.7,22.51847293
,,,,,,,,,,,,,1813.95,22.52007676
,,,,,,,,,,,,,1814.2,22.5216806
,,,,,,,,,,,,,1814.45,22.52328443
,,,,,,,,,,,,,1814.7,22.52488826
,,,,,,,,,,,,,1814.95,22.5264921
,,,,,,,,,,,,,1815.2,22.52813137
,,,,,,,,,,,,,1815.45,22.52977064
,,,,,,,,,,,,,1815.7,22.53140992
,,,,,,,,,,,,,1816.2,22.53468846
,,,,,,,,,,,,,1816.45,22.53632774
,,,,,,,,,,,,,1816.7,22.53796701
,,,,,,,,,,,,,1816.95,22.53960628
,,,,,,,,,,,,,1817.2,22.54124556
,,,,,,,,,,,,,1817.45,22.54288483
,,,,,,,,,,,,,1817.7,22.5445241
,,,,,,,,,,,,,1817.95,22.54616337
,,,,,,,,,,,,,1818.2,22.54780265
,,,,,,,,,,,,,1818.45,22.54944192
,,,,,,,,,,,,,1818.7,22.55108119
,,,,,,,,,,,,,1818.95,22.55272047
,,,,,,,,,,,,,1819.2,22.55435974
,,,,,,,,,,,,,1819.45,22.55599901
,,,,,,,,,,,,,1819.7,22.55763829
,,,,,,,,,,,,,1819.95,22.55927756
,,,,,,,,,,,,,1820.2,22.56091683
,,,,,,,,,,,,,1820.45,22.56255611
,,,,,,,,,,,,,1820.7,22.56419538
,,,,,,,,,,,,,1820.95,22.56583465
,,,,,,,,,,,,,1821.2,22.56747392
,,,,,,,,,,,,,1821.45,22.5691132
,,,,,,,,,,,,,1821.7,22.57075247
,,,,,,,,,,,,,1821.95,22.57239174
,,,,,,,,,,,,,1822.2,22.57403102
,,,,,,,,,,,,,1822.45,22.57567029
,,,,,,,,,,,,,1822.7,22.57730956
,,,,,,,,,,,,,1822.95,22.57894884
,,,,,,,,,,,,,1823.2,22.58058811
,,,,,,,,,,,,,1823.45,22.58222738
,,,,,,,,,,,,,1823.7,22.58386665
,,,,,,,,,,,,,1823.95,22.58550593
,,,,,,,,,,,,,1824.2,22.5871452
,,,,,,,,,,,,,1824.45,22.58878447
,,,,,,,,,,,,,1824.7,22.59042375
,,,,,,,,,,,,,1824.95,22.59206302
,,,,,,,,,,,,,1825.2,22.59370229
,,,,,,,,,,,,,1825.45,22.59534157
,,,,,,,,,,,,,1825.7,22.59698084
,,,,,,,,,,,,,1825.95,22.59862011
,,,,,,,,,,,,,1826.2,22.60025939
,,,,,,,,,,,,,1826.45,22.60189866
,,,,,,,,,,,,,1826.7,22.60353793
,,,,,,,,,,,,,1826.95,22.6051772
,,,,,,,,,,,,,1827.2,22.60681648
,,,,,,,,,,,,,1827.45,22.60845575
,,,,,,,,,,,,,1827.7,22.61009502
,,,,,,,,,,,,,1827.95,22.6117343
,,,,,,,,,,,,,1828.2,22.61337357
,,,,,,,,,,,,,1828.45,22.61501284
,,,,,,,,,,,,,1828.7,22.61665212
,,,,,,,,,,,,,1828.95,22.61829139
,,,,,,,,,,,,,1829.2,22.61993066
,,,,,,,,,,,,,1829.45,22.62156994
,,,,,,,,,,,,,1829.7,22.62320921
,,,,,,,,,,,,,1829.95,22.62484848
,,,,,,,,,,,,,1830.2,22.62648775
,,,,,,,,,,,,,1830.45,22.62812703
,,,,,,,,,,,,,1830.7,22.6297663
,,,,,,,,,,,,,1830.95,22.63140557
,,,,,,,,,,,,,1831.2,22.63304485
,,,,,,,,,,,,,1831.45,22.63468412
,,,,,,,,,,,,,1831.7,22.63632339
,,,,,,,,,,,,,1831.95,22.63796267
,,,,,,,,,,,,,1832.2,22.63960194
,,,,,,,,,,,,,1832.45,22.64124121
,,,,,,,,,,,,,1832.7,22.64288049
,,,,,,,,,,,,,1832.95,22.64451976
,,,,,,,,,,,,,1833.2,22.64615903
,,,,,,,,,,,,,1833.45,22.6477983
,,,,,,,,,,,,,1833.95,22.64943758
,,,,,,,,,,,,,1834.2,22.65271612
,,,,,,,,,,,,,1834.45,22.6543554
,,,,,,,,,,,,,1834.7,22.65599467
,,,,,,,,,,,,,1834.95,22.65763394
,,,,,,,,,,,,,1835.2,22.6593163
,,,,,,,,,,,,,1835.45,22.66099865
,,,,,,,,,,,,,1835.7,22.662681
,,,,,,,,,,,,,1835.95,22.66436336
,,,,,,,,,,,,,1836.2,22.66604571
,,,,,,,,,,,,,1836.45,22.66772806
,,,,,,,,,,,,,1836.7,22.66941042
,,,,,,,,,,,,,1836.95,22.67109277
,,,,,,,,,,,,,1837.2,22.67277512
,,,,,,,,,,,,,1837.45,22.67445748
,,,,,,,,,,,,,1837.7,22.67613983
,,,,,,,,,,,,,1837.95,22.67782218
,,,,,,,,,,,,,1838.2,22.67950454
,,,,,,,,,,,,,1838.45,22.68118689
,,,,,,,,,,,,,1838.7,22.68286924
,,,,,,,,,,,,,1838.95,22.6845516
,,,,,,,,,,,,,1839.2,22.68623395
,,,,,,,,,,,,,1839.45,22.6879163
,,,,,,,,,,,,,1839.7,22.68959865
,,,,,,,,,,,,,1839.95,22.69128101
,,,,,,,,,,,,,1840.2,22.69296336
,,,,,,,,,,,,,1840.45,22.69464571
,,,,,,,,,,,,,1840.7,22.69632807
,,,,,,,,,,,,,1840.95,22.69801042
,,,,,,,,,,,,,1841.2,22.69969277
,,,,,,,,,,,,,1841.45,22.70137513
,,,,,,,,,,,,,1841.7,22.70305748
,,,,,,,,,,,,,1841.95,22.70473983
,,,,,,,,,,,,,1842.2,22.70642219
,,,,,,,,,,,,,1842.45,22.70810454
,,,,,,,,,,,,,1842.7,22.70978689
,,,,,,,,,,,,,1842.95,22.71146925
,,,,,,,,,,,,,1843.2,22.7131516
,,,,,,,,,,,,,1843.45,22.71483395
,,,,,,,,,,,,,1843.7,22.71651631
,,,,,,,,,,,,,1843.95,22.71819866
,,,,,,,,,,,,,1844.45,22.72156337
,,,,,,,,,,,,,1844.7,22.72324572
,,,,,,,,,,,,,1844.95,22.72492807
,,,,,,,,,,,,,1845.2,22.72661043
,,,,,,,,,,,,,1845.45,22.72829278
,,,,,,,,,,,,,1845.7,22.72997513
,,,,,,,,,,,,,1845.95,22.73165749
,,,,,,,,,,,,,1846.2,22.73333984
,,,,,,,,,,,,,1846.45,22.73502219
,,,,,,,,,,,,,1846.7,22.73670455
,,,,,,,,,,,,,1846.95,22.7383869
,,,,,,,,,,,,,1847.2,22.74006925
,,,,,,,,,,,,,1847.45,22.74175161
,,,,,,,,,,,,,1847.7,22.74343396
,,,,,,,,,,,,,1847.95,22.74511631
,,,,,,,,,,,,,1848.2,22.74679867
,,,,,,,,,,,,,1848.45,22.74848102
,,,,,,,,,,,,,1848.7,22.75016337
,,,,,,,,,,,,,1848.95,22.75184573
,,,,,,,,,,,,,1849.2,22.75352808
,,,,,,,,,,,,,1849.45,22.75521043
,,,,,,,,,,,,,1849.7,22.75689279
,,,,,,,,,,,,,1849.95,22.75857514
,,,,,,,,,,,,,1850.2,22.76025749
,,,,,,,,,,,,,1850.45,22.76193985
,,,,,,,,,,,,,1850.7,22.7636222
,,,,,,,,,,,,,1850.95,22.76530455
,,,,,,,,,,,,,1851.2,22.76698691
,,,,,,,,,,,,,1851.45,22.76866926
,,,,,,,,,,,,,1851.7,22.77035161
,,,,,,,,,,,,,1851.95,22.77203396
,,,,,,,,,,,,,1852.2,22.77371632
,,,,,,,,,,,,,1852.45,22.77539867
,,,,,,,,,,,,,1852.7,22.77708102
,,,,,,,,,,,,,1852.95,22.77876338
,,,,,,,,,,,,,1853.2,22.78044573
,,,,,,,,,,,,,1853.45,22.78212808
,,,,,,,,,,,,,1853.7,22.78381044
,,,,,,,,,,,,,1853.95,22.78549279
,,,,,,,,,,,,,1854.2,22.78717514
,,,,,,,,,,,,,1854.45,22.7888575
,,,,,,,,,,,,,1854.7,22.79053985
,,,,,,,,,,,,,1854.95,22.7922222
,,,,,,,,,,,,,1855.2,22.79392904
,,,,,,,,,,,,,1855.45,22.79563589
,,,,,,,,,,,,,1855.7,22.79734273
,,,,,,,,,,,,,1855.95,22.79904957
,,,,,,,,,,,,,1856.2,22.80075641
,,,,,,,,,,,,,1856.45,22.80246325
,,,,,,,,,,,,,1856.95,22.80587693
,,,,,,,,,,,,,1857.2,22.80758377
,,,,,,,,,,,,,1857.45,22.80929061
,,,,,,,,,,,,,1857.7,22.81099745
,,,,,,,,,,,,,1857.95,22.81270429
,,,,,,,,,,,,,1858.2,22.81441113
,,,,,,,,,,,,,1858.45,22.81611797
,,,,,,,,,,,,,1858.7,22.81782481
,,,,,,,,,,,,,1858.95,22.81953166
,,,,,,,,,,,,,1859.2,22.8212385
,,,,,,,,,,,,,1859.45,22.82294534
,,,,,,,,,,,,,1859.7,22.82465218
,,,,,,,,,,,,,1859.95,22.82635902
,,,,,,,,,,,,,1860.2,22.82806586
,,,,,,,,,,,,,1860.45,22.8297727
,,,,,,,,,,,,,1860.7,22.83147954
,,,,,,,,,,,,,1860.95,22.83318638
,,,,,,,,,,,,,1861.2,22.83489322
,,,,,,,,,,,,,1861.45,22.83660006
,,,,,,,,,,,,,1861.7,22.8383069
,,,,,,,,,,,,,1861.95,22.84001374
,,,,,,,,,,,,,1862.2,22.84172059
,,,,,,,,,,,,,1862.45,22.84342743
,,,,,,,,,,,,,1862.7,22.84513427
,,,,,,,,,,,,,1862.95,22.84684111
,,,,,,,,,,,,,1863.2,22.84854795
,,,,,,,,,,,,,1863.45,22.85025479
,,,,,,,,,,,,,1863.7,22.85196163
,,,,,,,,,,,,,1863.95,22.85366847
,,,,,,,,,,,,,1864.2,22.85537531
,,,,,,,,,,,,,1864.45,22.85708215
,,,,,,,,,,,,,1864.7,22.85878899
,,,,,,,,,,,,,1864.95,22.86049583
,,,,,,,,,,,,,1865.2,22.86220267
,,,,,,,,,,,,,1865.45,22.86390951
,,,,,,,,,,,,,1865.7,22.86561636
,,,,,,,,,,,,,1865.95,22.8673232
,,,,,,,,,,,,,1866.2,22.86903004
,,,,,,,,,,,,,1866.45,22.87073688
,,,,,,,,,,,,,1866.7,22.87244372
,,,,,,,,,,,,,1866.95,22.87415056
,,,,,,,,,,,,,1867.2,22.8758574
,,,,,,,,,,,,,1867.45,22.87756424
,,,,,,,,,,,,,1867.7,22.87927108
,,,,,,,,,,,,,1867.95,22.88097792
,,,,,,,,,,,,,1868.2,22.88268476
,,,,,,,,,,,,,1868.45,22.8843916
,,,,,,,,,,,,,1868.7,22.88609844
,,,,,,,,,,,,,1868.95,22.88780529
,,,,,,,,,,,,,1869.2,22.88951213
,,,,,,,,,,,,,1869.45,22.89121897
,,,,,,,,,,,,,1869.7,22.89292581
,,,,,,,,,,,,,1869.95,22.89463265
,,,,,,,,,,,,,1870.2,22.89633949
,,,,,,,,,,,,,1870.45,22.89804633
,,,,,,,,,,,,,1870.7,22.89975317
,,,,,,,,,,,,,1870.95,22.90146001
,,,,,,,,,,,,,1871.2,22.90316685
,,,,,,,,,,,,,1871.45,22.90487369
,,,,,,,,,,,,,1871.7,22.90658053
,,,,,,,,,,,,,1871.95,22.90828737
,,,,,,,,,,,,,1872.2,22.90999421
,,,,,,,,,,,,,1872.45,22.91170106
,,,,,,,,,,,,,1872.7,22.9134079
,,,,,,,,,,,,,1872.95,22.91511474
,,,,,,,,,,,,,1873.2,22.91682158
,,,,,,,,,,,,,1873.45,22.91852842
,,,,,,,,,,,,,1873.7,22.92023526
,,,,,,,,,,,,,1873.95,22.9219421
,,,,,,,,,,,,,1874.7,22.92706262
,,,,,,,,,,,,,1874.95,22.92876946
,,,,,,,,,,,,,1875.2,22.93049795
,,,,,,,,,,,,,1875.45,22.93222643
,,,,,,,,,,,,,1875.7,22.93395492
,,,,,,,,,,,,,1875.95,22.9356834
,,,,,,,,,,,,,1876.2,22.93741188
,,,,,,,,,,,,,1876.45,22.93914037
,,,,,,,,,,,,,1876.7,22.94086885
,,,,,,,,,,,,,1876.95,22.94259734
,,,,,,,,,,,,,1877.2,22.94432582
,,,,,,,,,,,,,1877.45,22.94605431
,,,,,,,,,,,,,1877.7,22.94778279
,,,,,,,,,,,,,1877.95,22.94951128
,,,,,,,,,,,,,1878.2,22.95123976
,,,,,,,,,,,,,1878.45,22.95296824
,,,,,,,,,,,,,1878.7,22.95469673
,,,,,,,,,,,,,1878.95,22.95642521
,,,,,,,,,,,,,1879.2,22.9581537
,,,,,,,,,,,,,1879.45,22.95988218
,,,,,,,,,,,,,1879.7,22.96161067
,,,,,,,,,,,,,1879.95,22.96333915
,,,,,,,,,,,,,1880.2,22.96506764
,,,,,,,,,,,,,1880.45,22.96679612
,,,,,,,,,,,,,1880.7,22.96852461
,,,,,,,,,,,,,1880.95,22.97025309
,,,,,,,,,,,,,1881.2,22.97198157
,,,,,,,,,,,,,1881.45,22.97371006
,,,,,,,,,,,,,1881.7,22.97543854
,,,,,,,,,,,,,1881.95,22.97716703
,,,,,,,,,,,,,1882.2,22.97889551
,,,,,,,,,,,,,1882.45,22.980624
,,,,,,,,,,,,,1882.7,22.98235248
,,,,,,,,,,,,,1882.95,22.98408097
,,,,,,,,,,,,,1883.2,22.98580945
,,,,,,,,,,,,,1883.45,22.98753793
,,,,,,,,,,,,,1883.7,22.98926642
,,,,,,,,,,,,,1883.95,22.9909949
,,,,,,,,,,,,,1884.2,22.99272339
,,,,,,,,,,,,,1884.45,22.99445187
,,,,,,,,,,,,,1884.7,22.99618036
,,,,,,,,,,,,,1884.95,22.99790884
,,,,,,,,,,,,,1885.2,22.99963733
,,,,,,,,,,,,,1885.45,23.00136581
,,,,,,,,,,,,,1885.7,23.00309429
,,,,,,,,,,,,,1885.95,23.00482278
,,,,,,,,,,,,,1886.2,23.00655126
,,,,,,,,,,,,,1886.45,23.00827975
,,,,,,,,,,,,,1886.7,23.01000823
,,,,,,,,,,,,,1886.95,23.01173672
,,,,,,,,,,,,,1887.2,23.0134652
,,,,,,,,,,,,,1887.45,23.01519369
,,,,,,,,,,,,,1887.7,23.01692217
,,,,,,,,,,,,,1887.95,23.01865065
,,,,,,,,,,,,,1888.2,23.02037914
,,,,,,,,,,,,,1888.45,23.02210762
,,,,,,,,,,,,,1888.7,23.02383611
,,,,,,,,,,,,,1888.95,23.02556459
,,,,,,,,,,,,,1889.2,23.02729308
,,,,,,,,,,,,,1889.45,23.02902156
,,,,,,,,,,,,,1889.7,23.03075005
,,,,,,,,,,,,,1889.95,23.03247853
,,,,,,,,,,,,,1890.2,23.03420701
,,,,,,,,,,,,,1890.45,23.0359355
,,,,,,,,,,,,,1890.7,23.03766398
,,,,,,,,,,,,,1890.95,23.03939247
,,,,,,,,,,,,,1891.2,23.04112095
,,,,,,,,,,,,,1891.45,23.04284944
,,,,,,,,,,,,,1891.7,23.04457792
,,,,,,,,,,,,,1891.95,23.04630641
,,,,,,,,,,,,,1892.2,23.04803489
,,,,,,,,,,,,,1892.45,23.04976337
,,,,,,,,,,,,,1892.7,23.05149186
,,,,,,,,,,,,,1892.95,23.05322034
,,,,,,,,,,,,,1893.2,23.05494883
,,,,,,,,,,,,,1893.45,23.05667731
,,,,,,,,,,,,,1893.7,23.0584058
,,,,,,,,,,,,,1893.95,23.06013428
,,,,,,,,,,,,,1894.2,23.06186277
,,,,,,,,,,,,,1894.45,23.06359125
,,,,,,,,,,,,,1894.7,23.06531973
,,,,,,,,,,,,,1894.95,23.06704822
,,,,,,,,,,,,,1895.2,23.06883265
,,,,,,,,,,,,,1895.45,23.07061709
,,,,,,,,,,,,,1895.7,23.07240152
,,,,,,,,,,,,,1895.95,23.07418596
,,,,,,,,,,,,,1896.2,23.07597039
,,,,,,,,,,,,,1896.45,23.07775483
,,,,,,,,,,,,,1896.7,23.07953926
,,,,,,,,,,,,,1896.95,23.0813237
,,,,,,,,,,,,,1897.2,23.08310813
,,,,,,,,,,,,,1897.45,23.08489257
,,,,,,,,,,,,,1897.7,23.086677
,,,,,,,,,,,,,1897.95,23.08846144
,,,,,,,,,,,,,1898.2,23.09024587
,,,,,,,,,,,,,1898.45,23.09203031
,,,,,,,,,,,,,1898.7,23.09381474
,,,,,,,,,,,,,1899.2,23.09738361
,,,,,,,,,,,,,1899.45,23.09916805
,,,,,,,,,,,,,1899.7,23.10095248
,,,,,,,,,,,,,1899.95,23.10273692
,,,,,,,,,,,,,1900.2,23.10452135
,,,,,,,,,,,,,1900.45,23.10630579
,,,,,,,,,,,,,1900.7,23.10809022
,,,,,,,,,,,,,1900.95,23.10987466
,,,,,,,,,,,,,1901.2,23.11165909
,,,,,,,,,,,,,1901.45,23.11344353
,,,,,,,,,,,,,1901.7,23.11522796
,,,,,,,,,,,,,1901.95,23.11701239
,,,,,,,,,,,,,1902.2,23.11879683
,,,,,,,,,,,,,1902.45,23.12058126
,,,,,,,,,,,,,1902.7,23.1223657
,,,,,,,,,,,,,1902.95,23.12415013
,,,,,,,,,,,,,1903.2,23.12593457
,,,,,,,,,,,,,1903.45,23.127719
,,,,,,,,,,,,,1903.7,23.12950344
,,,,,,,,,,,,,1903.95,23.13128787
,,,,,,,,,,,,,1904.2,23.13307231
,,,,,,,,,,,,,1904.45,23.13485674
,,,,,,,,,,,,,1904.7,23.13664118
,,,,,,,,,,,,,1904.95,23.13842561
,,,,,,,,,,,,,1905.2,23.14021005
,,,,,,,,,,,,,1905.45,23.14199448
,,,,,,,,,,,,,1905.7,23.14377892
,,,,,,,,,,,,,1905.95,23.14556335
,,,,,,,,,,,,,1906.2,23.14734779
,,,,,,,,,,,,,1906.45,23.14913222
,,,,,,,,,,,,,1906.7,23.15091666
,,,,,,,,,,,,,1906.95,23.15270109
,,,,,,,,,,,,,1907.2,23.15448553
,,,,,,,,,,,,,1907.45,23.15626996
,,,,,,,,,,,,,1907.7,23.1580544
,,,,,,,,,,,,,1907.95,23.15983883
,,,,,,,,,,,,,1908.2,23.16162327
,,,,,,,,,,,,,1908.45,23.1634077
,,,,,,,,,,,,,1908.7,23.16519214
,,,,,,,,,,,,,1908.95,23.16697657
,,,,,,,,,,,,,1909.2,23.16876101
,,,,,,,,,,,,,1909.45,23.17054544
,,,,,,,,,,,,,1909.7,23.17232988
,,,,,,,,,,,,,1909.95,23.17411431
,,,,,,,,,,,,,1910.2,23.17589875
,,,,,,,,,,,,,1910.45,23.17768318
,,,,,,,,,,,,,1910.7,23.17946761
,,,,,,,,,,,,,1910.95,23.18125205
,,,,,,,,,,,,,1911.2,23.18303648
,,,,,,,,,,,,,1911.45,23.18482092
,,,,,,,,,,,,,1911.7,23.18660535
,,,,,,,,,,,,,1911.95,23.18838979
,,,,,,,,,,,,,1912.2,23.19017422
,,,,,,,,,,,,,1912.45,23.19195866
,,,,,,,,,,,,,1912.7,23.19374309
,,,,,,,,,,,,,1912.95,23.19552753
,,,,,,,,,,,,,1913.2,23.19731196
,,,,,,,,,,,,,1913.45,23.1990964
,,,,,,,,,,,,,1913.7,23.20088083
,,,,,,,,,,,,,1913.95,23.20266527
,,,,,,,,,,,,,1914.2,23.2044497
,,,,,,,,,,,,,1914.45,23.20623414
,,,,,,,,,,,,,1914.7,23.20801857
,,,,,,,,,,,,,1914.95,23.20980301
,,,,,,,,,,,,,1915.2,23.21148386
,,,,,,,,,,,,,1915.45,23.21316472
,,,,,,,,,,,,,1915.7,23.21484557
,,,,,,,,,,,,,1915.95,23.21652643
,,,,,,,,,,,,,1916.2,23.21820728
,,,,,,,,,,,,,1916.45,23.21988814
,,,,,,,,,,,,,1916.7,23.22156899
,,,,,,,,,,,,,1916.95,23.22324985
,,,,,,,,,,,,,1917.2,23.2249307
,,,,,,,,,,,,,1917.45,23.22661156
,,,,,,,,,,,,,1917.7,23.22829241
,,,,,,,,,,,,,1917.95,23.22997327
,,,,,,,,,,,,,1918.2,23.23165412
,,,,,,,,,,,,,1918.45,23.23333498
,,,,,,,,,,,,,1919.2,23.23837755
,,,,,,,,,,,,,1919.45,23.2400584
,,,,,,,,,,,,,1919.7,23.24173926
,,,,,,,,,,,,,1919.95,23.24342011
,,,,,,,,,,,,,1920.2,23.24510097
,,,,,,,,,,,,,1920.45,23.24678182
,,,,,,,,,,,,,1920.7,23.24846268
,,,,,,,,,,,,,1920.95,23.25014353
,,,,,,,,,,,,,1921.2,23.25182439
,,,,,,,,,,,,,1921.45,23.25350524
,,,,,,,,,,,,,1921.7,23.2551861
,,,,,,,,,,,,,1921.95,23.25686695
,,,,,,,,,,,,,1922.2,23.25854781
,,,,,,,,,,,,,1922.7,23.26190952
,,,,,,,,,,,,,1924.45,23.26695208
,,,,,,,,,,,,,1924.7,23.26863294
,,,,,,,,,,,,,1924.95,23.27703721
,,,,,,,,,,,,,1925.2,23.27871807
,,,,,,,,,,,,,1925.45,23.28039892
,,,,,,,,,,,,,1925.95,23.28376063
,,,,,,,,,,,,,1926.7,23.2888032
,,,,,,,,,,,,,1926.95,23.29048405
,,,,,,,,,,,,,1927.2,23.29216491
,,,,,,,,,,,,,1927.45,23.29384576
,,,,,,,,,,,,,1927.7,23.29552662
,,,,,,,,,,,,,1927.95,23.29720748
,,,,,,,,,,,,,1928.2,23.29888833
,,,,,,,,,,,,,1928.45,23.30056919
,,,,,,,,,,,,,1928.7,23.30225004
,,,,,,,,,,,,,1928.95,23.3039309
,,,,,,,,,,,,,1929.2,23.30561175
,,,,,,,,,,,,,1929.45,23.30729261
,,,,,,,,,,,,,1929.7,23.30897346
,,,,,,,,,,,,,1929.95,23.31065432
,,,,,,,,,,,,,1930.2,23.31233517
,,,,,,,,,,,,,1930.45,23.31401603
,,,,,,,,,,,,,1930.7,23.31569688
,,,,,,,,,,,,,1930.95,23.31737774
,,,,,,,,,,,,,1931.2,23.31905859
,,,,,,,,,,,,,1931.45,23.32073945
,,,,,,,,,,,,,1931.7,23.3224203
,,,,,,,,,,,,,1931.95,23.32410116
,,,,,,,,,,,,,1932.2,23.32578201
,,,,,,,,,,,,,1932.45,23.32746287
,,,,,,,,,,,,,1932.7,23.32914372
,,,,,,,,,,,,,1932.95,23.33082458
,,,,,,,,,,,,,1933.2,23.33250543
,,,,,,,,,,,,,1933.45,23.33418629
,,,,,,,,,,,,,1933.7,23.33586714
,,,,,,,,,,,,,1933.95,23.337548
,,,,,,,,,,,,,1934.2,23.33922885
,,,,,,,,,,,,,1934.45,23.34090971
,,,,,,,,,,,,,1934.7,23.34259056
,,,,,,,,,,,,,1934.95,23.34427142
,,,,,,,,,,,,,1935.2,23.34598775
,,,,,,,,,,,,,1935.45,23.34770407
,,,,,,,,,,,,,1935.7,23.3494204
,,,,,,,,,,,,,1936.2,23.35285305
,,,,,,,,,,,,,1936.45,23.35456938
,,,,,,,,,,,,,1936.7,23.35628571
,,,,,,,,,,,,,1936.95,23.35800203
,,,,,,,,,,,,,1937.2,23.35971836
,,,,,,,,,,,,,1937.45,23.36143469
,,,,,,,,,,,,,1937.7,23.36315101
,,,,,,,,,,,,,1937.95,23.36486734
,,,,,,,,,,,,,1938.2,23.36658367
,,,,,,,,,,,,,1938.45,23.36829999
,,,,,,,,,,,,,1938.7,23.37001632
,,,,,,,,,,,,,1939.2,23.37344898
,,,,,,,,,,,,,1939.45,23.3751653
,,,,,,,,,,,,,1939.95,23.37859796
,,,,,,,,,,,,,1940.2,23.38031428
,,,,,,,,,,,,,1940.45,23.38203061
,,,,,,,,,,,,,1940.7,23.38374694
,,,,,,,,,,,,,1940.95,23.38546326
,,,,,,,,,,,,,1941.2,23.38717959
,,,,,,,,,,,,,1941.45,23.38889592
,,,,,,,,,,,,,1941.7,23.39061224
,,,,,,,,,,,,,1941.95,23.39232857
,,,,,,,,,,,,,1942.2,23.3940449
,,,,,,,,,,,,,1942.45,23.39576122
,,,,,,,,,,,,,1942.7,23.39747755
,,,,,,,,,,,,,1942.95,23.39919388
,,,,,,,,,,,,,1943.2,23.4009102
,,,,,,,,,,,,,1943.45,23.40262653
,,,,,,,,,,,,,1943.7,23.40434286
,,,,,,,,,,,,,1943.95,23.40605918
,,,,,,,,,,,,,1944.2,23.40777551
,,,,,,,,,,,,,1944.45,23.40949184
,,,,,,,,,,,,,1944.7,23.41120817
,,,,,,,,,,,,,1944.95,23.41292449
,,,,,,,,,,,,,1945.2,23.41464082
,,,,,,,,,,,,,1945.45,23.41635715
,,,,,,,,,,,,,1945.95,23.4197898
,,,,,,,,,,,,,1946.2,23.42150613
,,,,,,,,,,,,,1946.45,23.42322245
,,,,,,,,,,,,,1946.7,23.42493878
,,,,,,,,,,,,,1946.95,23.42665511
,,,,,,,,,,,,,1947.2,23.42837143
,,,,,,,,,,,,,1947.45,23.43008776
,,,,,,,,,,,,,1947.7,23.43180409
,,,,,,,,,,,,,1948.45,23.43695307
,,,,,,,,,,,,,1948.7,23.43866939
,,,,,,,,,,,,,1948.95,23.44038572
,,,,,,,,,,,,,1949.2,23.44210205
,,,,,,,,,,,,,1949.45,23.44381837
,,,,,,,,,,,,,1949.7,23.4455347
,,,,,,,,,,,,,1950.35,23.44896736
,,,,,,,,,,,,,1950.6,23.45068368
,,,,,,,,,,,,,1950.85,23.45240001
,,,,,,,,,,,,,1951.1,23.45411634
,,,,,,,,,,,,,1951.35,23.45583266
,,,,,,,,,,,,,1951.6,23.45754899
,,,,,,,,,,,,,1952.1,23.46098164
,,,,,,,,,,,,,1952.35,23.46269797
,,,,,,,,,,,,,1952.6,23.4644143
,,,,,,,,,,,,,1952.85,23.46613062
,,,,,,,,,,,,,1953.1,23.46784695
,,,,,,,,,,,,,1953.35,23.46956328
,,,,,,,,,,,,,1953.6,23.4712796
,,,,,,,,,,,,,1953.85,23.47299593
,,,,,,,,,,,,,1954.1,23.47471226
,,,,,,,,,,,,,1954.35,23.47642858
,,,,,,,,,,,,,1954.6,23.47814491
,,,,,,,,,,,,,1954.85,23.47986124
,,,,,,,,,,,,,1955.1,23.48157756
,,,,,,,,,,,,,1955.35,23.48381587
,,,,,,,,,,,,,1955.6,23.48605417
,,,,,,,,,,,,,1955.85,23.48829248
,,,,,,,,,,,,,1956.1,23.49053078
,,,,,,,,,,,,,1956.35,23.49276908
,,,,,,,,,,,,,1956.6,23.49500739
,,,,,,,,,,,,,1956.85,23.49724569
,,,,,,,,,,,,,1957.1,23.49948399
,,,,,,,,,,,,,1957.35,23.5017223
,,,,,,,,,,,,,1957.6,23.5039606
,,,,,,,,,,,,,1957.85,23.5061989
,,,,,,,,,,,,,1958.1,23.50843721
,,,,,,,,,,,,,1958.35,23.51067551
,,,,,,,,,,,,,1958.6,23.51291381
,,,,,,,,,,,,,1958.85,23.51515212
,,,,,,,,,,,,,1959.1,23.51739042
,,,,,,,,,,,,,1959.35,23.51962872
,,,,,,,,,,,,,1959.6,23.52186703
,,,,,,,,,,,,,1959.85,23.52410533
,,,,,,,,,,,,,1960.1,23.52634363
,,,,,,,,,,,,,1960.35,23.52858194
,,,,,,,,,,,,,1960.6,23.53082024
,,,,,,,,,,,,,1960.85,23.53305855
,,,,,,,,,,,,,1961.1,23.53529685
,,,,,,,,,,,,,1961.35,23.53753515
,,,,,,,,,,,,,1961.6,23.53977346
,,,,,,,,,,,,,1961.85,23.54201176
,,,,,,,,,,,,,1962.1,23.54425006
,,,,,,,,,,,,,1962.35,23.54648837
,,,,,,,,,,,,,1962.6,23.54872667
,,,,,,,,,,,,,1962.85,23.55096497
,,,,,,,,,,,,,1963.1,23.55320328
,,,,,,,,,,,,,1963.35,23.55544158
,,,,,,,,,,,,,1963.6,23.55767988
,,,,,,,,,,,,,1963.85,23.55991819
,,,,,,,,,,,,,1964.1,23.56215649
,,,,,,,,,,,,,1964.35,23.56439479
,,,,,,,,,,,,,1964.6,23.5666331
,,,,,,,,,,,,,1964.85,23.5688714
,,,,,,,,,,,,,1965.1,23.57110971
,,,,,,,,,,,,,1965.35,23.57334801
,,,,,,,,,,,,,1965.6,23.57558631
,,,,,,,,,,,,,1965.85,23.57782462
,,,,,,,,,,,,,1966.1,23.58006292
,,,,,,,,,,,,,1966.35,23.58230122
,,,,,,,,,,,,,1966.6,23.58453953
,,,,,,,,,,,,,1966.85,23.58677783
,,,,,,,,,,,,,1967.1,23.58901613
,,,,,,,,,,,,,1967.35,23.59125444
,,,,,,,,,,,,,1967.6,23.59349274
,,,,,,,,,,,,,1967.85,23.59573104
,,,,,,,,,,,,,1968.1,23.59796935
,,,,,,,,,,,,,1968.35,23.60020765
,,,,,,,,,,,,,1968.6,23.60244595
,,,,,,,,,,,,,1968.85,23.60468426
,,,,,,,,,,,,,1969.1,23.60692256
,,,,,,,,,,,,,1969.35,23.60916087
,,,,,,,,,,,,,1969.6,23.61139917
,,,,,,,,,,,,,1969.85,23.61363747
,,,,,,,,,,,,,1970.1,23.61587578
,,,,,,,,,,,,,1970.35,23.61811408
,,,,,,,,,,,,,1970.6,23.62035238
,,,,,,,,,,,,,1970.85,23.62259069
,,,,,,,,,,,,,1971.1,23.62482899
,,,,,,,,,,,,,1971.35,23.62706729
,,,,,,,,,,,,,1971.6,23.6293056
,,,,,,,,,,,,,1972.35,23.63602051
,,,,,,,,,,,,,1972.6,23.63825881
,,,,,,,,,,,,,1972.85,23.64049711
,,,,,,,,,,,,,1973.1,23.64273542
,,,,,,,,,,,,,1973.35,23.64497372
,,,,,,,,,,,,,1973.85,23.64945033
,,,,,,,,,,,,,1974.1,23.65168863
,,,,,,,,,,,,,1974.35,23.65392694
,,,,,,,,,,,,,1974.6,23.65616524
,,,,,,,,,,,,,1975.1,23.66064185
,,,,,,,,,,,,,1975.35,23.66313542
,,,,,,,,,,,,,1975.6,23.66562899
,,,,,,,,,,,,,1975.85,23.66812257
,,,,,,,,,,,,,1976.35,23.67310971
,,,,,,,,,,,,,1976.85,23.67809686
,,,,,,,,,,,,,1977.1,23.68059043
,,,,,,,,,,,,,1977.35,23.68308401
,,,,,,,,,,,,,1977.6,23.68557758
,,,,,,,,,,,,,1977.85,23.68807116
,,,,,,,,,,,,,1978.1,23.69056473
,,,,,,,,,,,,,1978.35,23.6930583
,,,,,,,,,,,,,1978.6,23.69555188
,,,,,,,,,,,,,1978.85,23.69804545
,,,,,,,,,,,,,1979.1,23.70053902
,,,,,,,,,,,,,1979.35,23.7030326
,,,,,,,,,,,,,1979.85,23.70552617
,,,,,,,,,,,,,1980.1,23.70801974
,,,,,,,,,,,,,1980.35,23.71300689
,,,,,,,,,,,,,1980.6,23.71550046
,,,,,,,,,,,,,1980.85,23.71799404
,,,,,,,,,,,,,1981.1,23.72048761
,,,,,,,,,,,,,1981.35,23.72298118
,,,,,,,,,,,,,1981.6,23.72547476
,,,,,,,,,,,,,1981.85,23.72796833
,,,,,,,,,,,,,1982.1,23.73046191
,,,,,,,,,,,,,1982.35,23.73295548
,,,,,,,,,,,,,1982.6,23.73544905
,,,,,,,,,,,,,1982.85,23.73794263
,,,,,,,,,,,,,1983.1,23.7404362
,,,,,,,,,,,,,1984.35,23.74292977
,,,,,,,,,,,,,1984.6,23.74542335
,,,,,,,,,,,,,1984.85,23.74791692
,,,,,,,,,,,,,1985.1,23.76038479
,,,,,,,,,,,,,1985.35,23.76287836
,,,,,,,,,,,,,1985.6,23.76537194
,,,,,,,,,,,,,1985.85,23.76786551
,,,,,,,,,,,,,1986.1,23.77035908
,,,,,,,,,,,,,1986.35,23.77285266
,,,,,,,,,,,,,1986.6,23.77534623
,,,,,,,,,,,,,1986.85,23.7778398
,,,,,,,,,,,,,1987.1,23.78033338
,,,,,,,,,,,,,1987.35,23.78282695
,,,,,,,,,,,,,1987.6,23.78532052
,,,,,,,,,,,,,1987.85,23.7878141
,,,,,,,,,,,,,1988.1,23.79030767
,,,,,,,,,,,,,1988.35,23.79280124
,,,,,,,,,,,,,1988.6,23.79529482
,,,,,,,,,,,,,1988.85,23.79778839
,,,,,,,,,,,,,1989.1,23.80028196
,,,,,,,,,,,,,1989.35,23.80277554
,,,,,,,,,,,,,1989.6,23.80526911
,,,,,,,,,,,,,1990.1,23.81025626
,,,,,,,,,,,,,1990.35,23.81274983
,,,,,,,,,,,,,1990.6,23.81524341
,,,,,,,,,,,,,1990.85,23.81773698
,,,,,,,,,,,,,1991.1,23.82023055
,,,,,,,,,,,,,1991.35,23.82272413
,,,,,,,,,,,,,1991.6,23.8252177
,,,,,,,,,,,,,1991.85,23.82771127
,,,,,,,,,,,,,1992.1,23.83020485
,,,,,,,,,,,,,1992.35,23.83269842
,,,,,,,,,,,,,1992.6,23.83519199
,,,,,,,,,,,,,1992.85,23.83768557
,,,,,,,,,,,,,1993.1,23.84017914
,,,,,,,,,,,,,1993.35,23.84267272
,,,,,,,,,,,,,1993.85,23.84765986
,,,,,,,,,,,,,1994.1,23.85015344
,,,,,,,,,,,,,1994.35,23.85264701
,,,,,,,,,,,,,1994.6,23.85514058
,,,,,,,,,,,,,1994.85,23.85763416
,,,,,,,,,,,,,1995.1,23.86012773
,,,,,,,,,,,,,1995.35,23.8626626
,,,,,,,,,,,,,1995.6,23.86519748
,,,,,,,,,,,,,1997.1,23.88040671
,,,,,,,,,,,,,1997.35,23.88294159
,,,,,,,,,,,,,1998.1,23.89054621
,,,,,,,,,,,,,1998.35,23.89308108
,,,,,,,,,,,,,1998.6,23.89561595
,,,,,,,,,,,,,1998.85,23.89815082
,,,,,,,,,,,,,1999.35,23.90322057
,,,,,,,,,,,,,1999.6,23.90575544
,,,,,,,,,,,,,2000.1,23.91082519
,,,,,,,,,,,,,2000.35,23.91336006
,,,,,,,,,,,,,2000.85,23.91842981
,,,,,,,,,,,,,2001.1,23.92096468
,,,,,,,,,,,,,2001.35,23.92349955
,,,,,,,,,,,,,2001.6,23.92603443
,,,,,,,,,,,,,2001.85,23.9285693
,,,,,,,,,,,,,2002.1,23.93110417
,,,,,,,,,,,,,2002.35,23.93363904
,,,,,,,,,,,,,2002.6,23.93617392
,,,,,,,,,,,,,2003.1,23.94124366
,,,,,,,,,,,,,2003.35,23.94377854
,,,,,,,,,,,,,2004.1,23.95138316
,,,,,,,,,,,,,2004.6,23.9564529
,,,,,,,,,,,,,2004.85,23.95898777
,,,,,,,,,,,,,2005.1,23.96152265
,,,,,,,,,,,,,2005.35,23.96405752
,,,,,,,,,,,,,2005.6,23.96659239
,,,,,,,,,,,,,2005.85,23.96912727
,,,,,,,,,,,,,2006.1,23.97166214
,,,,,,,,,,,,,2006.35,23.97419701
,,,,,,,,,,,,,2006.6,23.97673188
,,,,,,,,,,,,,2006.85,23.97926676
,,,,,,,,,,,,,2007.1,23.98180163
,,,,,,,,,,,,,2007.35,23.9843365
,,,,,,,,,,,,,2007.6,23.98687138
,,,,,,,,,,,,,2007.85,23.98940625
,,,,,,,,,,,,,2008.1,23.99194112
,,,,,,,,,,,,,2008.35,23.994476
,,,,,,,,,,,,,2008.6,23.99701087
,,,,,,,,,,,,,2008.85,23.99954574
,,,,,,,,,,,,,2009.1,24.00208061
,,,,,,,,,,,,,2009.35,24.00461549
,,,,,,,,,,,,,2009.6,24.00715036
,,,,,,,,,,,,,2009.85,24.00968523
,,,,,,,,,,,,,2010.1,24.01222011
,,,,,,,,,,,,,2010.35,24.01475498
,,,,,,,,,,,,,2010.85,24.01982472
,,,,,,,,,,,,,2011.1,24.0223596
,,,,,,,,,,,,,2011.35,24.02489447
,,,,,,,,,,,,,2011.6,24.02742934
,,,,,,,,,,,,,2012.35,24.03503396
,,,,,,,,,,,,,2012.85,24.04010371
,,,,,,,,,,,,,2013.1,24.04263858
,,,,,,,,,,,,,2013.35,24.04517345
,,,,,,,,,,,,,2013.6,24.04770833
,,,,,,,,,,,,,2013.85,24.0502432
,,,,,,,,,,,,,2014.1,24.05277807
,,,,,,,,,,,,,2014.35,24.05531295
,,,,,,,,,,,,,2014.6,24.05784782
,,,,,,,,,,,,,2015.1,24.06291756
,,,,,,,,,,,,,2015.6,24.06795855
,,,,,,,,,,,,,2015.85,24.07047904
,,,,,,,,,,,,,2016.1,24.07299953
,,,,,,,,,,,,,2016.35,24.07552002
,,,,,,,,,,,,,2016.6,24.07804051
,,,,,,,,,,,,,2016.85,24.080561
,,,,,,,,,,,,,2017.1,24.0830815
,,,,,,,,,,,,,2017.35,24.08560199
,,,,,,,,,,,,,2017.6,24.08812248
,,,,,,,,,,,,,2017.85,24.09064297
,,,,,,,,,,,,,2018.1,24.09316346
,,,,,,,,,,,,,2018.35,24.09568395
,,,,,,,,,,,,,2018.6,24.09820444
,,,,,,,,,,,,,2018.85,24.10072494
,,,,,,,,,,,,,2019.1,24.10324543
,,,,,,,,,,,,,2019.35,24.10576592
,,,,,,,,,,,,,2019.6,24.10828641
,,,,,,,,,,,,,2019.85,24.1108069
,,,,,,,,,,,,,2020.1,24.11332739
,,,,,,,,,,,,,2020.35,24.11584788
,,,,,,,,,,,,,2020.6,24.11836838
,,,,,,,,,,,,,2021.1,24.12088887
,,,,,,,,,,,,,2021.35,24.12340936
,,,,,,,,,,,,,2021.6,24.12592985
,,,,,,,,,,,,,2021.85,24.13097083
,,,,,,,,,,,,,2022.1,24.13349132
,,,,,,,,,,,,,2022.35,24.13601182
,,,,,,,,,,,,,2022.6,24.13853231
,,,,,,,,,,,,,2022.85,24.1410528
,,,,,,,,,,,,,2023.1,24.14357329
,,,,,,,,,,,,,2023.6,24.14861427
,,,,,,,,,,,,,2023.85,24.15113476
,,,,,,,,,,,,,2024.1,24.15365526
,,,,,,,,,,,,,2024.6,24.15869624
,,,,,,,,,,,,,2024.85,24.16121673
,,,,,,,,,,,,,2026.35,24.17633968
,,,,,,,,,,,,,2026.85,24.18138066
,,,,,,,,,,,,,2027.35,24.18642164
,,,,,,,,,,,,,2027.6,24.18894214
,,,,,,,,,,,,,2027.85,24.19146263
,,,,,,,,,,,,,2028.1,24.19398312
,,,,,,,,,,,,,2028.35,24.19650361
,,,,,,,,,,,,,2028.85,24.20154459
,,,,,,,,,,,,,2029.1,24.20406508
,,,,,,,,,,,,,2029.35,24.20658558
,,,,,,,,,,,,,2029.6,24.20910607
,,,,,,,,,,,,,2029.85,24.21162656
,,,,,,,,,,,,,2030.1,24.21414705
,,,,,,,,,,,,,2030.35,24.21666754
,,,,,,,,,,,,,2030.6,24.21918803
,,,,,,,,,,,,,2030.85,24.22170852
,,,,,,,,,,,,,2031.1,24.22422902
,,,,,,,,,,,,,2031.35,24.22674951
,,,,,,,,,,,,,2031.6,24.22927
,,,,,,,,,,,,,2031.85,24.23179049
,,,,,,,,,,,,,2032.1,24.23431098
,,,,,,,,,,,,,2032.35,24.23683147
,,,,,,,,,,,,,2032.6,24.23935196
,,,,,,,,,,,,,2032.85,24.24187246
,,,,,,,,,,,,,2033.1,24.24439295
,,,,,,,,,,,,,2033.35,24.24691344
,,,,,,,,,,,,,2033.6,24.24943393
,,,,,,,,,,,,,2033.85,24.25195442
,,,,,,,,,,,,,2034.1,24.25447491
,,,,,,,,,,,,,2034.35,24.2569954
,,,,,,,,,,,,,2034.6,24.2595159
,,,,,,,,,,,,,2034.85,24.26203639
,,,,,,,,,,,,,2035.1,24.26455688
,,,,,,,,,,,,,2035.35,24.26716269
,,,,,,,,,,,,,2035.85,24.2723743
,,,,,,,,,,,,,2036.1,24.27498011
,,,,,,,,,,,,,2036.35,24.27758592
,,,,,,,,,,,,,2036.6,24.28019173
,,,,,,,,,,,,,2036.85,24.28279754
,,,,,,,,,,,,,2037.1,24.28540334
,,,,,,,,,,,,,2037.35,24.28800915
,,,,,,,,,,,,,2037.6,24.29061496
,,,,,,,,,,,,,2037.85,24.29322077
,,,,,,,,,,,,,2038.1,24.29582658
,,,,,,,,,,,,,2038.6,24.30103819
,,,,,,,,,,,,,2038.85,24.303644
,,,,,,,,,,,,,2039.1,24.30624981
,,,,,,,,,,,,,2039.35,24.30885562
,,,,,,,,,,,,,2039.6,24.31146142
,,,,,,,,,,,,,2039.85,24.31406723
,,,,,,,,,,,,,2040.1,24.31667304
,,,,,,,,,,,,,2040.35,24.31927885
,,,,,,,,,,,,,2040.6,24.32188466
,,,,,,,,,,,,,2040.85,24.32449047
,,,,,,,,,,,,,2041.1,24.32709627
,,,,,,,,,,,,,2041.35,24.32970208
,,,,,,,,,,,,,2041.6,24.33230789
,,,,,,,,,,,,,2041.85,24.3349137
,,,,,,,,,,,,,2042.1,24.33751951
,,,,,,,,,,,,,2042.35,24.34012531
,,,,,,,,,,,,,2042.6,24.34273112
,,,,,,,,,,,,,2042.85,24.34533693
,,,,,,,,,,,,,2043.1,24.34794274
,,,,,,,,,,,,,2043.35,24.35054855
,,,,,,,,,,,,,2043.6,24.35315435
,,,,,,,,,,,,,2043.85,24.35576016
,,,,,,,,,,,,,2044.1,24.35836597
,,,,,,,,,,,,,2044.35,24.36097178
,,,,,,,,,,,,,2044.6,24.36357759
,,,,,,,,,,,,,2044.85,24.36618339
,,,,,,,,,,,,,2045.1,24.3687892
,,,,,,,,,,,,,2045.35,24.37139501
,,,,,,,,,,,,,2045.6,24.37400082
,,,,,,,,,,,,,2045.85,24.37660663
,,,,,,,,,,,,,2046.1,24.37921244
,,,,,,,,,,,,,2046.35,24.38181824
,,,,,,,,,,,,,2046.6,24.38442405
,,,,,,,,,,,,,2046.85,24.38702986
,,,,,,,,,,,,,2047.35,24.39224148
,,,,,,,,,,,,,2047.6,24.39484728
,,,,,,,,,,,,,2047.85,24.39745309
,,,,,,,,,,,,,2048.1,24.4000589
,,,,,,,,,,,,,2048.35,24.40266471
,,,,,,,,,,,,,2048.6,24.40527052
,,,,,,,,,,,,,2048.85,24.40787632
,,,,,,,,,,,,,2049.1,24.41048213
,,,,,,,,,,,,,2049.35,24.41308794
,,,,,,,,,,,,,2049.6,24.41569375
,,,,,,,,,,,,,2049.85,24.41829956
,,,,,,,,,,,,,2050.1,24.42090536
,,,,,,,,,,,,,2050.35,24.42351117
,,,,,,,,,,,,,2050.6,24.42611698
,,,,,,,,,,,,,2050.85,24.42872279
,,,,,,,,,,,,,2051.1,24.4313286
,,,,,,,,,,,,,2051.35,24.4339344
,,,,,,,,,,,,,2051.6,24.43654021
,,,,,,,,,,,,,2051.85,24.43914602
,,,,,,,,,,,,,2052.1,24.44175183
,,,,,,,,,,,,,2052.35,24.44435764
,,,,,,,,,,,,,2052.6,24.44696345
,,,,,,,,,,,,,2052.85,24.44956925
,,,,,,,,,,,,,2053.1,24.45217506
,,,,,,,,,,,,,2053.35,24.45478087
,,,,,,,,,,,,,2053.6,24.45738668
,,,,,,,,,,,,,2053.85,24.45999249
,,,,,,,,,,,,,2054.1,24.46259829
,,,,,,,,,,,,,2054.35,24.4652041
,,,,,,,,,,,,,2054.6,24.46780991
,,,,,,,,,,,,,2054.85,24.47041572
,,,,,,,,,,,,,2055.1,24.47302153
,,,,,,,,,,,,,2056.1,24.48288682
,,,,,,,,,,,,,2056.35,24.48535314
,,,,,,,,,,,,,2056.6,24.48781946
,,,,,,,,,,,,,2056.85,24.49028578
,,,,,,,,,,,,,2057.1,24.49275211
,,,,,,,,,,,,,2057.35,24.49521843
,,,,,,,,,,,,,2057.6,24.49768475
,,,,,,,,,,,,,2057.85,24.50015107
,,,,,,,,,,,,,2058.1,24.50261739
,,,,,,,,,,,,,2058.35,24.50508372
,,,,,,,,,,,,,2058.6,24.50755004
,,,,,,,,,,,,,2058.85,24.51001636
,,,,,,,,,,,,,2059.1,24.51248268
,,,,,,,,,,,,,2059.35,24.51494901
,,,,,,,,,,,,,2059.6,24.51741533
,,,,,,,,,,,,,2059.85,24.51988165
,,,,,,,,,,,,,2060.1,24.52234797
,,,,,,,,,,,,,2060.35,24.5248143
,,,,,,,,,,,,,2061.35,24.53467959
,,,,,,,,,,,,,2061.6,24.53714591
,,,,,,,,,,,,,2061.85,24.53961223
,,,,,,,,,,,,,2062.1,24.54207855
,,,,,,,,,,,,,2062.35,24.54454487
,,,,,,,,,,,,,2062.6,24.5470112
,,,,,,,,,,,,,2062.85,24.54947752
,,,,,,,,,,,,,2063.1,24.55194384
,,,,,,,,,,,,,2063.35,24.55441016
,,,,,,,,,,,,,2063.6,24.55687649
,,,,,,,,,,,,,2063.85,24.55934281
,,,,,,,,,,,,,2064.1,24.56180913
,,,,,,,,,,,,,2064.35,24.56427545
,,,,,,,,,,,,,2064.6,24.56674178
,,,,,,,,,,,,,2064.85,24.5692081
,,,,,,,,,,,,,2065.1,24.57167442
,,,,,,,,,,,,,2065.35,24.57414074
,,,,,,,,,,,,,2065.6,24.57660707
,,,,,,,,,,,,,2065.85,24.57907339
,,,,,,,,,,,,,2066.1,24.58153971
,,,,,,,,,,,,,2066.35,24.58400603
,,,,,,,,,,,,,2066.6,24.58647235
,,,,,,,,,,,,,2066.85,24.58893868
,,,,,,,,,,,,,2067.1,24.591405
,,,,,,,,,,,,,2067.35,24.59387132
,,,,,,,,,,,,,2067.6,24.59633764
,,,,,,,,,,,,,2067.85,24.59880397
,,,,,,,,,,,,,2068.1,24.60127029
,,,,,,,,,,,,,2068.35,24.60373661
,,,,,,,,,,,,,2068.6,24.60620293
,,,,,,,,,,,,,2068.85,24.60866926
,,,,,,,,,,,,,2069.1,24.61113558
,,,,,,,,,,,,,2069.35,24.6136019
,,,,,,,,,,,,,2069.6,24.61606822
,,,,,,,,,,,,,2069.85,24.61853455
,,,,,,,,,,,,,2070.35,24.62346719
,,,,,,,,,,,,,2070.6,24.62593351
,,,,,,,,,,,,,2070.85,24.62839983
,,,,,,,,,,,,,2071.1,24.63086616
,,,,,,,,,,,,,2071.35,24.63333248
,,,,,,,,,,,,,2071.6,24.6357988
,,,,,,,,,,,,,2071.85,24.63826512
,,,,,,,,,,,,,2072.1,24.64073145
,,,,,,,,,,,,,2072.35,24.64319777
,,,,,,,,,,,,,2072.6,24.64566409
,,,,,,,,,,,,,2072.85,24.64813041
,,,,,,,,,,,,,2073.1,24.65059674
,,,,,,,,,,,,,2073.35,24.65306306
,,,,,,,,,,,,,2073.6,24.65552938
,,,,,,,,,,,,,2073.85,24.6579957
,,,,,,,,,,,,,2074.1,24.66046203
,,,,,,,,,,,,,2074.35,24.66292835
,,,,,,,,,,,,,2074.6,24.66539467
,,,,,,,,,,,,,2074.85,24.66786099
,,,,,,,,,,,,,2075.1,24.67032731
,,,,,,,,,,,,,2075.35,24.67301886
,,,,,,,,,,,,,2075.6,24.67571041
,,,,,,,,,,,,,2075.85,24.67840195
,,,,,,,,,,,,,2076.1,24.6810935
,,,,,,,,,,,,,2076.35,24.68378504
,,,,,,,,,,,,,2076.6,24.68647659
,,,,,,,,,,,,,2076.85,24.68916813
,,,,,,,,,,,,,2077.1,24.69185968
,,,,,,,,,,,,,2077.35,24.69455122
,,,,,,,,,,,,,2077.6,24.69724277
,,,,,,,,,,,,,2077.85,24.69993432
,,,,,,,,,,,,,2078.1,24.70262586
,,,,,,,,,,,,,2078.35,24.70531741
,,,,,,,,,,,,,2078.6,24.70800895
,,,,,,,,,,,,,2079.1,24.71339204
,,,,,,,,,,,,,2079.35,24.71608359
,,,,,,,,,,,,,2079.6,24.71877513
,,,,,,,,,,,,,2079.85,24.72146668
,,,,,,,,,,,,,2080.1,24.72415823
,,,,,,,,,,,,,2080.35,24.72684977
,,,,,,,,,,,,,2080.6,24.72954132
,,,,,,,,,,,,,2080.85,24.73223286
,,,,,,,,,,,,,2081.1,24.73492441
,,,,,,,,,,,,,2081.35,24.73761595
,,,,,,,,,,,,,2081.6,24.7403075
,,,,,,,,,,,,,2081.85,24.74299904
,,,,,,,,,,,,,2082.1,24.74569059
,,,,,,,,,,,,,2082.35,24.74838213
,,,,,,,,,,,,,2082.85,24.75376523
,,,,,,,,,,,,,2083.1,24.75645677
,,,,,,,,,,,,,2083.35,24.75914832
,,,,,,,,,,,,,2083.6,24.76183986
,,,,,,,,,,,,,2083.85,24.76453141
,,,,,,,,,,,,,2084.1,24.76722295
,,,,,,,,,,,,,2084.35,24.7699145
,,,,,,,,,,,,,2084.6,24.77260604
,,,,,,,,,,,,,2084.85,24.77529759
,,,,,,,,,,,,,2085.1,24.77798914
,,,,,,,,,,,,,2085.35,24.78068068
,,,,,,,,,,,,,2085.6,24.78337223
,,,,,,,,,,,,,2085.85,24.78606377
,,,,,,,,,,,,,2086.1,24.78875532
,,,,,,,,,,,,,2086.35,24.79144686
,,,,,,,,,,,,,2086.6,24.79413841
,,,,,,,,,,,,,2086.85,24.79682995
,,,,,,,,,,,,,2087.1,24.7995215
,,,,,,,,,,,,,2087.35,24.80221305
,,,,,,,,,,,,,2087.6,24.80490459
,,,,,,,,,,,,,2087.85,24.80759614
,,,,,,,,,,,,,2088.85,24.81836232
,,,,,,,,,,,,,2089.1,24.82105386
,,,,,,,,,,,,,2089.35,24.82374541
,,,,,,,,,,,,,2089.6,24.82643695
,,,,,,,,,,,,,2089.85,24.8291285
,,,,,,,,,,,,,2090.1,24.83182005
,,,,,,,,,,,,,2090.35,24.83451159
,,,,,,,,,,,,,2090.6,24.83720314
,,,,,,,,,,,,,2090.85,24.83989468
,,,,,,,,,,,,,2091.1,24.84258623
,,,,,,,,,,,,,2091.35,24.84527777
,,,,,,,,,,,,,2091.6,24.84796932
,,,,,,,,,,,,,2091.85,24.85066086
,,,,,,,,,,,,,2092.1,24.85335241
,,,,,,,,,,,,,2092.35,24.85604396
,,,,,,,,,,,,,2092.6,24.8587355
,,,,,,,,,,,,,2092.85,24.86142705
,,,,,,,,,,,,,2093.1,24.86411859
,,,,,,,,,,,,,2093.35,24.86681014
,,,,,,,,,,,,,2093.6,24.86950168
,,,,,,,,,,,,,2093.85,24.87219323
,,,,,,,,,,,,,2094.1,24.87488477
,,,,,,,,,,,,,2094.35,24.87757632
,,,,,,,,,,,,,2094.6,24.88026787
,,,,,,,,,,,,,2094.85,24.88295941
,,,,,,,,,,,,,2095.1,24.88565096
,,,,,,,,,,,,,2095.35,24.88827311
,,,,,,,,,,,,,2095.6,24.89089526
,,,,,,,,,,,,,2095.85,24.89351741
,,,,,,,,,,,,,2096.1,24.89613956
,,,,,,,,,,,,,2096.35,24.89876171
,,,,,,,,,,,,,2096.6,24.90138386
,,,,,,,,,,,,,2096.85,24.90400601
,,,,,,,,,,,,,2097.1,24.90662817
,,,,,,,,,,,,,2097.6,24.90925032
,,,,,,,,,,,,,2097.85,24.91449462
,,,,,,,,,,,,,2098.1,24.91711677
,,,,,,,,,,,,,2098.35,24.91973892
,,,,,,,,,,,,,2099.1,24.92760538
,,,,,,,,,,,,,2099.6,24.93284968
,,,,,,,,,,,,,2099.85,24.93547183
,,,,,,,,,,,,,2100.45,24.94333828
,,,,,,,,,,,,,2100.7,24.94596043
,,,,,,,,,,,,,2100.95,24.94858259
,,,,,,,,,,,,,2101.2,24.95120474
,,,,,,,,,,,,,2101.45,24.95382689
,,,,,,,,,,,,,2101.7,24.95644904
,,,,,,,,,,,,,2101.95,24.95907119
,,,,,,,,,,,,,2102.2,24.96169334
,,,,,,,,,,,,,2102.45,24.96431549
,,,,,,,,,,,,,2102.7,24.96693764
,,,,,,,,,,,,,2102.95,24.96955979
,,,,,,,,,,,,,2103.2,24.97218195
,,,,,,,,,,,,,2103.45,24.9748041
,,,,,,,,,,,,,2103.7,24.97742625
,,,,,,,,,,,,,2103.95,24.9800484
,,,,,,,,,,,,,2104.2,24.98267055
,,,,,,,,,,,,,2104.45,24.9852927
,,,,,,,,,,,,,2104.7,24.98791485
,,,,,,,,,,,,,2104.95,24.990537
,,,,,,,,,,,,,2105.2,24.99315916
,,,,,,,,,,,,,2105.45,24.99578131
,,,,,,,,,,,,,2105.7,24.99840346
,,,,,,,,,,,,,2105.95,25.00102561
,,,,,,,,,,,,,2106.2,25.00364776
,,,,,,,,,,,,,2106.45,25.00626991
,,,,,,,,,,,,,2106.7,25.00889206
,,,,,,,,,,,,,2106.95,25.01151421
,,,,,,,,,,,,,2107.2,25.01413637
,,,,,,,,,,,,,2107.45,25.01675852
,,,,,,,,,,,,,2107.7,25.01938067
,,,,,,,,,,,,,2107.95,25.02200282
,,,,,,,,,,,,,2108.2,25.02462497
,,,,,,,,,,,,,2108.45,25.02724712
,,,,,,,,,,,,,2108.7,25.02986927
,,,,,,,,,,,,,2108.95,25.03249142
,,,,,,,,,,,,,2109.2,25.03511357
,,,,,,,,,,,,,2109.45,25.03773573
,,,,,,,,,,,,,2109.7,25.04035788
,,,,,,,,,,,,,2109.95,25.04298003
,,,,,,,,,,,,,2110.2,25.04560218
,,,,,,,,,,,,,2110.45,25.04822433
,,,,,,,,,,,,,2110.7,25.05084648
,,,,,,,,,,,,,2110.95,25.05346863
,,,,,,,,,,,,,2111.2,25.05609078
,,,,,,,,,,,,,2111.45,25.05871294
,,,,,,,,,,,,,2111.7,25.06133509
,,,,,,,,,,,,,2111.95,25.06395724
,,,,,,,,,,,,,2112.2,25.06657939
,,,,,,,,,,,,,2112.45,25.06920154
,,,,,,,,,,,,,2112.7,25.07182369
,,,,,,,,,,,,,2112.95,25.07444584
,,,,,,,,,,,,,2113.2,25.07706799
,,,,,,,,,,,,,2113.45,25.07969015
,,,,,,,,,,,,,2113.7,25.0823123
,,,,,,,,,,,,,2113.95,25.08493445
,,,,,,,,,,,,,2114.2,25.0875566
,,,,,,,,,,,,,2114.45,25.09017875
,,,,,,,,,,,,,2114.7,25.0928009
,,,,,,,,,,,,,2114.95,25.09542305
,,,,,,,,,,,,,2115.2,25.09811762
,,,,,,,,,,,,,2115.45,25.10081219
,,,,,,,,,,,,,2115.7,25.10350676
,,,,,,,,,,,,,2115.95,25.10620133
,,,,,,,,,,,,,2116.2,25.10889591
,,,,,,,,,,,,,2116.45,25.11159048
,,,,,,,,,,,,,2116.7,25.11428505
,,,,,,,,,,,,,2116.95,25.11697962
,,,,,,,,,,,,,2117.2,25.11967419
,,,,,,,,,,,,,2117.45,25.12236876
,,,,,,,,,,,,,2117.7,25.12506333
,,,,,,,,,,,,,2117.95,25.1277579
,,,,,,,,,,,,,2118.2,25.13045247
,,,,,,,,,,,,,2118.45,25.13314704
,,,,,,,,,,,,,2118.7,25.13584161
,,,,,,,,,,,,,2118.95,25.13853618
,,,,,,,,,,,,,2119.2,25.14123075
,,,,,,,,,,,,,2119.45,25.14392532
,,,,,,,,,,,,,2119.7,25.14661989
,,,,,,,,,,,,,2119.95,25.14931446
,,,,,,,,,,,,,2120.2,25.15200904
,,,,,,,,,,,,,2120.45,25.15470361
,,,,,,,,,,,,,2120.7,25.15739818
,,,,,,,,,,,,,2120.95,25.16009275
,,,,,,,,,,,,,2121.2,25.16278732
,,,,,,,,,,,,,2121.45,25.16548189
,,,,,,,,,,,,,2121.7,25.16817646
,,,,,,,,,,,,,2121.95,25.17087103
,,,,,,,,,,,,,2122.2,25.1735656
,,,,,,,,,,,,,2122.45,25.17626017
,,,,,,,,,,,,,2122.7,25.17895474
,,,,,,,,,,,,,2122.95,25.18164931
,,,,,,,,,,,,,2123.2,25.18434388
,,,,,,,,,,,,,2123.45,25.18703845
,,,,,,,,,,,,,2123.7,25.18973302
,,,,,,,,,,,,,2123.95,25.1924276
,,,,,,,,,,,,,2124.2,25.19512217
,,,,,,,,,,,,,2124.45,25.19781674
,,,,,,,,,,,,,2124.7,25.20051131
,,,,,,,,,,,,,2124.95,25.20320588
,,,,,,,,,,,,,2125.2,25.20590045
,,,,,,,,,,,,,2125.45,25.20859502
,,,,,,,,,,,,,2125.7,25.21128959
,,,,,,,,,,,,,2125.95,25.21398416
,,,,,,,,,,,,,2126.2,25.21667873
,,,,,,,,,,,,,2126.45,25.2193733
,,,,,,,,,,,,,2126.7,25.22206787
,,,,,,,,,,,,,2126.95,25.22476244
,,,,,,,,,,,,,2127.2,25.22745701
,,,,,,,,,,,,,2127.45,25.23015158
,,,,,,,,,,,,,2127.7,25.23284615
,,,,,,,,,,,,,2127.95,25.23554073
,,,,,,,,,,,,,2128.2,25.2382353
,,,,,,,,,,,,,2128.45,25.24092987
,,,,,,,,,,,,,2128.7,25.24362444
,,,,,,,,,,,,,2128.95,25.24631901
,,,,,,,,,,,,,2129.2,25.24901358
,,,,,,,,,,,,,2129.45,25.25170815
,,,,,,,,,,,,,2129.7,25.25440272
,,,,,,,,,,,,,2129.95,25.25709729
,,,,,,,,,,,,,2130.2,25.25979186
,,,,,,,,,,,,,2130.45,25.26248643
,,,,,,,,,,,,,2130.7,25.265181
,,,,,,,,,,,,,2130.95,25.26787557
,,,,,,,,,,,,,2131.2,25.27057014
,,,,,,,,,,,,,2131.45,25.27326471
,,,,,,,,,,,,,2131.7,25.27595929
,,,,,,,,,,,,,2131.95,25.27865386
,,,,,,,,,,,,,2132.2,25.28134843
,,,,,,,,,,,,,2132.45,25.284043
,,,,,,,,,,,,,2132.7,25.28673757
,,,,,,,,,,,,,2132.95,25.28943214
,,,,,,,,,,,,,2133.2,25.29212671
,,,,,,,,,,,,,2133.45,25.29482128
,,,,,,,,,,,,,2133.7,25.29751585
,,,,,,,,,,,,,2133.95,25.30021042
,,,,,,,,,,,,,2134.2,25.30290499
,,,,,,,,,,,,,2134.45,25.30559956
,,,,,,,,,,,,,2134.7,25.30829413
,,,,,,,,,,,,,2134.95,25.3109887
,,,,,,,,,,,,,2135.2,25.31378009
,,,,,,,,,,,,,2135.45,25.31657147
,,,,,,,,,,,,,2135.7,25.31936285
,,,,,,,,,,,,,2135.95,25.32215423
,,,,,,,,,,,,,2136.2,25.32494561
,,,,,,,,,,,,,2136.45,25.327737
,,,,,,,,,,,,,2136.7,25.33052838
,,,,,,,,,,,,,2136.95,25.33331976
,,,,,,,,,,,,,2137.2,25.33611114
,,,,,,,,,,,,,2137.45,25.33890252
,,,,,,,,,,,,,2137.7,25.34169391
,,,,,,,,,,,,,2137.95,25.34448529
,,,,,,,,,,,,,2138.2,25.34727667
,,,,,,,,,,,,,2138.45,25.35006805
,,,,,,,,,,,,,2138.7,25.35285943
,,,,,,,,,,,,,2138.95,25.35565082
,,,,,,,,,,,,,2139.2,25.3584422
,,,,,,,,,,,,,2139.45,25.36123358
,,,,,,,,,,,,,2139.7,25.36402496
,,,,,,,,,,,,,2139.95,25.36681634
,,,,,,,,,,,,,2140.2,25.36960773
,,,,,,,,,,,,,2140.45,25.37239911
,,,,,,,,,,,,,2140.7,25.37519049
,,,,,,,,,,,,,2140.95,25.37798187
,,,,,,,,,,,,,2141.2,25.38077325
,,,,,,,,,,,,,2141.45,25.38356464
,,,,,,,,,,,,,2141.7,25.38635602
,,,,,,,,,,,,,2141.95,25.3891474
,,,,,,,,,,,,,2142.2,25.39193878
,,,,,,,,,,,,,2142.45,25.39473016
,,,,,,,,,,,,,2142.7,25.39752155
,,,,,,,,,,,,,2142.95,25.40031293
,,,,,,,,,,,,,2143.2,25.40310431
,,,,,,,,,,,,,2143.45,25.40589569
,,,,,,,,,,,,,2143.7,25.40868707
,,,,,,,,,,,,,2143.95,25.41147846
,,,,,,,,,,,,,2144.2,25.41426984
,,,,,,,,,,,,,2144.45,25.41706122
,,,,,,,,,,,,,2144.7,25.4198526
,,,,,,,,,,,,,2144.95,25.42264399
,,,,,,,,,,,,,2145.2,25.42543537
,,,,,,,,,,,,,2145.45,25.42822675
,,,,,,,,,,,,,2145.7,25.43101813
,,,,,,,,,,,,,2145.95,25.43380951
,,,,,,,,,,,,,2146.2,25.4366009
,,,,,,,,,,,,,2146.45,25.43939228
,,,,,,,,,,,,,2146.7,25.44218366
,,,,,,,,,,,,,2146.95,25.44497504
,,,,,,,,,,,,,2147.2,25.44776642
,,,,,,,,,,,,,2147.45,25.45055781
,,,,,,,,,,,,,2147.7,25.45334919
,,,,,,,,,,,,,2147.95,25.45614057
,,,,,,,,,,,,,2148.2,25.45893195
,,,,,,,,,,,,,2148.45,25.46172333
,,,,,,,,,,,,,2148.7,25.46451472
,,,,,,,,,,,,,2148.95,25.4673061
,,,,,,,,,,,,,2149.2,25.47009748
,,,,,,,,,,,,,2149.45,25.47288886
,,,,,,,,,,,,,2149.7,25.47568024
,,,,,,,,,,,,,2149.95,25.47847163
,,,,,,,,,,,,,2150.2,25.48126301
,,,,,,,,,,,,,2150.45,25.48405439
,,,,,,,,,,,,,2150.7,25.48684577
,,,,,,,,,,,,,2150.95,25.48963715
,,,,,,,,,,,,,2151.2,25.49242854
,,,,,,,,,,,,,2151.45,25.49521992
,,,,,,,,,,,,,2151.7,25.4980113
,,,,,,,,,,,,,2151.95,25.50080268
,,,,,,,,,,,,,2152.2,25.50359406
,,,,,,,,,,,,,2152.45,25.50638545
,,,,,,,,,,,,,2152.7,25.50917683
,,,,,,,,,,,,,2152.95,25.51196821
,,,,,,,,,,,,,2153.2,25.51475959
,,,,,,,,,,,,,2153.45,25.51755097
,,,,,,,,,,,,,2153.7,25.52034236
,,,,,,,,,,,,,2153.95,25.52313374
,,,,,,,,,,,,,2154.2,25.52592512
,,,,,,,,,,,,,2154.45,25.5287165
,,,,,,,,,,,,,2154.7,25.53150788
,,,,,,,,,,,,,2155.2,25.53901999
,,,,,,,,,,,,,2155.45,25.54374071
,,,,,,,,,,,,,2155.7,25.54846143
,,,,,,,,,,,,,2155.95,25.55318215
,,,,,,,,,,,,,2156.2,25.55790288
,,,,,,,,,,,,,2156.45,25.5626236
,,,,,,,,,,,,,2156.7,25.56734432
,,,,,,,,,,,,,2156.95,25.57206504
,,,,,,,,,,,,,2157.2,25.57678576
,,,,,,,,,,,,,2157.45,25.58150649
